Date,Open,High,Low,Close,Volume
2024-01-26 09:30:00,44.17,45.41,43.8,44.76,4112108
2024-01-26 09:31:00,44.74,44.78,43.99,44.3,1594122
2024-01-26 09:32:00,44.3,44.35,43.93,44.18,1227305
2024-01-26 09:33:00,44.18,44.47,44.12,44.34,863672
2024-01-26 09:34:00,44.34,44.95,44.33,44.61,1020333
2024-01-26 09:35:00,44.61,44.63,44.01,44.02,933025
2024-01-26 09:36:00,44.02,44.08,43.78,43.8,1667330
2024-01-26 09:37:00,43.79,44.13,43.75,44.03,1142624
2024-01-26 09:38:00,44.02,44.07,43.81,44.05,821288
2024-01-26 09:39:00,44.05,44.19,43.94,44.07,794042
2024-01-26 09:40:00,44.07,44.08,43.97,43.98,680552
2024-01-26 09:41:00,43.99,44.04,43.81,43.98,605965
2024-01-26 09:42:00,43.98,44.07,43.91,44.03,429863
2024-01-26 09:43:00,43.99,44.08,43.96,43.97,515614
2024-01-26 09:44:00,43.97,43.98,43.82,43.86,568545
2024-01-26 09:45:00,43.86,43.94,43.7,43.7,1017732
2024-01-26 09:46:00,43.71,43.71,43.5,43.51,1493314
2024-01-26 09:47:00,43.51,43.69,43.5,43.65,1147086
2024-01-26 09:48:00,43.66,43.67,43.52,43.53,541019
2024-01-26 09:49:00,43.52,43.65,43.45,43.65,1225490
2024-01-26 09:50:00,43.65,43.7,43.46,43.51,578758
2024-01-26 09:51:00,43.51,43.58,43.49,43.53,586238
2024-01-26 09:52:00,43.54,43.61,43.5,43.57,656826
2024-01-26 09:53:00,43.58,43.58,43.5,43.58,505643
2024-01-26 09:54:00,43.57,43.57,43.49,43.5,654609
2024-01-26 09:55:00,43.5,43.51,43.35,43.46,932303
2024-01-26 09:56:00,43.44,43.55,43.42,43.47,800671
2024-01-26 09:57:00,43.47,43.51,43.41,43.43,373339
2024-01-26 09:58:00,43.43,43.83,43.42,43.79,795181
2024-01-26 09:59:00,43.8,43.87,43.69,43.82,630191
2024-01-26 10:00:00,43.82,43.97,43.79,43.96,646548
2024-01-26 10:01:00,43.96,43.96,43.75,43.92,463052
2024-01-26 10:02:00,43.91,43.94,43.76,43.84,335608
2024-01-26 10:03:00,43.84,43.85,43.67,43.68,316394
2024-01-26 10:04:00,43.67,43.69,43.57,43.64,483813
2024-01-26 10:05:00,43.65,43.74,43.62,43.72,371380
2024-01-26 10:06:00,43.72,43.72,43.57,43.68,522507
2024-01-26 10:07:00,43.67,43.84,43.55,43.76,644082
2024-01-26 10:08:00,43.76,43.95,43.75,43.9,562237
2024-01-26 10:09:00,43.91,43.95,43.86,43.87,344182
2024-01-26 10:10:00,43.87,43.97,43.86,43.95,370352
2024-01-26 10:11:00,43.94,44.04,43.89,43.9,619977
2024-01-26 10:12:00,43.9,43.94,43.66,43.91,455959
2024-01-26 10:13:00,43.91,43.97,43.8,43.94,330580
2024-01-26 10:14:00,43.94,44.04,43.9,44.04,425039
2024-01-26 10:15:00,44.04,44.04,43.97,44.03,369432
2024-01-26 10:16:00,44.03,44.03,43.97,43.98,301893
2024-01-26 10:17:00,43.98,43.99,43.83,43.86,287185
2024-01-26 10:18:00,43.86,43.87,43.8,43.8,280571
2024-01-26 10:19:00,43.81,43.82,43.75,43.82,364373
2024-01-26 10:20:00,43.82,43.9,43.81,43.86,238375
2024-01-26 10:21:00,43.86,43.95,43.85,43.95,260386
2024-01-26 10:22:00,43.95,44.05,43.93,44.05,338095
2024-01-26 10:23:00,44.05,44.05,43.91,43.96,260065
2024-01-26 10:24:00,43.96,44.02,43.9,43.95,233107
2024-01-26 10:25:00,43.95,43.96,43.86,43.89,211896
2024-01-26 10:26:00,43.89,43.99,43.88,43.97,237218
2024-01-26 10:27:00,43.96,44.14,43.95,44.11,438727
2024-01-26 10:28:00,44.1,44.15,44.0,44.04,388302
2024-01-26 10:29:00,44.04,44.15,44.03,44.13,236264
2024-01-26 10:30:00,44.13,44.15,44.03,44.04,257604
2024-01-26 10:31:00,44.04,44.08,43.99,44.06,270428
2024-01-26 10:32:00,44.07,44.1,44.02,44.02,201461
2024-01-26 10:33:00,44.02,44.08,44.0,44.05,211459
2024-01-26 10:34:00,44.05,44.08,44.0,44.01,292938
2024-01-26 10:35:00,44.01,44.04,43.91,43.91,296979
2024-01-26 10:36:00,43.92,43.99,43.85,43.96,446279
2024-01-26 10:37:00,43.97,44.02,43.95,44.02,201509
2024-01-26 10:38:00,44.02,44.08,43.99,44.02,274111
2024-01-26 10:39:00,44.01,44.02,43.99,44.01,180562
2024-01-26 10:40:00,44.0,44.02,43.99,44.02,127675
2024-01-26 10:41:00,44.02,44.02,43.99,44.01,175481
2024-01-26 10:42:00,44.01,44.01,44.0,44.01,146918
2024-01-26 10:43:00,44.01,44.1,44.0,44.05,404552
2024-01-26 10:44:00,44.05,44.06,43.99,44.0,157352
2024-01-26 10:45:00,44.01,44.14,43.99,44.11,328692
2024-01-26 10:46:00,44.11,44.14,44.04,44.05,142416
2024-01-26 10:47:00,44.05,44.15,44.04,44.13,171195
2024-01-26 10:48:00,44.13,44.15,44.09,44.15,185703
2024-01-26 10:49:00,44.14,44.17,44.12,44.15,271145
2024-01-26 10:50:00,44.15,44.18,44.11,44.12,209014
2024-01-26 10:51:00,44.11,44.15,44.1,44.12,163619
2024-01-26 10:52:00,44.11,44.15,44.09,44.12,233560
2024-01-26 10:53:00,44.12,44.15,44.11,44.12,176727
2024-01-26 10:54:00,44.12,44.27,44.11,44.27,362536
2024-01-26 10:55:00,44.27,44.37,44.21,44.24,334274
2024-01-26 10:56:00,44.26,44.49,44.25,44.42,334214
2024-01-26 10:57:00,44.41,44.45,44.4,44.4,221169
2024-01-26 10:58:00,44.4,44.43,44.36,44.41,261179
2024-01-26 10:59:00,44.41,44.57,44.4,44.57,346545
2024-01-26 11:00:00,44.56,44.6,44.5,44.51,286944
2024-01-26 11:01:00,44.52,44.53,44.43,44.44,377449
2024-01-26 11:02:00,44.45,44.45,44.27,44.3,246600
2024-01-26 11:03:00,44.3,44.31,44.15,44.21,253415
2024-01-26 11:04:00,44.21,44.21,44.13,44.15,158804
2024-01-26 11:05:00,44.14,44.15,44.12,44.15,108973
2024-01-26 11:06:00,44.15,44.3,44.14,44.29,246591
2024-01-26 11:07:00,44.28,44.31,44.22,44.25,179840
2024-01-26 11:08:00,44.24,44.29,44.23,44.23,97256
2024-01-26 11:09:00,44.24,44.3,44.23,44.27,179734
2024-01-26 11:10:00,44.27,44.28,44.18,44.2,132456
2024-01-26 11:11:00,44.18,44.18,44.15,44.17,136931
2024-01-26 11:12:00,44.18,44.18,44.1,44.14,207372
2024-01-26 11:13:00,44.14,44.16,44.1,44.15,238720
2024-01-26 11:14:00,44.15,44.16,44.1,44.11,143932
2024-01-26 11:15:00,44.11,44.18,44.1,44.18,257803
2024-01-26 11:16:00,44.17,44.2,44.12,44.15,170932
2024-01-26 11:17:00,44.15,44.3,44.15,44.3,230640
2024-01-26 11:18:00,44.3,44.3,44.21,44.26,155826
2024-01-26 11:19:00,44.26,44.3,44.24,44.27,168786
2024-01-26 11:20:00,44.27,44.34,44.22,44.23,198151
2024-01-26 11:21:00,44.23,44.38,44.22,44.3,205760
2024-01-26 11:22:00,44.29,44.33,44.25,44.29,144599
2024-01-26 11:23:00,44.29,44.33,44.25,44.32,216394
2024-01-26 11:24:00,44.33,44.35,44.29,44.3,238294
2024-01-26 11:25:00,44.29,44.4,44.27,44.4,242087
2024-01-26 11:26:00,44.39,44.41,44.34,44.4,216778
2024-01-26 11:27:00,44.4,44.45,44.39,44.4,157623
2024-01-26 11:28:00,44.4,44.44,44.35,44.44,254003
2024-01-26 11:29:00,44.44,44.44,44.39,44.39,176182
2024-01-26 11:30:00,44.4,44.4,44.39,44.4,159054
2024-01-26 11:31:00,44.4,44.4,44.36,44.37,164123
2024-01-26 11:32:00,44.37,44.45,44.36,44.43,230239
2024-01-26 11:33:00,44.42,44.46,44.42,44.45,168445
2024-01-26 11:34:00,44.45,44.45,44.43,44.43,183254
2024-01-26 11:35:00,44.43,44.44,44.43,44.43,94584
2024-01-26 11:36:00,44.43,44.44,44.33,44.34,203832
2024-01-26 11:37:00,44.33,44.34,44.2,44.2,132727
2024-01-26 11:38:00,44.21,44.21,44.07,44.08,317712
2024-01-26 11:39:00,44.08,44.1,44.05,44.05,211729
2024-01-26 11:40:00,44.05,44.09,44.03,44.08,216422
2024-01-26 11:41:00,44.09,44.09,44.05,44.06,121318
2024-01-26 11:42:00,44.06,44.09,44.05,44.09,88506
2024-01-26 11:43:00,44.09,44.15,44.08,44.09,182464
2024-01-26 11:44:00,44.09,44.16,44.09,44.15,112642
2024-01-26 11:45:00,44.15,44.18,44.13,44.16,130249
2024-01-26 11:46:00,44.17,44.23,44.16,44.23,175816
2024-01-26 11:47:00,44.23,44.36,44.22,44.34,212594
2024-01-26 11:48:00,44.35,44.39,44.33,44.39,94406
2024-01-26 11:49:00,44.39,44.41,44.36,44.38,149903
2024-01-26 11:50:00,44.39,44.43,44.37,44.41,190206
2024-01-26 11:51:00,44.41,44.43,44.36,44.36,124745
2024-01-26 11:52:00,44.37,44.37,44.27,44.27,151698
2024-01-26 11:53:00,44.27,44.28,44.18,44.2,553202
2024-01-26 11:54:00,44.2,44.22,44.11,44.13,211227
2024-01-26 11:55:00,44.13,44.14,44.1,44.13,236057
2024-01-26 11:56:00,44.13,44.15,44.12,44.14,149354
2024-01-26 11:57:00,44.14,44.18,44.13,44.15,157270
2024-01-26 11:58:00,44.14,44.15,44.13,44.14,87626
2024-01-26 11:59:00,44.14,44.22,44.13,44.21,182361
2024-01-26 12:00:00,44.21,44.29,44.17,44.29,156742
2024-01-26 12:01:00,44.29,44.32,44.23,44.25,166519
2024-01-26 12:02:00,44.24,44.29,44.22,44.25,353897
2024-01-26 12:03:00,44.24,44.27,44.2,44.2,107859
2024-01-26 12:04:00,44.2,44.24,44.2,44.22,87650
2024-01-26 12:05:00,44.21,44.22,44.16,44.16,84037
2024-01-26 12:06:00,44.16,44.18,44.13,44.15,217565
2024-01-26 12:07:00,44.15,44.18,44.14,44.16,128426
2024-01-26 12:08:00,44.16,44.17,44.13,44.14,129558
2024-01-26 12:09:00,44.13,44.14,44.1,44.11,123392
2024-01-26 12:10:00,44.11,44.11,44.1,44.1,88736
2024-01-26 12:11:00,44.1,44.18,44.1,44.16,266873
2024-01-26 12:12:00,44.16,44.18,44.11,44.13,409621
2024-01-26 12:13:00,44.13,44.21,44.12,44.2,120842
2024-01-26 12:14:00,44.2,44.21,44.15,44.15,68502
2024-01-26 12:15:00,44.16,44.16,44.13,44.14,68751
2024-01-26 12:16:00,44.13,44.15,44.12,44.12,102537
2024-01-26 12:17:00,44.13,44.13,44.08,44.08,57692
2024-01-26 12:18:00,44.08,44.09,44.04,44.04,117964
2024-01-26 12:19:00,44.05,44.05,44.03,44.04,107690
2024-01-26 12:20:00,44.04,44.04,43.99,43.99,334169
2024-01-26 12:21:00,43.99,43.99,43.92,43.92,255266
2024-01-26 12:22:00,43.93,43.93,43.91,43.91,255571
2024-01-26 12:23:00,43.92,43.92,43.88,43.88,93380
2024-01-26 12:24:00,43.88,43.93,43.86,43.91,425176
2024-01-26 12:25:00,43.91,43.93,43.9,43.92,235125
2024-01-26 12:26:00,43.91,43.92,43.88,43.89,139372
2024-01-26 12:27:00,43.88,43.89,43.85,43.86,125206
2024-01-26 12:28:00,43.86,43.92,43.85,43.91,255285
2024-01-26 12:29:00,43.91,43.92,43.86,43.92,161728
2024-01-26 12:30:00,43.91,43.92,43.86,43.87,145069
2024-01-26 12:31:00,43.87,43.88,43.84,43.86,165058
2024-01-26 12:32:00,43.86,43.87,43.84,43.85,164539
2024-01-26 12:33:00,43.86,43.87,43.85,43.87,74269
2024-01-26 12:34:00,43.86,43.88,43.84,43.87,239339
2024-01-26 12:35:00,43.87,43.87,43.84,43.85,127642
2024-01-26 12:36:00,43.85,43.86,43.79,43.79,263225
2024-01-26 12:37:00,43.79,43.81,43.75,43.77,328279
2024-01-26 12:38:00,43.77,43.77,43.7,43.71,263572
2024-01-26 12:39:00,43.71,43.74,43.65,43.69,570325
2024-01-26 12:40:00,43.69,43.76,43.69,43.75,276423
2024-01-26 12:41:00,43.75,43.81,43.71,43.81,265811
2024-01-26 12:42:00,43.8,43.81,43.74,43.75,213801
2024-01-26 12:43:00,43.75,43.78,43.74,43.76,198464
2024-01-26 12:44:00,43.75,43.79,43.74,43.76,145296
2024-01-26 12:45:00,43.77,43.77,43.72,43.72,107809
2024-01-26 12:46:00,43.72,43.73,43.7,43.71,205141
2024-01-26 12:47:00,43.71,43.72,43.69,43.71,229668
2024-01-26 12:48:00,43.71,43.71,43.62,43.63,223770
2024-01-26 12:49:00,43.62,43.67,43.6,43.61,238060
2024-01-26 12:50:00,43.62,43.62,43.6,43.62,187084
2024-01-26 12:51:00,43.62,43.62,43.54,43.56,317832
2024-01-26 12:52:00,43.57,43.6,43.56,43.58,130898
2024-01-26 12:53:00,43.57,43.62,43.54,43.6,225200
2024-01-26 12:54:00,43.61,43.61,43.54,43.55,174268
2024-01-26 12:55:00,43.55,43.6,43.53,43.55,206350
2024-01-26 12:56:00,43.55,43.57,43.55,43.57,149261
2024-01-26 12:57:00,43.56,43.62,43.56,43.57,316219
2024-01-26 12:58:00,43.58,43.64,43.56,43.6,168419
2024-01-26 12:59:00,43.61,43.64,43.58,43.61,139960
2024-01-26 13:00:00,43.6,43.6,43.55,43.56,113688
2024-01-26 13:01:00,43.55,43.61,43.54,43.57,145089
2024-01-26 13:02:00,43.58,43.65,43.56,43.64,131255
2024-01-26 13:03:00,43.64,43.68,43.6,43.63,193230
2024-01-26 13:04:00,43.63,43.65,43.59,43.65,135862
2024-01-26 13:05:00,43.65,43.66,43.61,43.63,141849
2024-01-26 13:06:00,43.63,43.63,43.61,43.62,128681
2024-01-26 13:07:00,43.62,43.64,43.6,43.6,127163
2024-01-26 13:08:00,43.61,43.61,43.57,43.59,134268
2024-01-26 13:09:00,43.59,43.61,43.59,43.61,112375
2024-01-26 13:10:00,43.61,43.62,43.6,43.61,118239
2024-01-26 13:11:00,43.6,43.61,43.57,43.61,188816
2024-01-26 13:12:00,43.61,43.61,43.58,43.59,128955
2024-01-26 13:13:00,43.59,43.6,43.59,43.59,83449
2024-01-26 13:14:00,43.59,43.6,43.58,43.59,138817
2024-01-26 13:15:00,43.59,43.6,43.58,43.58,164786
2024-01-26 13:16:00,43.59,43.59,43.54,43.55,316383
2024-01-26 13:17:00,43.54,43.54,43.5,43.51,386003
2024-01-26 13:18:00,43.5,43.51,43.41,43.41,722902
2024-01-26 13:19:00,43.41,43.42,43.37,43.41,373268
2024-01-26 13:20:00,43.41,43.47,43.38,43.45,297980
2024-01-26 13:21:00,43.44,43.55,43.4,43.5,321842
2024-01-26 13:22:00,43.49,43.56,43.45,43.55,213498
2024-01-26 13:23:00,43.54,43.55,43.54,43.54,81589
2024-01-26 13:24:00,43.54,43.56,43.51,43.54,202929
2024-01-26 13:25:00,43.54,43.55,43.53,43.53,167001
2024-01-26 13:26:00,43.54,43.62,43.53,43.6,330460
2024-01-26 13:27:00,43.6,43.61,43.56,43.57,114034
2024-01-26 13:28:00,43.57,43.58,43.51,43.52,157190
2024-01-26 13:29:00,43.52,43.56,43.5,43.55,164176
2024-01-26 13:30:00,43.55,43.59,43.53,43.55,157900
2024-01-26 13:31:00,43.55,43.58,43.54,43.55,86916
2024-01-26 13:32:00,43.55,43.55,43.53,43.54,63336
2024-01-26 13:33:00,43.54,43.58,43.53,43.55,98350
2024-01-26 13:34:00,43.55,43.56,43.55,43.55,62485
2024-01-26 13:35:00,43.55,43.58,43.54,43.54,159493
2024-01-26 13:36:00,43.54,43.55,43.52,43.54,174609
2024-01-26 13:37:00,43.54,43.59,43.53,43.59,119202
2024-01-26 13:38:00,43.58,43.59,43.5,43.5,167044
2024-01-26 13:39:00,43.51,43.52,43.5,43.51,133190
2024-01-26 13:40:00,43.5,43.51,43.47,43.48,258053
2024-01-26 13:41:00,43.48,43.54,43.47,43.51,212072
2024-01-26 13:42:00,43.51,43.55,43.5,43.55,146174
2024-01-26 13:43:00,43.54,43.55,43.49,43.5,60415
2024-01-26 13:44:00,43.49,43.5,43.47,43.48,109804
2024-01-26 13:45:00,43.47,43.48,43.45,43.47,102789
2024-01-26 13:46:00,43.47,43.47,43.41,43.42,197149
2024-01-26 13:47:00,43.41,43.43,43.4,43.41,157165
2024-01-26 13:48:00,43.42,43.44,43.41,43.43,107874
2024-01-26 13:49:00,43.43,43.43,43.42,43.43,73870
2024-01-26 13:50:00,43.42,43.47,43.42,43.45,186676
2024-01-26 13:51:00,43.46,43.46,43.44,43.46,60468
2024-01-26 13:52:00,43.45,43.46,43.44,43.45,50946
2024-01-26 13:53:00,43.44,43.46,43.44,43.46,128897
2024-01-26 13:54:00,43.46,43.47,43.45,43.47,79071
2024-01-26 13:55:00,43.47,43.47,43.44,43.44,105076
2024-01-26 13:56:00,43.44,43.48,43.44,43.48,130324
2024-01-26 13:57:00,43.48,43.52,43.47,43.48,124168
2024-01-26 13:58:00,43.48,43.49,43.45,43.46,69612
2024-01-26 13:59:00,43.46,43.47,43.44,43.47,78711
2024-01-26 14:00:00,43.46,43.48,43.45,43.45,81037
2024-01-26 14:01:00,43.46,43.46,43.45,43.45,22488
2024-01-26 14:02:00,43.45,43.46,43.42,43.43,264055
2024-01-26 14:03:00,43.42,43.46,43.42,43.46,164894
2024-01-26 14:04:00,43.46,43.49,43.45,43.45,143450
2024-01-26 14:05:00,43.46,43.46,43.42,43.43,74966
2024-01-26 14:06:00,43.43,43.53,43.41,43.53,242716
2024-01-26 14:07:00,43.53,43.55,43.49,43.51,116495
2024-01-26 14:08:00,43.51,43.51,43.47,43.47,80959
2024-01-26 14:09:00,43.47,43.54,43.46,43.52,229969
2024-01-26 14:10:00,43.52,43.54,43.51,43.51,92331
2024-01-26 14:11:00,43.52,43.52,43.51,43.52,47947
2024-01-26 14:12:00,43.52,43.52,43.46,43.46,102577
2024-01-26 14:13:00,43.47,43.52,43.46,43.5,122058
2024-01-26 14:14:00,43.5,43.52,43.5,43.5,55550
2024-01-26 14:15:00,43.51,43.52,43.5,43.51,54367
2024-01-26 14:16:00,43.52,43.53,43.51,43.52,108597
2024-01-26 14:17:00,43.52,43.53,43.49,43.5,98889
2024-01-26 14:18:00,43.5,43.51,43.48,43.5,133066
2024-01-26 14:19:00,43.5,43.51,43.47,43.48,48321
2024-01-26 14:20:00,43.48,43.51,43.47,43.51,71656
2024-01-26 14:21:00,43.51,43.55,43.5,43.55,130654
2024-01-26 14:22:00,43.55,43.55,43.53,43.55,70832
2024-01-26 14:23:00,43.55,43.64,43.54,43.59,223910
2024-01-26 14:24:00,43.59,43.6,43.56,43.56,69713
2024-01-26 14:25:00,43.57,43.57,43.55,43.55,41892
2024-01-26 14:26:00,43.55,43.56,43.54,43.55,250804
2024-01-26 14:27:00,43.54,43.55,43.51,43.52,72852
2024-01-26 14:28:00,43.52,43.55,43.5,43.51,122949
2024-01-26 14:29:00,43.51,43.51,43.5,43.51,81218
2024-01-26 14:30:00,43.51,43.51,43.47,43.51,126884
2024-01-26 14:31:00,43.51,43.52,43.5,43.51,110025
2024-01-26 14:32:00,43.51,43.51,43.47,43.48,66634
2024-01-26 14:33:00,43.47,43.48,43.46,43.46,51478
2024-01-26 14:34:00,43.46,43.47,43.46,43.46,44363
2024-01-26 14:35:00,43.46,43.48,43.46,43.48,90825
2024-01-26 14:36:00,43.48,43.49,43.47,43.48,96279
2024-01-26 14:37:00,43.48,43.49,43.48,43.49,46498
2024-01-26 14:38:00,43.48,43.49,43.47,43.47,106509
2024-01-26 14:39:00,43.48,43.49,43.47,43.48,97371
2024-01-26 14:40:00,43.48,43.5,43.46,43.47,156042
2024-01-26 14:41:00,43.46,43.48,43.46,43.48,123932
2024-01-26 14:42:00,43.47,43.49,43.47,43.48,153716
2024-01-26 14:43:00,43.48,43.51,43.47,43.51,158179
2024-01-26 14:44:00,43.51,43.56,43.5,43.54,226257
2024-01-26 14:45:00,43.54,43.54,43.51,43.52,45416
2024-01-26 14:46:00,43.51,43.55,43.51,43.54,95168
2024-01-26 14:47:00,43.55,43.55,43.52,43.52,51966
2024-01-26 14:48:00,43.52,43.55,43.52,43.54,111141
2024-01-26 14:49:00,43.54,43.54,43.52,43.52,115037
2024-01-26 14:50:00,43.52,43.56,43.52,43.55,88681
2024-01-26 14:51:00,43.55,43.66,43.55,43.65,309880
2024-01-26 14:52:00,43.65,43.65,43.64,43.65,61664
2024-01-26 14:53:00,43.65,43.66,43.64,43.65,148149
2024-01-26 14:54:00,43.65,43.66,43.64,43.66,129484
2024-01-26 14:55:00,43.66,43.66,43.65,43.65,112632
2024-01-26 14:56:00,43.66,43.66,43.64,43.65,138340
2024-01-26 14:57:00,43.65,43.65,43.64,43.64,44710
2024-01-26 14:58:00,43.64,43.65,43.62,43.63,125193
2024-01-26 14:59:00,43.62,43.63,43.58,43.58,228724
2024-01-26 15:00:00,43.59,43.65,43.58,43.65,174693
2024-01-26 15:01:00,43.65,43.65,43.58,43.59,156097
2024-01-26 15:02:00,43.58,43.59,43.56,43.59,142534
2024-01-26 15:03:00,43.58,43.59,43.55,43.56,179235
2024-01-26 15:04:00,43.56,43.57,43.54,43.56,248457
2024-01-26 15:05:00,43.55,43.56,43.51,43.53,156382
2024-01-26 15:06:00,43.53,43.53,43.52,43.52,137615
2024-01-26 15:07:00,43.52,43.53,43.48,43.48,274459
2024-01-26 15:08:00,43.48,43.49,43.47,43.48,246273
2024-01-26 15:09:00,43.48,43.52,43.47,43.52,180031
2024-01-26 15:10:00,43.52,43.58,43.51,43.58,213612
2024-01-26 15:11:00,43.58,43.58,43.56,43.58,298425
2024-01-26 15:12:00,43.58,43.59,43.57,43.58,154149
2024-01-26 15:13:00,43.59,43.65,43.58,43.63,229539
2024-01-26 15:14:00,43.64,43.7,43.62,43.69,364442
2024-01-26 15:15:00,43.7,43.72,43.68,43.71,221078
2024-01-26 15:16:00,43.72,43.72,43.68,43.72,214387
2024-01-26 15:17:00,43.72,43.73,43.68,43.71,222803
2024-01-26 15:18:00,43.71,43.71,43.66,43.67,134714
2024-01-26 15:19:00,43.66,43.67,43.64,43.64,143126
2024-01-26 15:20:00,43.65,43.69,43.63,43.65,248368
2024-01-26 15:21:00,43.65,43.67,43.63,43.65,152708
2024-01-26 15:22:00,43.65,43.65,43.63,43.63,111853
2024-01-26 15:23:00,43.64,43.69,43.62,43.66,221018
2024-01-26 15:24:00,43.66,43.66,43.63,43.64,87118
2024-01-26 15:25:00,43.64,43.7,43.63,43.66,182184
2024-01-26 15:26:00,43.65,43.66,43.63,43.63,95207
2024-01-26 15:27:00,43.63,43.65,43.63,43.65,125289
2024-01-26 15:28:00,43.65,43.66,43.63,43.63,171287
2024-01-26 15:29:00,43.64,43.68,43.63,43.66,162517
2024-01-26 15:30:00,43.66,43.66,43.64,43.65,146718
2024-01-26 15:31:00,43.65,43.65,43.6,43.62,227727
2024-01-26 15:32:00,43.63,43.63,43.61,43.62,121283
2024-01-26 15:33:00,43.62,43.62,43.58,43.59,178149
2024-01-26 15:34:00,43.59,43.66,43.59,43.62,353923
2024-01-26 15:35:00,43.62,43.62,43.61,43.62,68828
2024-01-26 15:36:00,43.62,43.63,43.6,43.61,182595
2024-01-26 15:37:00,43.61,43.61,43.59,43.59,104555
2024-01-26 15:38:00,43.59,43.61,43.58,43.61,313970
2024-01-26 15:39:00,43.61,43.61,43.59,43.59,114112
2024-01-26 15:40:00,43.6,43.6,43.5,43.51,248411
2024-01-26 15:41:00,43.51,43.59,43.5,43.58,543505
2024-01-26 15:42:00,43.57,43.58,43.53,43.54,212564
2024-01-26 15:43:00,43.54,43.58,43.53,43.57,366895
2024-01-26 15:44:00,43.57,43.59,43.52,43.54,332750
2024-01-26 15:45:00,43.54,43.56,43.53,43.55,381139
2024-01-26 15:46:00,43.55,43.6,43.55,43.59,434781
2024-01-26 15:47:00,43.58,43.64,43.58,43.64,363810
2024-01-26 15:48:00,43.63,43.66,43.63,43.64,410657
2024-01-26 15:49:00,43.64,43.65,43.64,43.65,211129
2024-01-26 15:50:00,43.64,43.66,43.64,43.64,515500
2024-01-26 15:51:00,43.65,43.65,43.64,43.64,200758
2024-01-26 15:52:00,43.65,43.65,43.62,43.62,396196
2024-01-26 15:53:00,43.63,43.64,43.57,43.57,763677
2024-01-26 15:54:00,43.57,43.66,43.57,43.65,877674
2024-01-26 15:55:00,43.66,43.66,43.65,43.65,617764
2024-01-26 15:56:00,43.66,43.66,43.65,43.66,403032
2024-01-26 15:57:00,43.66,43.66,43.65,43.66,544686
2024-01-26 15:58:00,43.66,43.66,43.65,43.66,1050177
2024-01-26 15:59:00,43.66,43.67,43.61,43.63,2023201
2024-01-29 09:30:00,43.77,43.99,43.57,43.8,1282174
2024-01-29 09:31:00,43.8,43.94,43.73,43.84,303350
2024-01-29 09:32:00,43.84,43.86,43.71,43.72,240255
2024-01-29 09:33:00,43.72,43.72,43.62,43.62,310969
2024-01-29 09:34:00,43.63,43.63,43.46,43.57,364405
2024-01-29 09:35:00,43.57,43.9,43.57,43.71,341822
2024-01-29 09:36:00,43.71,43.8,43.71,43.77,164891
2024-01-29 09:37:00,43.76,43.79,43.7,43.76,100666
2024-01-29 09:38:00,43.75,43.76,43.64,43.66,148978
2024-01-29 09:39:00,43.66,43.67,43.56,43.56,191633
2024-01-29 09:40:00,43.57,43.57,43.47,43.55,216638
2024-01-29 09:41:00,43.55,43.65,43.53,43.57,255771
2024-01-29 09:42:00,43.57,43.6,43.53,43.59,95536
2024-01-29 09:43:00,43.59,43.65,43.58,43.6,133525
2024-01-29 09:44:00,43.6,43.66,43.56,43.65,116207
2024-01-29 09:45:00,43.65,43.65,43.55,43.57,149737
2024-01-29 09:46:00,43.56,43.57,43.45,43.46,168403
2024-01-29 09:47:00,43.46,43.46,43.35,43.37,237795
2024-01-29 09:48:00,43.37,43.45,43.35,43.41,184135
2024-01-29 09:49:00,43.41,43.44,43.38,43.43,89940
2024-01-29 09:50:00,43.43,43.47,43.39,43.44,143244
2024-01-29 09:51:00,43.45,43.47,43.4,43.43,127235
2024-01-29 09:52:00,43.42,43.44,43.34,43.35,139425
2024-01-29 09:53:00,43.34,43.35,43.18,43.18,407313
2024-01-29 09:54:00,43.18,43.2,43.15,43.19,321738
2024-01-29 09:55:00,43.19,43.2,43.11,43.13,268417
2024-01-29 09:56:00,43.13,43.18,43.09,43.11,231695
2024-01-29 09:57:00,43.1,43.12,43.06,43.07,206639
2024-01-29 09:58:00,43.07,43.16,43.04,43.11,211984
2024-01-29 09:59:00,43.11,43.15,43.1,43.12,102788
2024-01-29 10:00:00,43.12,43.26,43.12,43.23,323518
2024-01-29 10:01:00,43.23,43.25,43.2,43.2,115256
2024-01-29 10:02:00,43.21,43.21,43.1,43.12,215771
2024-01-29 10:03:00,43.12,43.12,43.04,43.06,167586
2024-01-29 10:04:00,43.07,43.09,43.0,43.0,524579
2024-01-29 10:05:00,43.0,43.01,42.91,42.98,515093
2024-01-29 10:06:00,42.98,43.04,42.93,43.02,261183
2024-01-29 10:07:00,43.02,43.02,42.89,42.94,317609
2024-01-29 10:08:00,42.95,42.95,42.88,42.93,196885
2024-01-29 10:09:00,42.93,42.94,42.87,42.87,175972
2024-01-29 10:10:00,42.87,42.92,42.83,42.9,368272
2024-01-29 10:11:00,42.9,42.94,42.83,42.94,226229
2024-01-29 10:12:00,42.94,43.07,42.92,43.07,240903
2024-01-29 10:13:00,43.07,43.13,43.04,43.13,229078
2024-01-29 10:14:00,43.13,43.14,43.06,43.12,237247
2024-01-29 10:15:00,43.13,43.16,43.07,43.14,197093
2024-01-29 10:16:00,43.14,43.19,43.13,43.16,148260
2024-01-29 10:17:00,43.16,43.22,43.16,43.21,225990
2024-01-29 10:18:00,43.2,43.21,43.14,43.19,127236
2024-01-29 10:19:00,43.18,43.2,43.14,43.15,68135
2024-01-29 10:20:00,43.15,43.15,43.04,43.06,152879
2024-01-29 10:21:00,43.05,43.15,43.05,43.06,133947
2024-01-29 10:22:00,43.05,43.07,43.01,43.02,124268
2024-01-29 10:23:00,43.01,43.12,43.0,43.09,125249
2024-01-29 10:24:00,43.09,43.1,43.03,43.05,92202
2024-01-29 10:25:00,43.04,43.09,43.02,43.09,82658
2024-01-29 10:26:00,43.09,43.1,43.03,43.07,81081
2024-01-29 10:27:00,43.08,43.17,43.07,43.15,97446
2024-01-29 10:28:00,43.16,43.16,43.11,43.12,107402
2024-01-29 10:29:00,43.13,43.19,43.12,43.18,88172
2024-01-29 10:30:00,43.17,43.2,43.15,43.19,82049
2024-01-29 10:31:00,43.19,43.2,43.14,43.15,68519
2024-01-29 10:32:00,43.15,43.19,43.11,43.12,93562
2024-01-29 10:33:00,43.13,43.15,43.08,43.15,114434
2024-01-29 10:34:00,43.15,43.16,43.1,43.12,71754
2024-01-29 10:35:00,43.11,43.14,43.06,43.07,64439
2024-01-29 10:36:00,43.07,43.07,43.02,43.02,121633
2024-01-29 10:37:00,43.02,43.03,42.95,42.99,149722
2024-01-29 10:38:00,42.99,43.01,42.97,42.98,91460
2024-01-29 10:39:00,42.98,43.05,42.98,43.03,81121
2024-01-29 10:40:00,43.03,43.09,43.0,43.0,131024
2024-01-29 10:41:00,43.0,43.04,42.96,43.03,163675
2024-01-29 10:42:00,43.03,43.04,42.91,42.98,129694
2024-01-29 10:43:00,42.98,43.0,42.95,42.99,102693
2024-01-29 10:44:00,42.99,43.0,42.95,42.99,71187
2024-01-29 10:45:00,42.99,42.99,42.95,42.95,93114
2024-01-29 10:46:00,42.95,42.97,42.9,42.91,165486
2024-01-29 10:47:00,42.9,42.91,42.85,42.87,168188
2024-01-29 10:48:00,42.88,42.88,42.85,42.86,130897
2024-01-29 10:49:00,42.86,42.88,42.81,42.88,171173
2024-01-29 10:50:00,42.87,42.88,42.82,42.87,142660
2024-01-29 10:51:00,42.87,42.96,42.86,42.95,119423
2024-01-29 10:52:00,42.95,42.96,42.93,42.94,93297
2024-01-29 10:53:00,42.94,42.94,42.91,42.91,37711
2024-01-29 10:54:00,42.91,42.92,42.9,42.9,70058
2024-01-29 10:55:00,42.9,42.95,42.89,42.91,146070
2024-01-29 10:56:00,42.9,42.92,42.87,42.87,89975
2024-01-29 10:57:00,42.88,42.88,42.85,42.86,82826
2024-01-29 10:58:00,42.85,42.86,42.85,42.86,59481
2024-01-29 10:59:00,42.86,42.91,42.85,42.89,189963
2024-01-29 11:00:00,42.89,42.9,42.84,42.84,63236
2024-01-29 11:01:00,42.85,42.92,42.84,42.89,138276
2024-01-29 11:02:00,42.88,42.89,42.86,42.87,85580
2024-01-29 11:03:00,42.86,42.92,42.86,42.89,121185
2024-01-29 11:04:00,42.88,42.93,42.87,42.93,125800
2024-01-29 11:05:00,42.93,42.94,42.92,42.94,72835
2024-01-29 11:06:00,42.92,42.98,42.92,42.94,193962
2024-01-29 11:07:00,42.95,43.0,42.94,42.96,103774
2024-01-29 11:08:00,42.96,42.99,42.95,42.98,50725
2024-01-29 11:09:00,42.98,43.0,42.95,43.0,110317
2024-01-29 11:10:00,43.0,43.05,42.99,43.04,119231
2024-01-29 11:11:00,43.05,43.05,43.01,43.05,134210
2024-01-29 11:12:00,43.04,43.05,43.01,43.01,83830
2024-01-29 11:13:00,43.02,43.02,42.97,42.98,77429
2024-01-29 11:14:00,42.98,43.01,42.96,43.01,93977
2024-01-29 11:15:00,43.01,43.06,43.0,43.05,128631
2024-01-29 11:16:00,43.06,43.07,43.05,43.07,72092
2024-01-29 11:17:00,43.06,43.12,43.06,43.07,182636
2024-01-29 11:18:00,43.07,43.09,43.06,43.07,101109
2024-01-29 11:19:00,43.07,43.11,43.06,43.11,62216
2024-01-29 11:20:00,43.11,43.15,43.1,43.15,193596
2024-01-29 11:21:00,43.15,43.15,43.07,43.07,82528
2024-01-29 11:22:00,43.07,43.08,43.02,43.02,81444
2024-01-29 11:23:00,43.02,43.04,43.01,43.04,147578
2024-01-29 11:24:00,43.04,43.1,43.03,43.07,109968
2024-01-29 11:25:00,43.07,43.16,43.06,43.16,117624
2024-01-29 11:26:00,43.15,43.17,43.1,43.11,164588
2024-01-29 11:27:00,43.11,43.13,43.1,43.12,58677
2024-01-29 11:28:00,43.12,43.18,43.11,43.16,195044
2024-01-29 11:29:00,43.15,43.21,43.15,43.18,132701
2024-01-29 11:30:00,43.18,43.18,43.12,43.13,98265
2024-01-29 11:31:00,43.13,43.14,43.1,43.11,87603
2024-01-29 11:32:00,43.11,43.11,43.03,43.04,119631
2024-01-29 11:33:00,43.04,43.11,43.03,43.07,92703
2024-01-29 11:34:00,43.07,43.07,43.04,43.04,51634
2024-01-29 11:35:00,43.04,43.05,43.03,43.03,52011
2024-01-29 11:36:00,43.03,43.1,43.03,43.07,92064
2024-01-29 11:37:00,43.08,43.12,43.07,43.09,33870
2024-01-29 11:38:00,43.1,43.14,43.09,43.14,52347
2024-01-29 11:39:00,43.14,43.15,43.13,43.15,36290
2024-01-29 11:40:00,43.15,43.17,43.14,43.16,56481
2024-01-29 11:41:00,43.16,43.22,43.16,43.21,82231
2024-01-29 11:42:00,43.21,43.23,43.18,43.23,95382
2024-01-29 11:43:00,43.23,43.25,43.22,43.23,75347
2024-01-29 11:44:00,43.23,43.3,43.23,43.28,155171
2024-01-29 11:45:00,43.28,43.31,43.28,43.3,80587
2024-01-29 11:46:00,43.3,43.34,43.29,43.32,117675
2024-01-29 11:47:00,43.32,43.36,43.31,43.32,117278
2024-01-29 11:48:00,43.33,43.33,43.25,43.27,87790
2024-01-29 11:49:00,43.27,43.3,43.26,43.29,63256
2024-01-29 11:50:00,43.28,43.28,43.24,43.25,69158
2024-01-29 11:51:00,43.26,43.29,43.23,43.29,39547
2024-01-29 11:52:00,43.29,43.31,43.28,43.31,60532
2024-01-29 11:53:00,43.31,43.31,43.26,43.27,34963
2024-01-29 11:54:00,43.27,43.28,43.27,43.27,24458
2024-01-29 11:55:00,43.27,43.32,43.27,43.3,64930
2024-01-29 11:56:00,43.3,43.32,43.3,43.3,32535
2024-01-29 11:57:00,43.3,43.32,43.3,43.3,45245
2024-01-29 11:58:00,43.3,43.31,43.3,43.3,16420
2024-01-29 11:59:00,43.3,43.31,43.29,43.3,53897
2024-01-29 12:00:00,43.3,43.35,43.29,43.34,57538
2024-01-29 12:01:00,43.35,43.35,43.3,43.3,63713
2024-01-29 12:02:00,43.3,43.33,43.27,43.27,60285
2024-01-29 12:03:00,43.27,43.28,43.25,43.25,56750
2024-01-29 12:04:00,43.25,43.26,43.25,43.26,39009
2024-01-29 12:05:00,43.25,43.28,43.25,43.26,65552
2024-01-29 12:06:00,43.26,43.32,43.25,43.32,56019
2024-01-29 12:07:00,43.32,43.34,43.31,43.33,89692
2024-01-29 12:08:00,43.33,43.36,43.32,43.36,41644
2024-01-29 12:09:00,43.36,43.36,43.32,43.34,69969
2024-01-29 12:10:00,43.34,43.38,43.33,43.38,65676
2024-01-29 12:11:00,43.38,43.41,43.37,43.41,100069
2024-01-29 12:12:00,43.41,43.44,43.39,43.44,67063
2024-01-29 12:13:00,43.44,43.44,43.38,43.41,75986
2024-01-29 12:14:00,43.4,43.42,43.37,43.38,81330
2024-01-29 12:15:00,43.38,43.38,43.32,43.33,81555
2024-01-29 12:16:00,43.33,43.36,43.33,43.36,69871
2024-01-29 12:17:00,43.36,43.42,43.35,43.42,63316
2024-01-29 12:18:00,43.41,43.42,43.38,43.41,66795
2024-01-29 12:19:00,43.41,43.41,43.36,43.37,47664
2024-01-29 12:20:00,43.36,43.37,43.31,43.33,86457
2024-01-29 12:21:00,43.33,43.37,43.32,43.37,49174
2024-01-29 12:22:00,43.36,43.38,43.35,43.36,46626
2024-01-29 12:23:00,43.36,43.41,43.35,43.4,64401
2024-01-29 12:24:00,43.41,43.42,43.36,43.38,118623
2024-01-29 12:25:00,43.39,43.4,43.38,43.4,30008
2024-01-29 12:26:00,43.4,43.41,43.39,43.41,66755
2024-01-29 12:27:00,43.4,43.42,43.38,43.39,51089
2024-01-29 12:28:00,43.38,43.4,43.38,43.39,27720
2024-01-29 12:29:00,43.39,43.4,43.38,43.39,34172
2024-01-29 12:30:00,43.39,43.41,43.38,43.4,74802
2024-01-29 12:31:00,43.41,43.42,43.39,43.4,66350
2024-01-29 12:32:00,43.4,43.41,43.38,43.39,39401
2024-01-29 12:33:00,43.38,43.4,43.38,43.39,35544
2024-01-29 12:34:00,43.4,43.4,43.38,43.4,35260
2024-01-29 12:35:00,43.4,43.41,43.39,43.4,42492
2024-01-29 12:36:00,43.4,43.41,43.39,43.4,53266
2024-01-29 12:37:00,43.4,43.42,43.39,43.41,64983
2024-01-29 12:38:00,43.41,43.42,43.4,43.4,44950
2024-01-29 12:39:00,43.41,43.42,43.4,43.41,41473
2024-01-29 12:40:00,43.41,43.42,43.4,43.41,47979
2024-01-29 12:41:00,43.41,43.42,43.39,43.41,69869
2024-01-29 12:42:00,43.41,43.41,43.39,43.4,58732
2024-01-29 12:43:00,43.4,43.41,43.33,43.34,179768
2024-01-29 12:44:00,43.35,43.35,43.34,43.34,50128
2024-01-29 12:45:00,43.34,43.36,43.34,43.36,54436
2024-01-29 12:46:00,43.36,43.36,43.27,43.27,62372
2024-01-29 12:47:00,43.27,43.3,43.26,43.29,98458
2024-01-29 12:48:00,43.3,43.3,43.28,43.3,31690
2024-01-29 12:49:00,43.3,43.3,43.28,43.28,15875
2024-01-29 12:50:00,43.29,43.32,43.28,43.32,64605
2024-01-29 12:51:00,43.32,43.35,43.32,43.34,42389
2024-01-29 12:52:00,43.34,43.35,43.27,43.29,73019
2024-01-29 12:53:00,43.28,43.29,43.27,43.29,25106
2024-01-29 12:54:00,43.29,43.29,43.27,43.27,29588
2024-01-29 12:55:00,43.28,43.3,43.27,43.3,41909
2024-01-29 12:56:00,43.29,43.3,43.27,43.29,24482
2024-01-29 12:57:00,43.3,43.31,43.29,43.31,36777
2024-01-29 12:58:00,43.31,43.36,43.3,43.32,85285
2024-01-29 12:59:00,43.31,43.33,43.27,43.27,37373
2024-01-29 13:00:00,43.27,43.28,43.25,43.27,55346
2024-01-29 13:01:00,43.27,43.27,43.23,43.23,53920
2024-01-29 13:02:00,43.23,43.24,43.19,43.23,83112
2024-01-29 13:03:00,43.23,43.23,43.2,43.22,36057
2024-01-29 13:04:00,43.21,43.22,43.19,43.21,78147
2024-01-29 13:05:00,43.21,43.24,43.2,43.24,68255
2024-01-29 13:06:00,43.24,43.25,43.22,43.23,28441
2024-01-29 13:07:00,43.23,43.23,43.2,43.22,39142
2024-01-29 13:08:00,43.22,43.24,43.19,43.23,44658
2024-01-29 13:09:00,43.23,43.24,43.19,43.21,67246
2024-01-29 13:10:00,43.2,43.21,43.19,43.2,34249
2024-01-29 13:11:00,43.19,43.21,43.18,43.19,54061
2024-01-29 13:12:00,43.19,43.2,43.15,43.16,55923
2024-01-29 13:13:00,43.17,43.2,43.16,43.19,39985
2024-01-29 13:14:00,43.18,43.19,43.15,43.16,56799
2024-01-29 13:15:00,43.16,43.18,43.15,43.18,76074
2024-01-29 13:16:00,43.18,43.24,43.17,43.23,78053
2024-01-29 13:17:00,43.23,43.24,43.21,43.23,43147
2024-01-29 13:18:00,43.23,43.24,43.22,43.23,34253
2024-01-29 13:19:00,43.22,43.22,43.2,43.2,45538
2024-01-29 13:20:00,43.21,43.22,43.19,43.21,51752
2024-01-29 13:21:00,43.22,43.22,43.2,43.22,29160
2024-01-29 13:22:00,43.22,43.22,43.19,43.2,38468
2024-01-29 13:23:00,43.19,43.2,43.19,43.2,26673
2024-01-29 13:24:00,43.2,43.22,43.19,43.2,151128
2024-01-29 13:25:00,43.2,43.22,43.2,43.22,31466
2024-01-29 13:26:00,43.22,43.22,43.21,43.22,21428
2024-01-29 13:27:00,43.22,43.22,43.17,43.19,76461
2024-01-29 13:28:00,43.19,43.19,43.17,43.18,41854
2024-01-29 13:29:00,43.18,43.18,43.15,43.18,72005
2024-01-29 13:30:00,43.18,43.18,43.15,43.16,32195
2024-01-29 13:31:00,43.16,43.17,43.15,43.16,19608
2024-01-29 13:32:00,43.16,43.17,43.13,43.14,57775
2024-01-29 13:33:00,43.14,43.14,43.1,43.12,68486
2024-01-29 13:34:00,43.12,43.14,43.11,43.14,77493
2024-01-29 13:35:00,43.14,43.16,43.13,43.16,49048
2024-01-29 13:36:00,43.16,43.21,43.15,43.21,56649
2024-01-29 13:37:00,43.21,43.21,43.17,43.18,30666
2024-01-29 13:38:00,43.18,43.18,43.14,43.15,41788
2024-01-29 13:39:00,43.15,43.16,43.12,43.13,35749
2024-01-29 13:40:00,43.13,43.14,43.11,43.13,33440
2024-01-29 13:41:00,43.14,43.16,43.13,43.15,63124
2024-01-29 13:42:00,43.15,43.15,43.13,43.14,29240
2024-01-29 13:43:00,43.14,43.17,43.13,43.16,41284
2024-01-29 13:44:00,43.17,43.17,43.13,43.15,42944
2024-01-29 13:45:00,43.15,43.16,43.14,43.16,42844
2024-01-29 13:46:00,43.16,43.16,43.14,43.15,28278
2024-01-29 13:47:00,43.14,43.15,43.12,43.14,49008
2024-01-29 13:48:00,43.14,43.15,43.13,43.15,40537
2024-01-29 13:49:00,43.15,43.16,43.13,43.14,46072
2024-01-29 13:50:00,43.13,43.14,43.1,43.11,75309
2024-01-29 13:51:00,43.11,43.13,43.1,43.13,58279
2024-01-29 13:52:00,43.13,43.14,43.12,43.14,34283
2024-01-29 13:53:00,43.14,43.14,43.12,43.14,39482
2024-01-29 13:54:00,43.14,43.14,43.1,43.12,51096
2024-01-29 13:55:00,43.12,43.14,43.11,43.14,39729
2024-01-29 13:56:00,43.14,43.14,43.13,43.14,26423
2024-01-29 13:57:00,43.14,43.14,43.12,43.14,37832
2024-01-29 13:58:00,43.14,43.15,43.11,43.15,79606
2024-01-29 13:59:00,43.15,43.15,43.13,43.13,117516
2024-01-29 14:00:00,43.12,43.13,43.12,43.13,15688
2024-01-29 14:01:00,43.12,43.15,43.11,43.14,60697
2024-01-29 14:02:00,43.15,43.16,43.14,43.16,32591
2024-01-29 14:03:00,43.16,43.16,43.15,43.16,32679
2024-01-29 14:04:00,43.16,43.21,43.15,43.16,131235
2024-01-29 14:05:00,43.17,43.19,43.16,43.19,44455
2024-01-29 14:06:00,43.19,43.19,43.17,43.19,56789
2024-01-29 14:07:00,43.19,43.22,43.18,43.22,59655
2024-01-29 14:08:00,43.22,43.22,43.19,43.21,113749
2024-01-29 14:09:00,43.21,43.21,43.18,43.19,38155
2024-01-29 14:10:00,43.19,43.23,43.18,43.23,68651
2024-01-29 14:11:00,43.23,43.24,43.22,43.23,44313
2024-01-29 14:12:00,43.23,43.23,43.21,43.22,32371
2024-01-29 14:13:00,43.22,43.22,43.18,43.19,50548
2024-01-29 14:14:00,43.19,43.23,43.18,43.23,42696
2024-01-29 14:15:00,43.23,43.25,43.22,43.24,53965
2024-01-29 14:16:00,43.24,43.24,43.22,43.23,39752
2024-01-29 14:17:00,43.23,43.23,43.2,43.21,30894
2024-01-29 14:18:00,43.21,43.22,43.19,43.2,47816
2024-01-29 14:19:00,43.19,43.2,43.17,43.18,36385
2024-01-29 14:20:00,43.18,43.18,43.16,43.17,37917
2024-01-29 14:21:00,43.16,43.18,43.15,43.18,60122
2024-01-29 14:22:00,43.18,43.19,43.17,43.18,31172
2024-01-29 14:23:00,43.19,43.19,43.15,43.16,42728
2024-01-29 14:24:00,43.16,43.17,43.16,43.17,39857
2024-01-29 14:25:00,43.17,43.18,43.16,43.17,53553
2024-01-29 14:26:00,43.16,43.17,43.15,43.16,33244
2024-01-29 14:27:00,43.17,43.18,43.15,43.16,33120
2024-01-29 14:28:00,43.15,43.16,43.15,43.16,23661
2024-01-29 14:29:00,43.16,43.2,43.15,43.2,43605
2024-01-29 14:30:00,43.2,43.23,43.19,43.23,41357
2024-01-29 14:31:00,43.23,43.24,43.22,43.23,43350
2024-01-29 14:32:00,43.23,43.23,43.19,43.2,41360
2024-01-29 14:33:00,43.21,43.22,43.2,43.21,30227
2024-01-29 14:34:00,43.21,43.22,43.2,43.21,40719
2024-01-29 14:35:00,43.2,43.22,43.2,43.21,18086
2024-01-29 14:36:00,43.21,43.21,43.19,43.2,36047
2024-01-29 14:37:00,43.2,43.21,43.19,43.2,72667
2024-01-29 14:38:00,43.2,43.21,43.19,43.2,32298
2024-01-29 14:39:00,43.2,43.21,43.16,43.18,108118
2024-01-29 14:40:00,43.17,43.2,43.16,43.2,42029
2024-01-29 14:41:00,43.2,43.2,43.18,43.2,65243
2024-01-29 14:42:00,43.2,43.2,43.18,43.2,49215
2024-01-29 14:43:00,43.19,43.21,43.18,43.19,39569
2024-01-29 14:44:00,43.19,43.2,43.17,43.19,32900
2024-01-29 14:45:00,43.19,43.19,43.17,43.18,37872
2024-01-29 14:46:00,43.19,43.21,43.18,43.21,66069
2024-01-29 14:47:00,43.21,43.28,43.2,43.28,157362
2024-01-29 14:48:00,43.27,43.28,43.23,43.24,44748
2024-01-29 14:49:00,43.23,43.25,43.23,43.23,37790
2024-01-29 14:50:00,43.23,43.28,43.23,43.28,42858
2024-01-29 14:51:00,43.28,43.3,43.27,43.28,67595
2024-01-29 14:52:00,43.29,43.29,43.26,43.27,30397
2024-01-29 14:53:00,43.26,43.28,43.26,43.27,43212
2024-01-29 14:54:00,43.28,43.3,43.27,43.3,96789
2024-01-29 14:55:00,43.3,43.32,43.29,43.32,60498
2024-01-29 14:56:00,43.32,43.33,43.29,43.31,78403
2024-01-29 14:57:00,43.31,43.31,43.28,43.29,25669
2024-01-29 14:58:00,43.29,43.29,43.27,43.28,16179
2024-01-29 14:59:00,43.28,43.29,43.27,43.27,19404
2024-01-29 15:00:00,43.27,43.36,43.27,43.35,119833
2024-01-29 15:01:00,43.35,43.39,43.35,43.38,108934
2024-01-29 15:02:00,43.38,43.39,43.36,43.36,65526
2024-01-29 15:03:00,43.37,43.38,43.34,43.34,55888
2024-01-29 15:04:00,43.34,43.36,43.32,43.35,63072
2024-01-29 15:05:00,43.36,43.36,43.33,43.35,72531
2024-01-29 15:06:00,43.35,43.36,43.33,43.36,42337
2024-01-29 15:07:00,43.36,43.38,43.35,43.38,63730
2024-01-29 15:08:00,43.38,43.38,43.36,43.38,62342
2024-01-29 15:09:00,43.37,43.38,43.35,43.38,47708
2024-01-29 15:10:00,43.37,43.38,43.36,43.36,29199
2024-01-29 15:11:00,43.37,43.41,43.36,43.41,124349
2024-01-29 15:12:00,43.41,43.45,43.4,43.45,72008
2024-01-29 15:13:00,43.45,43.45,43.4,43.44,69470
2024-01-29 15:14:00,43.44,43.45,43.42,43.44,59709
2024-01-29 15:15:00,43.45,43.47,43.43,43.47,85553
2024-01-29 15:16:00,43.47,43.53,43.46,43.51,156729
2024-01-29 15:17:00,43.51,43.53,43.51,43.53,34285
2024-01-29 15:18:00,43.52,43.57,43.52,43.52,169954
2024-01-29 15:19:00,43.52,43.58,43.52,43.57,91169
2024-01-29 15:20:00,43.56,43.58,43.54,43.54,64749
2024-01-29 15:21:00,43.54,43.64,43.54,43.63,236722
2024-01-29 15:22:00,43.63,43.68,43.61,43.66,230961
2024-01-29 15:23:00,43.67,43.68,43.64,43.64,72176
2024-01-29 15:24:00,43.65,43.65,43.64,43.65,40354
2024-01-29 15:25:00,43.65,43.7,43.65,43.7,212407
2024-01-29 15:26:00,43.71,43.71,43.69,43.7,131483
2024-01-29 15:27:00,43.7,43.77,43.69,43.75,191064
2024-01-29 15:28:00,43.75,43.75,43.71,43.71,93724
2024-01-29 15:29:00,43.71,43.72,43.68,43.69,56564
2024-01-29 15:30:00,43.69,43.73,43.68,43.72,114525
2024-01-29 15:31:00,43.72,43.72,43.7,43.71,49465
2024-01-29 15:32:00,43.72,43.72,43.71,43.71,23255
2024-01-29 15:33:00,43.71,43.72,43.7,43.71,37133
2024-01-29 15:34:00,43.71,43.71,43.69,43.7,45622
2024-01-29 15:35:00,43.69,43.7,43.67,43.68,59545
2024-01-29 15:36:00,43.68,43.68,43.65,43.65,137628
2024-01-29 15:37:00,43.65,43.66,43.63,43.64,46295
2024-01-29 15:38:00,43.64,43.65,43.61,43.61,51174
2024-01-29 15:39:00,43.62,43.62,43.59,43.59,86769
2024-01-29 15:40:00,43.59,43.6,43.59,43.59,51392
2024-01-29 15:41:00,43.59,43.6,43.58,43.58,62020
2024-01-29 15:42:00,43.58,43.59,43.58,43.59,53732
2024-01-29 15:43:00,43.58,43.59,43.55,43.59,393877
2024-01-29 15:44:00,43.59,43.7,43.58,43.68,265849
2024-01-29 15:45:00,43.68,43.69,43.67,43.69,147980
2024-01-29 15:46:00,43.69,43.69,43.65,43.66,234363
2024-01-29 15:47:00,43.67,43.7,43.64,43.7,205548
2024-01-29 15:48:00,43.69,43.69,43.67,43.68,95986
2024-01-29 15:49:00,43.67,43.68,43.67,43.68,64013
2024-01-29 15:50:00,43.67,43.7,43.67,43.7,210597
2024-01-29 15:51:00,43.7,43.7,43.67,43.68,190592
2024-01-29 15:52:00,43.68,43.69,43.67,43.69,189109
2024-01-29 15:53:00,43.68,43.78,43.68,43.72,536873
2024-01-29 15:54:00,43.73,43.82,43.68,43.8,584889
2024-01-29 15:55:00,43.81,43.82,43.75,43.79,469717
2024-01-29 15:56:00,43.79,43.83,43.78,43.82,375554
2024-01-29 15:57:00,43.82,43.82,43.8,43.81,487250
2024-01-29 15:58:00,43.82,43.82,43.81,43.82,447561
2024-01-29 15:59:00,43.82,43.85,43.81,43.83,1131404
2024-01-30 09:30:00,43.61,43.82,43.5,43.75,708364
2024-01-30 09:31:00,43.76,43.77,43.58,43.74,122165
2024-01-30 09:32:00,43.74,43.76,43.6,43.69,93637
2024-01-30 09:33:00,43.7,43.77,43.62,43.66,93364
2024-01-30 09:34:00,43.64,43.65,43.48,43.53,213517
2024-01-30 09:35:00,43.52,43.53,43.42,43.45,139345
2024-01-30 09:36:00,43.45,43.49,43.42,43.45,73515
2024-01-30 09:37:00,43.45,43.51,43.45,43.51,223321
2024-01-30 09:38:00,43.51,43.53,43.39,43.51,164553
2024-01-30 09:39:00,43.52,43.57,43.51,43.53,171192
2024-01-30 09:40:00,43.52,43.55,43.43,43.47,124453
2024-01-30 09:41:00,43.48,43.48,43.4,43.4,104402
2024-01-30 09:42:00,43.41,43.42,43.35,43.4,127315
2024-01-30 09:43:00,43.41,43.48,43.36,43.45,107316
2024-01-30 09:44:00,43.45,43.47,43.38,43.45,108531
2024-01-30 09:45:00,43.44,43.45,43.28,43.3,214035
2024-01-30 09:46:00,43.3,43.31,43.24,43.29,175701
2024-01-30 09:47:00,43.29,43.32,43.25,43.29,167564
2024-01-30 09:48:00,43.3,43.35,43.26,43.34,141652
2024-01-30 09:49:00,43.34,43.4,43.32,43.33,149688
2024-01-30 09:50:00,43.33,43.37,43.29,43.31,117544
2024-01-30 09:51:00,43.31,43.36,43.29,43.3,93706
2024-01-30 09:52:00,43.3,43.31,43.24,43.26,147948
2024-01-30 09:53:00,43.27,43.27,43.16,43.2,199972
2024-01-30 09:54:00,43.2,43.2,43.12,43.14,140224
2024-01-30 09:55:00,43.14,43.18,43.12,43.16,125480
2024-01-30 09:56:00,43.16,43.16,43.1,43.14,114589
2024-01-30 09:57:00,43.14,43.2,43.12,43.2,93971
2024-01-30 09:58:00,43.2,43.23,43.18,43.22,111810
2024-01-30 09:59:00,43.23,43.3,43.21,43.28,113492
2024-01-30 10:00:00,43.27,43.28,43.1,43.16,205246
2024-01-30 10:01:00,43.16,43.18,43.05,43.05,153867
2024-01-30 10:02:00,43.05,43.19,43.05,43.18,170071
2024-01-30 10:03:00,43.18,43.19,43.12,43.15,98753
2024-01-30 10:04:00,43.15,43.16,43.12,43.16,50760
2024-01-30 10:05:00,43.16,43.17,43.12,43.16,80105
2024-01-30 10:06:00,43.16,43.2,43.12,43.19,153889
2024-01-30 10:07:00,43.19,43.25,43.18,43.24,87131
2024-01-30 10:08:00,43.23,43.31,43.23,43.27,112033
2024-01-30 10:09:00,43.27,43.27,43.21,43.23,72514
2024-01-30 10:10:00,43.24,43.28,43.24,43.25,67927
2024-01-30 10:11:00,43.26,43.26,43.18,43.22,57309
2024-01-30 10:12:00,43.22,43.28,43.21,43.23,87636
2024-01-30 10:13:00,43.23,43.25,43.2,43.21,54486
2024-01-30 10:14:00,43.21,43.21,43.17,43.21,56210
2024-01-30 10:15:00,43.2,43.25,43.18,43.23,87856
2024-01-30 10:16:00,43.24,43.24,43.16,43.18,71353
2024-01-30 10:17:00,43.17,43.2,43.13,43.19,87429
2024-01-30 10:18:00,43.19,43.24,43.18,43.22,51530
2024-01-30 10:19:00,43.21,43.21,43.17,43.18,42821
2024-01-30 10:20:00,43.18,43.28,43.18,43.27,75150
2024-01-30 10:21:00,43.27,43.28,43.23,43.26,62618
2024-01-30 10:22:00,43.26,43.29,43.23,43.29,43953
2024-01-30 10:23:00,43.29,43.36,43.28,43.36,98912
2024-01-30 10:24:00,43.36,43.37,43.26,43.27,103785
2024-01-30 10:25:00,43.28,43.3,43.24,43.26,77217
2024-01-30 10:26:00,43.26,43.26,43.19,43.24,74182
2024-01-30 10:27:00,43.25,43.27,43.23,43.25,55967
2024-01-30 10:28:00,43.24,43.29,43.23,43.25,73786
2024-01-30 10:29:00,43.24,43.26,43.22,43.23,64030
2024-01-30 10:30:00,43.23,43.25,43.21,43.24,32867
2024-01-30 10:31:00,43.23,43.25,43.2,43.25,56445
2024-01-30 10:32:00,43.25,43.29,43.24,43.26,70604
2024-01-30 10:33:00,43.25,43.25,43.18,43.19,124564
2024-01-30 10:34:00,43.19,43.22,43.17,43.21,100732
2024-01-30 10:35:00,43.2,43.21,43.14,43.16,124491
2024-01-30 10:36:00,43.16,43.18,43.14,43.16,88589
2024-01-30 10:37:00,43.16,43.19,43.14,43.15,126269
2024-01-30 10:38:00,43.15,43.17,43.14,43.16,62120
2024-01-30 10:39:00,43.15,43.17,43.09,43.13,110155
2024-01-30 10:40:00,43.13,43.13,43.1,43.13,61352
2024-01-30 10:41:00,43.13,43.2,43.12,43.2,123576
2024-01-30 10:42:00,43.2,43.21,43.15,43.18,87999
2024-01-30 10:43:00,43.18,43.18,43.1,43.12,110639
2024-01-30 10:44:00,43.12,43.12,43.04,43.05,212933
2024-01-30 10:45:00,43.05,43.06,42.98,43.0,371527
2024-01-30 10:46:00,43.0,43.01,42.97,43.01,190552
2024-01-30 10:47:00,43.01,43.02,42.94,42.96,179524
2024-01-30 10:48:00,42.96,43.0,42.95,42.99,83518
2024-01-30 10:49:00,43.0,43.0,42.96,42.99,102454
2024-01-30 10:50:00,42.98,43.0,42.95,42.96,206098
2024-01-30 10:51:00,42.96,43.05,42.96,43.03,118945
2024-01-30 10:52:00,43.04,43.06,43.0,43.02,120263
2024-01-30 10:53:00,43.02,43.04,42.98,43.0,93728
2024-01-30 10:54:00,43.0,43.06,42.99,43.02,159151
2024-01-30 10:55:00,43.02,43.11,43.0,43.07,160360
2024-01-30 10:56:00,43.07,43.12,43.06,43.11,79187
2024-01-30 10:57:00,43.12,43.17,43.11,43.16,92950
2024-01-30 10:58:00,43.16,43.19,43.14,43.19,105594
2024-01-30 10:59:00,43.19,43.2,43.18,43.2,67461
2024-01-30 11:00:00,43.2,43.24,43.18,43.23,120058
2024-01-30 11:01:00,43.23,43.24,43.13,43.15,155916
2024-01-30 11:02:00,43.15,43.19,43.12,43.19,64193
2024-01-30 11:03:00,43.18,43.19,43.08,43.09,187371
2024-01-30 11:04:00,43.09,43.13,43.08,43.12,135663
2024-01-30 11:05:00,43.13,43.15,43.1,43.13,384602
2024-01-30 11:06:00,43.15,43.15,43.11,43.12,84958
2024-01-30 11:07:00,43.12,43.13,43.08,43.09,89013
2024-01-30 11:08:00,43.09,43.13,43.07,43.13,66433
2024-01-30 11:09:00,43.13,43.15,43.11,43.15,89611
2024-01-30 11:10:00,43.15,43.2,43.14,43.2,96356
2024-01-30 11:11:00,43.2,43.24,43.19,43.2,119980
2024-01-30 11:12:00,43.2,43.2,43.1,43.15,421956
2024-01-30 11:13:00,43.14,43.17,43.13,43.16,121398
2024-01-30 11:14:00,43.15,43.17,43.09,43.16,137562
2024-01-30 11:15:00,43.16,43.19,43.15,43.16,102516
2024-01-30 11:16:00,43.15,43.17,43.14,43.14,64147
2024-01-30 11:17:00,43.14,43.15,43.06,43.07,94970
2024-01-30 11:18:00,43.06,43.06,42.99,43.01,184415
2024-01-30 11:19:00,43.01,43.06,43.0,43.04,82849
2024-01-30 11:20:00,43.04,43.11,43.03,43.09,97958
2024-01-30 11:21:00,43.09,43.14,43.08,43.13,81024
2024-01-30 11:22:00,43.13,43.17,43.12,43.13,88460
2024-01-30 11:23:00,43.14,43.14,43.1,43.12,68249
2024-01-30 11:24:00,43.12,43.14,43.08,43.08,80106
2024-01-30 11:25:00,43.08,43.08,43.05,43.05,37833
2024-01-30 11:26:00,43.05,43.11,43.05,43.07,97518
2024-01-30 11:27:00,43.07,43.12,43.06,43.11,123299
2024-01-30 11:28:00,43.11,43.12,43.06,43.07,59848
2024-01-30 11:29:00,43.06,43.1,43.05,43.09,97138
2024-01-30 11:30:00,43.09,43.13,43.09,43.12,63440
2024-01-30 11:31:00,43.12,43.16,43.11,43.14,58202
2024-01-30 11:32:00,43.14,43.18,43.13,43.16,95667
2024-01-30 11:33:00,43.16,43.17,43.14,43.15,51439
2024-01-30 11:34:00,43.15,43.18,43.14,43.16,95019
2024-01-30 11:35:00,43.16,43.21,43.16,43.18,110374
2024-01-30 11:36:00,43.18,43.2,43.17,43.19,36369
2024-01-30 11:37:00,43.19,43.2,43.18,43.19,41068
2024-01-30 11:38:00,43.19,43.19,43.15,43.18,78994
2024-01-30 11:39:00,43.18,43.2,43.17,43.19,66483
2024-01-30 11:40:00,43.2,43.24,43.19,43.23,115215
2024-01-30 11:41:00,43.23,43.26,43.22,43.26,115665
2024-01-30 11:42:00,43.26,43.29,43.25,43.28,94009
2024-01-30 11:43:00,43.27,43.32,43.27,43.32,90563
2024-01-30 11:44:00,43.32,43.32,43.26,43.27,81769
2024-01-30 11:45:00,43.27,43.32,43.26,43.27,65854
2024-01-30 11:46:00,43.28,43.31,43.28,43.3,67633
2024-01-30 11:47:00,43.3,43.3,43.28,43.29,37451
2024-01-30 11:48:00,43.28,43.29,43.26,43.29,59837
2024-01-30 11:49:00,43.29,43.3,43.28,43.3,31943
2024-01-30 11:50:00,43.29,43.3,43.27,43.29,88066
2024-01-30 11:51:00,43.28,43.31,43.28,43.3,69359
2024-01-30 11:52:00,43.3,43.32,43.29,43.3,59795
2024-01-30 11:53:00,43.3,43.3,43.26,43.27,48453
2024-01-30 11:54:00,43.27,43.29,43.25,43.26,53700
2024-01-30 11:55:00,43.26,43.26,43.24,43.26,36702
2024-01-30 11:56:00,43.25,43.26,43.22,43.23,55921
2024-01-30 11:57:00,43.23,43.28,43.22,43.28,61525
2024-01-30 11:58:00,43.27,43.28,43.26,43.28,28566
2024-01-30 11:59:00,43.28,43.3,43.26,43.3,30284
2024-01-30 12:00:00,43.3,43.31,43.28,43.31,53221
2024-01-30 12:01:00,43.31,43.31,43.28,43.3,48896
2024-01-30 12:02:00,43.3,43.37,43.3,43.37,74922
2024-01-30 12:03:00,43.36,43.38,43.35,43.38,91479
2024-01-30 12:04:00,43.38,43.39,43.36,43.37,36883
2024-01-30 12:05:00,43.37,43.38,43.35,43.36,57484
2024-01-30 12:06:00,43.37,43.38,43.32,43.33,69057
2024-01-30 12:07:00,43.33,43.35,43.31,43.34,51934
2024-01-30 12:08:00,43.34,43.36,43.32,43.36,30960
2024-01-30 12:09:00,43.35,43.37,43.34,43.36,49208
2024-01-30 12:10:00,43.35,43.36,43.34,43.34,23407
2024-01-30 12:11:00,43.34,43.35,43.32,43.32,30836
2024-01-30 12:12:00,43.32,43.34,43.32,43.33,43281
2024-01-30 12:13:00,43.34,43.36,43.33,43.35,50725
2024-01-30 12:14:00,43.36,43.36,43.32,43.33,47161
2024-01-30 12:15:00,43.33,43.33,43.27,43.29,70582
2024-01-30 12:16:00,43.28,43.31,43.26,43.27,31712
2024-01-30 12:17:00,43.28,43.31,43.26,43.3,48749
2024-01-30 12:18:00,43.3,43.34,43.3,43.33,43441
2024-01-30 12:19:00,43.32,43.33,43.29,43.3,58267
2024-01-30 12:20:00,43.3,43.31,43.28,43.28,24825
2024-01-30 12:21:00,43.28,43.29,43.27,43.29,26739
2024-01-30 12:22:00,43.29,43.31,43.28,43.28,82261
2024-01-30 12:23:00,43.29,43.29,43.23,43.23,66143
2024-01-30 12:24:00,43.23,43.26,43.2,43.21,52961
2024-01-30 12:25:00,43.21,43.24,43.19,43.2,41970
2024-01-30 12:26:00,43.21,43.22,43.18,43.19,47955
2024-01-30 12:27:00,43.19,43.21,43.17,43.2,44371
2024-01-30 12:28:00,43.2,43.25,43.19,43.25,57135
2024-01-30 12:29:00,43.25,43.25,43.19,43.22,38790
2024-01-30 12:30:00,43.22,43.23,43.19,43.22,41689
2024-01-30 12:31:00,43.21,43.27,43.21,43.27,35234
2024-01-30 12:32:00,43.27,43.27,43.21,43.22,82571
2024-01-30 12:33:00,43.22,43.22,43.17,43.18,93270
2024-01-30 12:34:00,43.17,43.2,43.16,43.2,30112
2024-01-30 12:35:00,43.2,43.22,43.18,43.19,42622
2024-01-30 12:36:00,43.19,43.22,43.17,43.22,40835
2024-01-30 12:37:00,43.21,43.23,43.21,43.22,23534
2024-01-30 12:38:00,43.22,43.24,43.21,43.23,29608
2024-01-30 12:39:00,43.23,43.23,43.2,43.21,20476
2024-01-30 12:40:00,43.2,43.24,43.2,43.23,32089
2024-01-30 12:41:00,43.23,43.24,43.18,43.2,28731
2024-01-30 12:42:00,43.2,43.22,43.19,43.22,37006
2024-01-30 12:43:00,43.22,43.23,43.19,43.2,26216
2024-01-30 12:44:00,43.2,43.21,43.19,43.2,22644
2024-01-30 12:45:00,43.2,43.22,43.18,43.21,60305
2024-01-30 12:46:00,43.22,43.24,43.21,43.22,31965
2024-01-30 12:47:00,43.21,43.22,43.18,43.19,23935
2024-01-30 12:48:00,43.18,43.19,43.17,43.18,20595
2024-01-30 12:49:00,43.19,43.22,43.18,43.21,41413
2024-01-30 12:50:00,43.21,43.22,43.19,43.22,42996
2024-01-30 12:51:00,43.22,43.23,43.21,43.22,33091
2024-01-30 12:52:00,43.22,43.23,43.21,43.23,52645
2024-01-30 12:53:00,43.23,43.23,43.19,43.19,40973
2024-01-30 12:54:00,43.19,43.2,43.16,43.16,62536
2024-01-30 12:55:00,43.16,43.17,43.15,43.16,29113
2024-01-30 12:56:00,43.16,43.17,43.13,43.15,65677
2024-01-30 12:57:00,43.15,43.18,43.14,43.16,63749
2024-01-30 12:58:00,43.16,43.17,43.14,43.16,40255
2024-01-30 12:59:00,43.16,43.17,43.15,43.16,20474
2024-01-30 13:00:00,43.16,43.19,43.13,43.14,57089
2024-01-30 13:01:00,43.15,43.16,43.1,43.1,65811
2024-01-30 13:02:00,43.11,43.13,43.1,43.12,46988
2024-01-30 13:03:00,43.12,43.12,43.09,43.11,55520
2024-01-30 13:04:00,43.11,43.12,43.06,43.06,49578
2024-01-30 13:05:00,43.07,43.1,43.06,43.08,43085
2024-01-30 13:06:00,43.08,43.09,43.03,43.04,46604
2024-01-30 13:07:00,43.04,43.1,43.03,43.09,63074
2024-01-30 13:08:00,43.08,43.14,43.08,43.13,59236
2024-01-30 13:09:00,43.13,43.13,43.11,43.13,28873
2024-01-30 13:10:00,43.12,43.13,43.1,43.12,31159
2024-01-30 13:11:00,43.12,43.13,43.09,43.13,21739
2024-01-30 13:12:00,43.13,43.14,43.12,43.12,20515
2024-01-30 13:13:00,43.13,43.15,43.11,43.13,27476
2024-01-30 13:14:00,43.14,43.15,43.12,43.14,31481
2024-01-30 13:15:00,43.14,43.16,43.13,43.13,26983
2024-01-30 13:16:00,43.14,43.16,43.13,43.15,36133
2024-01-30 13:17:00,43.15,43.16,43.13,43.14,41757
2024-01-30 13:18:00,43.14,43.14,43.13,43.13,17593
2024-01-30 13:19:00,43.13,43.16,43.13,43.16,24239
2024-01-30 13:20:00,43.16,43.16,43.12,43.15,28285
2024-01-30 13:21:00,43.15,43.19,43.14,43.18,41700
2024-01-30 13:22:00,43.18,43.18,43.15,43.18,46312
2024-01-30 13:23:00,43.18,43.18,43.14,43.16,27598
2024-01-30 13:24:00,43.15,43.16,43.14,43.16,41402
2024-01-30 13:25:00,43.16,43.18,43.15,43.16,42700
2024-01-30 13:26:00,43.16,43.19,43.16,43.19,138114
2024-01-30 13:27:00,43.19,43.19,43.18,43.19,69313
2024-01-30 13:28:00,43.19,43.2,43.18,43.2,66393
2024-01-30 13:29:00,43.2,43.24,43.19,43.23,50786
2024-01-30 13:30:00,43.23,43.25,43.22,43.23,37261
2024-01-30 13:31:00,43.23,43.27,43.23,43.26,56085
2024-01-30 13:32:00,43.26,43.27,43.24,43.25,35753
2024-01-30 13:33:00,43.25,43.26,43.24,43.25,30398
2024-01-30 13:34:00,43.25,43.26,43.22,43.23,72312
2024-01-30 13:35:00,43.23,43.24,43.21,43.22,27305
2024-01-30 13:36:00,43.22,43.22,43.17,43.17,48843
2024-01-30 13:37:00,43.18,43.22,43.17,43.22,96649
2024-01-30 13:38:00,43.22,43.24,43.19,43.2,38636
2024-01-30 13:39:00,43.2,43.2,43.18,43.19,16903
2024-01-30 13:40:00,43.2,43.2,43.16,43.18,45607
2024-01-30 13:41:00,43.18,43.19,43.16,43.16,21232
2024-01-30 13:42:00,43.17,43.18,43.15,43.16,31027
2024-01-30 13:43:00,43.16,43.16,43.13,43.14,31111
2024-01-30 13:44:00,43.14,43.16,43.13,43.14,23403
2024-01-30 13:45:00,43.15,43.15,43.11,43.12,39600
2024-01-30 13:46:00,43.12,43.15,43.09,43.15,53226
2024-01-30 13:47:00,43.15,43.17,43.12,43.13,31908
2024-01-30 13:48:00,43.13,43.13,43.09,43.11,99484
2024-01-30 13:49:00,43.11,43.13,43.09,43.09,39815
2024-01-30 13:50:00,43.09,43.14,43.09,43.14,51017
2024-01-30 13:51:00,43.14,43.16,43.12,43.15,43000
2024-01-30 13:52:00,43.14,43.15,43.1,43.12,29711
2024-01-30 13:53:00,43.11,43.15,43.11,43.15,33239
2024-01-30 13:54:00,43.15,43.17,43.14,43.16,28471
2024-01-30 13:55:00,43.16,43.19,43.15,43.19,57386
2024-01-30 13:56:00,43.19,43.19,43.15,43.16,30072
2024-01-30 13:57:00,43.16,43.17,43.14,43.16,15957
2024-01-30 13:58:00,43.15,43.15,43.13,43.13,19522
2024-01-30 13:59:00,43.13,43.15,43.12,43.14,39557
2024-01-30 14:00:00,43.13,43.17,43.13,43.15,30538
2024-01-30 14:01:00,43.14,43.17,43.13,43.14,24296
2024-01-30 14:02:00,43.15,43.15,43.13,43.13,14038
2024-01-30 14:03:00,43.14,43.15,43.13,43.14,15984
2024-01-30 14:04:00,43.13,43.14,43.11,43.12,33436
2024-01-30 14:05:00,43.12,43.15,43.1,43.15,55031
2024-01-30 14:06:00,43.15,43.15,43.09,43.1,63006
2024-01-30 14:07:00,43.1,43.12,43.09,43.11,22875
2024-01-30 14:08:00,43.12,43.12,43.09,43.1,36675
2024-01-30 14:09:00,43.11,43.11,43.08,43.09,54647
2024-01-30 14:10:00,43.08,43.1,43.08,43.09,23490
2024-01-30 14:11:00,43.09,43.1,43.04,43.05,75343
2024-01-30 14:12:00,43.07,43.1,43.05,43.1,30252
2024-01-30 14:13:00,43.1,43.1,43.07,43.09,51050
2024-01-30 14:14:00,43.09,43.11,43.08,43.09,35107
2024-01-30 14:15:00,43.1,43.12,43.09,43.09,27837
2024-01-30 14:16:00,43.09,43.1,43.07,43.08,34532
2024-01-30 14:17:00,43.08,43.08,43.03,43.05,60909
2024-01-30 14:18:00,43.05,43.05,42.99,43.0,169557
2024-01-30 14:19:00,43.0,43.0,42.97,42.98,79358
2024-01-30 14:20:00,42.98,42.98,42.95,42.96,58784
2024-01-30 14:21:00,42.96,42.97,42.95,42.96,50852
2024-01-30 14:22:00,42.96,42.97,42.95,42.97,63970
2024-01-30 14:23:00,42.97,42.99,42.96,42.99,91366
2024-01-30 14:24:00,42.99,42.99,42.97,42.98,31079
2024-01-30 14:25:00,42.98,42.99,42.97,42.99,42299
2024-01-30 14:26:00,42.99,43.0,42.98,43.0,56191
2024-01-30 14:27:00,43.0,43.01,42.99,43.01,39861
2024-01-30 14:28:00,43.0,43.04,42.99,43.03,75189
2024-01-30 14:29:00,43.04,43.04,43.03,43.04,29755
2024-01-30 14:30:00,43.03,43.05,43.02,43.04,165871
2024-01-30 14:31:00,43.04,43.05,43.01,43.05,98691
2024-01-30 14:32:00,43.05,43.1,43.04,43.09,75630
2024-01-30 14:33:00,43.1,43.1,43.06,43.07,92742
2024-01-30 14:34:00,43.07,43.08,43.06,43.07,33332
2024-01-30 14:35:00,43.07,43.07,43.02,43.02,71535
2024-01-30 14:36:00,43.02,43.07,43.02,43.05,37188
2024-01-30 14:37:00,43.05,43.06,43.02,43.06,60917
2024-01-30 14:38:00,43.06,43.07,43.04,43.05,25761
2024-01-30 14:39:00,43.05,43.05,43.03,43.04,22841
2024-01-30 14:40:00,43.03,43.04,43.02,43.04,45348
2024-01-30 14:41:00,43.04,43.06,43.03,43.05,58829
2024-01-30 14:42:00,43.05,43.07,43.05,43.07,37332
2024-01-30 14:43:00,43.06,43.07,43.03,43.05,47954
2024-01-30 14:44:00,43.05,43.05,43.02,43.04,42780
2024-01-30 14:45:00,43.04,43.05,43.02,43.04,63487
2024-01-30 14:46:00,43.03,43.04,43.01,43.02,56783
2024-01-30 14:47:00,43.02,43.03,43.0,43.02,79739
2024-01-30 14:48:00,43.02,43.03,42.98,42.99,57033
2024-01-30 14:49:00,43.0,43.02,42.99,43.0,77184
2024-01-30 14:50:00,43.0,43.02,42.99,43.0,56662
2024-01-30 14:51:00,43.0,43.05,43.0,43.04,86271
2024-01-30 14:52:00,43.04,43.1,43.03,43.09,55803
2024-01-30 14:53:00,43.1,43.1,43.05,43.06,50587
2024-01-30 14:54:00,43.05,43.07,43.04,43.05,60472
2024-01-30 14:55:00,43.06,43.06,43.03,43.05,44062
2024-01-30 14:56:00,43.05,43.06,43.02,43.02,57651
2024-01-30 14:57:00,43.03,43.04,43.0,43.01,47256
2024-01-30 14:58:00,43.01,43.02,42.99,43.0,106267
2024-01-30 14:59:00,42.99,43.0,42.98,42.98,46919
2024-01-30 15:00:00,42.98,43.02,42.97,43.0,59350
2024-01-30 15:01:00,43.01,43.02,42.99,43.0,29002
2024-01-30 15:02:00,43.0,43.02,42.99,43.01,30195
2024-01-30 15:03:00,43.01,43.02,42.99,43.0,46661
2024-01-30 15:04:00,43.0,43.01,42.96,42.97,57699
2024-01-30 15:05:00,42.96,42.96,42.94,42.95,134012
2024-01-30 15:06:00,42.95,42.97,42.94,42.97,80797
2024-01-30 15:07:00,42.96,42.98,42.96,42.97,42769
2024-01-30 15:08:00,42.97,43.0,42.96,43.0,125002
2024-01-30 15:09:00,43.0,43.01,42.98,43.0,60089
2024-01-30 15:10:00,43.0,43.03,42.99,43.0,57651
2024-01-30 15:11:00,43.0,43.0,42.97,42.98,32765
2024-01-30 15:12:00,42.98,43.01,42.98,43.01,44921
2024-01-30 15:13:00,43.01,43.05,43.0,43.05,62666
2024-01-30 15:14:00,43.04,43.05,43.03,43.04,46745
2024-01-30 15:15:00,43.04,43.06,43.03,43.04,58724
2024-01-30 15:16:00,43.03,43.06,43.02,43.04,74950
2024-01-30 15:17:00,43.05,43.07,43.03,43.05,94834
2024-01-30 15:18:00,43.05,43.06,43.03,43.03,44408
2024-01-30 15:19:00,43.02,43.05,43.01,43.04,80457
2024-01-30 15:20:00,43.04,43.05,43.02,43.03,85290
2024-01-30 15:21:00,43.04,43.04,43.03,43.04,25789
2024-01-30 15:22:00,43.04,43.05,43.0,43.01,103749
2024-01-30 15:23:00,43.0,43.03,43.0,43.02,56743
2024-01-30 15:24:00,43.02,43.03,43.01,43.02,59747
2024-01-30 15:25:00,43.02,43.03,43.0,43.01,70337
2024-01-30 15:26:00,43.01,43.05,43.0,43.05,74797
2024-01-30 15:27:00,43.05,43.06,43.03,43.05,81931
2024-01-30 15:28:00,43.05,43.07,43.04,43.05,78009
2024-01-30 15:29:00,43.05,43.06,43.04,43.05,64000
2024-01-30 15:30:00,43.05,43.06,43.04,43.05,74463
2024-01-30 15:31:00,43.06,43.06,43.02,43.05,67622
2024-01-30 15:32:00,43.05,43.05,43.01,43.02,72435
2024-01-30 15:33:00,43.02,43.03,43.0,43.0,58532
2024-01-30 15:34:00,43.01,43.01,42.96,42.97,107291
2024-01-30 15:35:00,42.98,42.99,42.96,42.97,75552
2024-01-30 15:36:00,42.97,42.99,42.94,42.98,149564
2024-01-30 15:37:00,42.99,42.99,42.96,42.98,62223
2024-01-30 15:38:00,42.98,43.0,42.97,42.98,75224
2024-01-30 15:39:00,42.98,43.01,42.98,43.01,63904
2024-01-30 15:40:00,43.01,43.02,42.97,42.97,129932
2024-01-30 15:41:00,42.98,42.99,42.97,42.98,101576
2024-01-30 15:42:00,42.98,43.0,42.96,42.98,127279
2024-01-30 15:43:00,42.98,42.98,42.95,42.96,104012
2024-01-30 15:44:00,42.95,42.98,42.93,42.94,96744
2024-01-30 15:45:00,42.93,42.95,42.93,42.94,117206
2024-01-30 15:46:00,42.94,42.94,42.89,42.91,199915
2024-01-30 15:47:00,42.91,42.92,42.89,42.91,144733
2024-01-30 15:48:00,42.91,42.94,42.9,42.93,121553
2024-01-30 15:49:00,42.93,42.97,42.91,42.97,107883
2024-01-30 15:50:00,42.97,43.0,42.94,42.98,135662
2024-01-30 15:51:00,42.98,42.99,42.93,42.97,192247
2024-01-30 15:52:00,42.97,42.98,42.96,42.97,91309
2024-01-30 15:53:00,42.97,42.97,42.92,42.95,211824
2024-01-30 15:54:00,42.95,42.99,42.94,42.98,267151
2024-01-30 15:55:00,42.98,43.0,42.94,42.98,343981
2024-01-30 15:56:00,42.98,42.99,42.95,42.95,440534
2024-01-30 15:57:00,42.96,42.99,42.94,42.96,348830
2024-01-30 15:58:00,42.97,42.98,42.94,42.95,566843
2024-01-30 15:59:00,42.96,42.96,42.9,42.92,953962
2024-01-31 09:30:00,42.62,42.84,42.45,42.59,1143530
2024-01-31 09:31:00,42.6,42.6,42.38,42.4,245193
2024-01-31 09:32:00,42.4,42.45,42.36,42.44,147884
2024-01-31 09:33:00,42.45,42.51,42.42,42.5,201860
2024-01-31 09:34:00,42.49,42.56,42.44,42.45,151817
2024-01-31 09:35:00,42.46,42.49,42.38,42.44,392085
2024-01-31 09:36:00,42.45,42.68,42.44,42.66,213074
2024-01-31 09:37:00,42.65,42.76,42.62,42.75,155026
2024-01-31 09:38:00,42.75,42.83,42.67,42.7,168632
2024-01-31 09:39:00,42.69,42.78,42.66,42.77,102949
2024-01-31 09:40:00,42.77,42.84,42.71,42.74,103093
2024-01-31 09:41:00,42.74,42.76,42.65,42.68,141505
2024-01-31 09:42:00,42.68,42.92,42.67,42.89,218992
2024-01-31 09:43:00,42.89,42.89,42.78,42.81,99658
2024-01-31 09:44:00,42.82,42.82,42.7,42.71,115308
2024-01-31 09:45:00,42.72,42.86,42.69,42.85,95048
2024-01-31 09:46:00,42.86,42.93,42.84,42.9,189227
2024-01-31 09:47:00,42.9,42.91,42.81,42.84,152610
2024-01-31 09:48:00,42.84,42.84,42.77,42.83,214023
2024-01-31 09:49:00,42.83,42.98,42.82,42.97,189082
2024-01-31 09:50:00,42.98,42.99,42.87,42.88,104592
2024-01-31 09:51:00,42.88,42.93,42.83,42.86,91156
2024-01-31 09:52:00,42.86,42.89,42.78,42.79,130348
2024-01-31 09:53:00,42.78,42.84,42.77,42.82,139228
2024-01-31 09:54:00,42.82,42.86,42.8,42.81,152284
2024-01-31 09:55:00,42.81,42.91,42.8,42.89,162488
2024-01-31 09:56:00,42.89,42.95,42.85,42.86,168186
2024-01-31 09:57:00,42.86,42.86,42.78,42.8,94127
2024-01-31 09:58:00,42.8,42.85,42.75,42.76,166567
2024-01-31 09:59:00,42.76,42.79,42.72,42.73,123838
2024-01-31 10:00:00,42.73,42.75,42.68,42.71,143876
2024-01-31 10:01:00,42.72,42.77,42.71,42.72,87214
2024-01-31 10:02:00,42.71,42.76,42.7,42.71,125126
2024-01-31 10:03:00,42.7,42.75,42.69,42.7,80100
2024-01-31 10:04:00,42.7,42.73,42.66,42.66,58859
2024-01-31 10:05:00,42.67,42.72,42.65,42.7,103297
2024-01-31 10:06:00,42.7,42.71,42.62,42.66,142763
2024-01-31 10:07:00,42.66,42.71,42.61,42.62,80849
2024-01-31 10:08:00,42.63,42.68,42.62,42.68,141494
2024-01-31 10:09:00,42.68,42.7,42.64,42.65,113453
2024-01-31 10:10:00,42.66,42.68,42.59,42.59,94926
2024-01-31 10:11:00,42.59,42.62,42.55,42.56,77677
2024-01-31 10:12:00,42.55,42.57,42.5,42.52,79198
2024-01-31 10:13:00,42.53,42.53,42.47,42.48,88256
2024-01-31 10:14:00,42.48,42.51,42.42,42.43,133402
2024-01-31 10:15:00,42.42,42.53,42.41,42.52,139969
2024-01-31 10:16:00,42.52,42.63,42.52,42.58,97251
2024-01-31 10:17:00,42.57,42.61,42.54,42.56,67354
2024-01-31 10:18:00,42.56,42.61,42.56,42.59,44528
2024-01-31 10:19:00,42.59,42.61,42.54,42.55,88779
2024-01-31 10:20:00,42.55,42.56,42.49,42.5,84604
2024-01-31 10:21:00,42.5,42.58,42.49,42.55,91060
2024-01-31 10:22:00,42.55,42.58,42.53,42.57,91941
2024-01-31 10:23:00,42.57,42.62,42.54,42.61,142935
2024-01-31 10:24:00,42.61,42.65,42.54,42.55,461256
2024-01-31 10:25:00,42.56,42.56,42.5,42.54,116067
2024-01-31 10:26:00,42.54,42.56,42.5,42.53,107844
2024-01-31 10:27:00,42.52,42.54,42.5,42.51,74356
2024-01-31 10:28:00,42.51,42.52,42.49,42.51,85768
2024-01-31 10:29:00,42.51,42.53,42.49,42.51,72876
2024-01-31 10:30:00,42.51,42.56,42.5,42.51,83283
2024-01-31 10:31:00,42.51,42.51,42.46,42.48,94028
2024-01-31 10:32:00,42.48,42.5,42.42,42.49,84125
2024-01-31 10:33:00,42.5,42.5,42.38,42.41,172980
2024-01-31 10:34:00,42.41,42.44,42.39,42.41,62641
2024-01-31 10:35:00,42.41,42.43,42.39,42.4,68952
2024-01-31 10:36:00,42.41,42.44,42.38,42.43,130896
2024-01-31 10:37:00,42.44,42.45,42.37,42.37,145324
2024-01-31 10:38:00,42.38,42.43,42.37,42.39,135449
2024-01-31 10:39:00,42.39,42.41,42.38,42.4,68643
2024-01-31 10:40:00,42.4,42.43,42.38,42.4,71972
2024-01-31 10:41:00,42.4,42.46,42.37,42.46,160934
2024-01-31 10:42:00,42.45,42.49,42.45,42.48,94536
2024-01-31 10:43:00,42.48,42.49,42.46,42.48,35665
2024-01-31 10:44:00,42.47,42.48,42.45,42.47,67327
2024-01-31 10:45:00,42.47,42.47,42.44,42.46,82932
2024-01-31 10:46:00,42.46,42.46,42.43,42.44,113479
2024-01-31 10:47:00,42.44,42.47,42.43,42.45,64959
2024-01-31 10:48:00,42.45,42.49,42.44,42.45,84238
2024-01-31 10:49:00,42.46,42.51,42.44,42.45,146414
2024-01-31 10:50:00,42.45,42.47,42.41,42.43,81861
2024-01-31 10:51:00,42.43,42.43,42.4,42.41,51879
2024-01-31 10:52:00,42.42,42.47,42.39,42.46,153045
2024-01-31 10:53:00,42.46,42.47,42.43,42.44,60506
2024-01-31 10:54:00,42.44,42.51,42.43,42.48,62206
2024-01-31 10:55:00,42.48,42.5,42.45,42.47,46018
2024-01-31 10:56:00,42.48,42.51,42.47,42.47,42413
2024-01-31 10:57:00,42.48,42.51,42.46,42.5,188802
2024-01-31 10:58:00,42.51,42.51,42.49,42.5,34270
2024-01-31 10:59:00,42.51,42.6,42.5,42.57,86667
2024-01-31 11:00:00,42.58,42.63,42.5,42.61,77913
2024-01-31 11:01:00,42.6,42.71,42.6,42.7,105949
2024-01-31 11:02:00,42.7,42.75,42.69,42.7,110127
2024-01-31 11:03:00,42.7,42.74,42.69,42.73,58163
2024-01-31 11:04:00,42.73,42.74,42.66,42.73,50109
2024-01-31 11:05:00,42.72,42.73,42.66,42.66,59485
2024-01-31 11:06:00,42.66,42.67,42.61,42.61,83313
2024-01-31 11:07:00,42.62,42.64,42.58,42.61,45989
2024-01-31 11:08:00,42.61,42.61,42.57,42.59,44938
2024-01-31 11:09:00,42.59,42.65,42.59,42.63,101592
2024-01-31 11:10:00,42.62,42.63,42.59,42.61,51737
2024-01-31 11:11:00,42.61,42.65,42.6,42.62,51689
2024-01-31 11:12:00,42.62,42.64,42.59,42.62,58466
2024-01-31 11:13:00,42.63,42.65,42.62,42.65,22568
2024-01-31 11:14:00,42.65,42.71,42.64,42.65,83175
2024-01-31 11:15:00,42.65,42.74,42.64,42.73,37891
2024-01-31 11:16:00,42.73,42.73,42.66,42.66,57177
2024-01-31 11:17:00,42.66,42.72,42.65,42.7,80039
2024-01-31 11:18:00,42.7,42.7,42.65,42.69,70921
2024-01-31 11:19:00,42.69,42.7,42.64,42.65,85459
2024-01-31 11:20:00,42.65,42.69,42.63,42.69,59524
2024-01-31 11:21:00,42.69,42.72,42.67,42.69,66705
2024-01-31 11:22:00,42.69,42.7,42.66,42.68,49735
2024-01-31 11:23:00,42.67,42.68,42.61,42.63,62226
2024-01-31 11:24:00,42.62,42.64,42.58,42.59,42435
2024-01-31 11:25:00,42.59,42.61,42.58,42.59,41479
2024-01-31 11:26:00,42.59,42.62,42.57,42.6,35880
2024-01-31 11:27:00,42.59,42.61,42.57,42.61,50818
2024-01-31 11:28:00,42.6,42.61,42.56,42.58,36873
2024-01-31 11:29:00,42.57,42.62,42.57,42.61,49748
2024-01-31 11:30:00,42.61,42.63,42.6,42.6,36575
2024-01-31 11:31:00,42.6,42.6,42.57,42.59,24638
2024-01-31 11:32:00,42.59,42.61,42.56,42.57,52003
2024-01-31 11:33:00,42.56,42.61,42.56,42.59,44596
2024-01-31 11:34:00,42.59,42.6,42.56,42.58,20842
2024-01-31 11:35:00,42.58,42.6,42.56,42.59,28222
2024-01-31 11:36:00,42.59,42.6,42.58,42.58,24921
2024-01-31 11:37:00,42.59,42.67,42.59,42.66,96781
2024-01-31 11:38:00,42.67,42.67,42.63,42.64,38376
2024-01-31 11:39:00,42.63,42.69,42.63,42.66,37423
2024-01-31 11:40:00,42.66,42.67,42.62,42.64,34666
2024-01-31 11:41:00,42.65,42.67,42.64,42.67,101094
2024-01-31 11:42:00,42.67,42.68,42.65,42.68,79051
2024-01-31 11:43:00,42.67,42.69,42.65,42.68,63714
2024-01-31 11:44:00,42.68,42.73,42.68,42.72,79462
2024-01-31 11:45:00,42.72,42.77,42.7,42.76,74627
2024-01-31 11:46:00,42.75,42.81,42.75,42.81,125783
2024-01-31 11:47:00,42.8,42.81,42.78,42.79,53900
2024-01-31 11:48:00,42.79,42.8,42.73,42.73,57066
2024-01-31 11:49:00,42.74,42.79,42.74,42.78,46948
2024-01-31 11:50:00,42.79,42.79,42.75,42.79,84041
2024-01-31 11:51:00,42.79,42.8,42.78,42.8,106451
2024-01-31 11:52:00,42.8,42.82,42.75,42.76,71475
2024-01-31 11:53:00,42.76,42.77,42.73,42.76,64131
2024-01-31 11:54:00,42.76,42.79,42.75,42.79,33218
2024-01-31 11:55:00,42.79,42.8,42.76,42.77,50702
2024-01-31 11:56:00,42.77,42.8,42.75,42.78,71489
2024-01-31 11:57:00,42.78,42.79,42.75,42.78,76908
2024-01-31 11:58:00,42.79,42.79,42.75,42.77,29089
2024-01-31 11:59:00,42.77,42.78,42.74,42.76,41248
2024-01-31 12:00:00,42.76,42.77,42.73,42.76,71026
2024-01-31 12:01:00,42.76,42.79,42.76,42.79,45583
2024-01-31 12:02:00,42.79,42.79,42.73,42.75,71437
2024-01-31 12:03:00,42.74,42.75,42.7,42.73,46203
2024-01-31 12:04:00,42.73,42.78,42.72,42.76,49894
2024-01-31 12:05:00,42.75,42.77,42.73,42.76,75644
2024-01-31 12:06:00,42.75,42.76,42.74,42.75,53203
2024-01-31 12:07:00,42.74,42.76,42.73,42.76,44073
2024-01-31 12:08:00,42.76,42.78,42.72,42.72,35220
2024-01-31 12:09:00,42.73,42.74,42.7,42.74,70380
2024-01-31 12:10:00,42.73,42.74,42.65,42.69,576539
2024-01-31 12:11:00,42.7,42.71,42.65,42.71,102602
2024-01-31 12:12:00,42.7,42.71,42.68,42.7,28728
2024-01-31 12:13:00,42.7,42.7,42.66,42.66,33292
2024-01-31 12:14:00,42.66,42.69,42.66,42.68,50984
2024-01-31 12:15:00,42.68,42.69,42.63,42.66,65297
2024-01-31 12:16:00,42.66,42.72,42.64,42.7,41698
2024-01-31 12:17:00,42.69,42.7,42.64,42.65,50703
2024-01-31 12:18:00,42.64,42.67,42.64,42.65,50989
2024-01-31 12:19:00,42.65,42.68,42.6,42.62,95786
2024-01-31 12:20:00,42.61,42.63,42.58,42.62,48454
2024-01-31 12:21:00,42.62,42.66,42.61,42.66,38052
2024-01-31 12:22:00,42.66,42.66,42.61,42.63,30641
2024-01-31 12:23:00,42.63,42.63,42.6,42.62,26450
2024-01-31 12:24:00,42.62,42.68,42.61,42.66,33212
2024-01-31 12:25:00,42.66,42.68,42.63,42.66,119309
2024-01-31 12:26:00,42.66,42.69,42.65,42.67,29899
2024-01-31 12:27:00,42.68,42.69,42.66,42.66,31175
2024-01-31 12:28:00,42.66,42.7,42.66,42.67,27955
2024-01-31 12:29:00,42.68,42.68,42.64,42.64,42003
2024-01-31 12:30:00,42.65,42.68,42.62,42.64,79958
2024-01-31 12:31:00,42.64,42.65,42.6,42.63,71898
2024-01-31 12:32:00,42.62,42.63,42.58,42.59,55793
2024-01-31 12:33:00,42.59,42.62,42.59,42.61,43089
2024-01-31 12:34:00,42.61,42.64,42.59,42.63,32286
2024-01-31 12:35:00,42.63,42.64,42.59,42.61,49733
2024-01-31 12:36:00,42.59,42.6,42.56,42.56,60833
2024-01-31 12:37:00,42.57,42.61,42.54,42.58,124915
2024-01-31 12:38:00,42.58,42.59,42.56,42.59,45944
2024-01-31 12:39:00,42.59,42.64,42.58,42.62,64240
2024-01-31 12:40:00,42.62,42.64,42.59,42.64,58455
2024-01-31 12:41:00,42.64,42.7,42.63,42.69,95399
2024-01-31 12:42:00,42.69,42.75,42.68,42.75,89844
2024-01-31 12:43:00,42.75,42.75,42.72,42.74,45037
2024-01-31 12:44:00,42.75,42.79,42.74,42.79,45765
2024-01-31 12:45:00,42.79,42.79,42.76,42.77,30422
2024-01-31 12:46:00,42.76,42.79,42.73,42.73,50947
2024-01-31 12:47:00,42.74,42.81,42.73,42.79,62817
2024-01-31 12:48:00,42.79,42.81,42.78,42.79,49469
2024-01-31 12:49:00,42.8,42.82,42.78,42.82,52578
2024-01-31 12:50:00,42.81,42.83,42.8,42.8,44205
2024-01-31 12:51:00,42.81,42.85,42.79,42.84,103971
2024-01-31 12:52:00,42.84,42.85,42.82,42.83,37479
2024-01-31 12:53:00,42.83,42.83,42.79,42.8,94228
2024-01-31 12:54:00,42.8,42.81,42.77,42.8,32219
2024-01-31 12:55:00,42.8,42.84,42.79,42.82,50838
2024-01-31 12:56:00,42.82,42.82,42.81,42.82,27017
2024-01-31 12:57:00,42.82,42.85,42.81,42.85,20503
2024-01-31 12:58:00,42.84,42.86,42.84,42.86,83533
2024-01-31 12:59:00,42.86,42.88,42.84,42.87,67350
2024-01-31 13:00:00,42.87,42.89,42.84,42.86,69705
2024-01-31 13:01:00,42.85,42.89,42.84,42.89,93511
2024-01-31 13:02:00,42.89,42.92,42.88,42.92,92944
2024-01-31 13:03:00,42.91,42.93,42.88,42.9,151910
2024-01-31 13:04:00,42.9,42.9,42.85,42.86,200147
2024-01-31 13:05:00,42.86,42.91,42.85,42.91,108254
2024-01-31 13:06:00,42.9,42.93,42.9,42.93,45103
2024-01-31 13:07:00,42.93,43.02,42.92,43.02,191964
2024-01-31 13:08:00,43.02,43.05,43.01,43.05,116208
2024-01-31 13:09:00,43.05,43.09,43.01,43.07,182157
2024-01-31 13:10:00,43.07,43.09,43.03,43.04,119678
2024-01-31 13:11:00,43.05,43.07,43.03,43.04,55819
2024-01-31 13:12:00,43.04,43.07,43.02,43.07,92149
2024-01-31 13:13:00,43.07,43.08,43.04,43.07,88953
2024-01-31 13:14:00,43.07,43.11,43.06,43.11,68668
2024-01-31 13:15:00,43.11,43.17,43.1,43.16,108424
2024-01-31 13:16:00,43.16,43.17,43.11,43.13,87149
2024-01-31 13:17:00,43.12,43.15,43.08,43.09,95089
2024-01-31 13:18:00,43.1,43.13,43.08,43.09,64823
2024-01-31 13:19:00,43.09,43.11,43.06,43.07,80609
2024-01-31 13:20:00,43.07,43.08,43.03,43.05,65911
2024-01-31 13:21:00,43.05,43.05,42.98,42.99,119229
2024-01-31 13:22:00,42.99,43.05,42.97,43.04,66077
2024-01-31 13:23:00,43.04,43.06,43.03,43.05,41909
2024-01-31 13:24:00,43.05,43.12,43.03,43.09,71831
2024-01-31 13:25:00,43.1,43.14,43.1,43.14,53784
2024-01-31 13:26:00,43.14,43.15,43.1,43.11,52998
2024-01-31 13:27:00,43.11,43.14,43.11,43.12,32666
2024-01-31 13:28:00,43.12,43.15,43.11,43.15,71846
2024-01-31 13:29:00,43.15,43.18,43.13,43.18,58056
2024-01-31 13:30:00,43.18,43.22,43.14,43.22,65580
2024-01-31 13:31:00,43.22,43.23,43.18,43.21,72866
2024-01-31 13:32:00,43.21,43.21,43.16,43.19,70506
2024-01-31 13:33:00,43.19,43.2,43.17,43.18,32572
2024-01-31 13:34:00,43.19,43.19,43.13,43.15,63448
2024-01-31 13:35:00,43.15,43.18,43.15,43.16,32030
2024-01-31 13:36:00,43.16,43.16,43.13,43.14,38114
2024-01-31 13:37:00,43.14,43.18,43.13,43.18,57501
2024-01-31 13:38:00,43.17,43.17,43.13,43.13,31106
2024-01-31 13:39:00,43.14,43.14,43.08,43.1,49233
2024-01-31 13:40:00,43.1,43.14,43.09,43.13,42572
2024-01-31 13:41:00,43.14,43.17,43.13,43.16,75794
2024-01-31 13:42:00,43.16,43.18,43.11,43.13,72744
2024-01-31 13:43:00,43.13,43.13,43.09,43.1,37065
2024-01-31 13:44:00,43.11,43.15,43.1,43.14,56505
2024-01-31 13:45:00,43.13,43.17,43.12,43.15,61163
2024-01-31 13:46:00,43.14,43.16,43.14,43.15,43676
2024-01-31 13:47:00,43.15,43.18,43.14,43.17,90004
2024-01-31 13:48:00,43.17,43.18,43.15,43.16,52438
2024-01-31 13:49:00,43.15,43.15,43.13,43.13,32214
2024-01-31 13:50:00,43.14,43.15,43.07,43.08,131913
2024-01-31 13:51:00,43.08,43.14,43.07,43.14,43158
2024-01-31 13:52:00,43.14,43.14,43.11,43.11,20260
2024-01-31 13:53:00,43.1,43.12,43.08,43.12,25264
2024-01-31 13:54:00,43.12,43.13,43.07,43.08,42229
2024-01-31 13:55:00,43.08,43.09,43.06,43.08,44780
2024-01-31 13:56:00,43.08,43.09,43.07,43.08,23303
2024-01-31 13:57:00,43.08,43.09,43.07,43.08,25652
2024-01-31 13:58:00,43.08,43.08,43.07,43.08,55781
2024-01-31 13:59:00,43.07,43.08,43.05,43.07,44802
2024-01-31 14:00:00,43.07,43.12,42.92,43.02,164290
2024-01-31 14:01:00,43.02,43.02,42.91,42.95,122219
2024-01-31 14:02:00,42.95,42.96,42.87,42.95,78437
2024-01-31 14:03:00,42.96,43.01,42.92,43.0,81868
2024-01-31 14:04:00,43.0,43.03,42.93,43.01,48479
2024-01-31 14:05:00,43.02,43.14,43.02,43.11,109596
2024-01-31 14:06:00,43.11,43.14,43.04,43.04,89071
2024-01-31 14:07:00,43.05,43.06,42.99,43.02,43113
2024-01-31 14:08:00,43.03,43.04,42.98,43.0,28855
2024-01-31 14:09:00,43.0,43.04,42.97,42.98,38579
2024-01-31 14:10:00,43.0,43.03,42.96,43.01,38668
2024-01-31 14:11:00,43.0,43.03,42.95,43.03,40846
2024-01-31 14:12:00,43.03,43.06,43.0,43.05,48360
2024-01-31 14:13:00,43.05,43.09,43.02,43.07,42185
2024-01-31 14:14:00,43.09,43.1,43.02,43.04,47280
2024-01-31 14:15:00,43.03,43.05,42.99,43.0,89178
2024-01-31 14:16:00,42.99,43.04,42.97,43.02,44787
2024-01-31 14:17:00,43.02,43.05,42.98,42.99,48889
2024-01-31 14:18:00,43.0,43.01,42.97,42.99,27669
2024-01-31 14:19:00,42.98,43.01,42.97,43.0,19971
2024-01-31 14:20:00,42.99,43.05,42.98,43.05,16954
2024-01-31 14:21:00,43.04,43.08,43.02,43.05,43717
2024-01-31 14:22:00,43.05,43.07,43.01,43.06,49823
2024-01-31 14:23:00,43.07,43.08,43.02,43.08,68490
2024-01-31 14:24:00,43.08,43.15,43.06,43.14,117533
2024-01-31 14:25:00,43.14,43.19,43.1,43.11,146102
2024-01-31 14:26:00,43.12,43.22,43.1,43.21,171385
2024-01-31 14:27:00,43.21,43.22,43.13,43.14,101775
2024-01-31 14:28:00,43.14,43.16,43.09,43.1,48940
2024-01-31 14:29:00,43.1,43.11,43.08,43.09,25183
2024-01-31 14:30:00,43.09,43.14,43.05,43.08,49548
2024-01-31 14:31:00,43.07,43.17,43.03,43.13,55434
2024-01-31 14:32:00,43.14,43.24,43.11,43.23,56308
2024-01-31 14:33:00,43.23,43.25,43.17,43.24,114069
2024-01-31 14:34:00,43.23,43.26,43.18,43.26,71141
2024-01-31 14:35:00,43.26,43.33,43.2,43.23,135996
2024-01-31 14:36:00,43.23,43.32,43.19,43.28,257032
2024-01-31 14:37:00,43.29,43.3,43.2,43.3,152709
2024-01-31 14:38:00,43.28,43.44,43.27,43.41,172205
2024-01-31 14:39:00,43.4,43.55,43.38,43.52,244990
2024-01-31 14:40:00,43.53,43.59,43.5,43.55,291839
2024-01-31 14:41:00,43.55,43.66,43.52,43.64,247754
2024-01-31 14:42:00,43.64,43.67,43.59,43.62,146335
2024-01-31 14:43:00,43.63,43.72,43.61,43.71,139453
2024-01-31 14:44:00,43.71,43.79,43.67,43.71,191903
2024-01-31 14:45:00,43.71,43.78,43.64,43.71,186427
2024-01-31 14:46:00,43.71,43.75,43.68,43.73,90594
2024-01-31 14:47:00,43.73,43.73,43.57,43.6,166568
2024-01-31 14:48:00,43.6,43.64,43.55,43.6,105626
2024-01-31 14:49:00,43.6,43.65,43.55,43.56,110542
2024-01-31 14:50:00,43.56,43.59,43.49,43.54,154815
2024-01-31 14:51:00,43.55,43.56,43.45,43.45,83604
2024-01-31 14:52:00,43.45,43.45,43.34,43.38,177769
2024-01-31 14:53:00,43.38,43.51,43.37,43.46,135049
2024-01-31 14:54:00,43.47,43.51,43.42,43.44,65159
2024-01-31 14:55:00,43.44,43.53,43.4,43.51,61374
2024-01-31 14:56:00,43.5,43.51,43.44,43.46,79291
2024-01-31 14:57:00,43.45,43.52,43.44,43.52,93567
2024-01-31 14:58:00,43.51,43.51,43.46,43.48,70388
2024-01-31 14:59:00,43.48,43.49,43.34,43.38,67627
2024-01-31 15:00:00,43.38,43.4,43.3,43.37,80614
2024-01-31 15:01:00,43.36,43.4,43.26,43.26,87725
2024-01-31 15:02:00,43.27,43.28,43.07,43.11,141831
2024-01-31 15:03:00,43.11,43.13,43.05,43.08,63646
2024-01-31 15:04:00,43.07,43.07,42.97,43.04,103783
2024-01-31 15:05:00,43.03,43.03,42.92,42.93,98236
2024-01-31 15:06:00,42.92,42.97,42.88,42.96,119440
2024-01-31 15:07:00,42.94,43.02,42.82,43.02,134795
2024-01-31 15:08:00,43.01,43.12,43.01,43.09,179257
2024-01-31 15:09:00,43.09,43.12,43.02,43.09,82543
2024-01-31 15:10:00,43.09,43.16,43.07,43.12,79136
2024-01-31 15:11:00,43.11,43.12,43.02,43.05,117261
2024-01-31 15:12:00,43.05,43.15,43.02,43.14,185986
2024-01-31 15:13:00,43.14,43.18,43.07,43.16,105770
2024-01-31 15:14:00,43.15,43.2,43.13,43.16,65154
2024-01-31 15:15:00,43.16,43.26,43.12,43.24,160680
2024-01-31 15:16:00,43.25,43.29,43.17,43.21,230508
2024-01-31 15:17:00,43.22,43.28,43.2,43.24,110393
2024-01-31 15:18:00,43.24,43.24,43.16,43.2,123716
2024-01-31 15:19:00,43.19,43.24,43.16,43.16,97702
2024-01-31 15:20:00,43.17,43.23,43.11,43.23,78847
2024-01-31 15:21:00,43.23,43.29,43.2,43.24,95440
2024-01-31 15:22:00,43.23,43.28,43.2,43.25,87550
2024-01-31 15:23:00,43.25,43.33,43.21,43.33,105904
2024-01-31 15:24:00,43.33,43.37,43.28,43.29,161443
2024-01-31 15:25:00,43.28,43.28,43.2,43.22,99061
2024-01-31 15:26:00,43.22,43.26,43.2,43.23,59014
2024-01-31 15:27:00,43.23,43.26,43.18,43.26,103486
2024-01-31 15:28:00,43.26,43.27,43.18,43.19,84416
2024-01-31 15:29:00,43.18,43.22,43.15,43.2,84357
2024-01-31 15:30:00,43.19,43.22,43.14,43.15,97560
2024-01-31 15:31:00,43.15,43.2,43.14,43.16,86349
2024-01-31 15:32:00,43.16,43.17,43.09,43.11,67945
2024-01-31 15:33:00,43.1,43.14,43.09,43.11,96984
2024-01-31 15:34:00,43.1,43.16,43.08,43.16,127952
2024-01-31 15:35:00,43.16,43.16,43.06,43.08,102514
2024-01-31 15:36:00,43.08,43.13,43.06,43.11,154280
2024-01-31 15:37:00,43.11,43.13,43.07,43.13,55534
2024-01-31 15:38:00,43.13,43.15,43.1,43.15,72900
2024-01-31 15:39:00,43.15,43.21,43.12,43.2,99294
2024-01-31 15:40:00,43.2,43.23,43.16,43.21,104433
2024-01-31 15:41:00,43.21,43.23,43.18,43.2,120808
2024-01-31 15:42:00,43.2,43.21,43.15,43.15,91700
2024-01-31 15:43:00,43.16,43.22,43.14,43.19,103012
2024-01-31 15:44:00,43.18,43.19,43.13,43.14,71402
2024-01-31 15:45:00,43.14,43.19,43.13,43.15,104264
2024-01-31 15:46:00,43.15,43.16,43.11,43.13,98906
2024-01-31 15:47:00,43.13,43.19,43.08,43.19,112768
2024-01-31 15:48:00,43.19,43.19,43.13,43.18,90043
2024-01-31 15:49:00,43.18,43.22,43.17,43.21,103744
2024-01-31 15:50:00,43.22,43.22,43.05,43.09,428857
2024-01-31 15:51:00,43.09,43.1,43.0,43.03,230155
2024-01-31 15:52:00,43.02,43.09,43.01,43.08,170250
2024-01-31 15:53:00,43.07,43.08,42.99,43.01,388741
2024-01-31 15:54:00,43.02,43.14,43.0,43.13,591672
2024-01-31 15:55:00,43.13,43.16,43.1,43.15,336153
2024-01-31 15:56:00,43.15,43.21,43.14,43.17,273382
2024-01-31 15:57:00,43.18,43.21,43.16,43.17,342638
2024-01-31 15:58:00,43.17,43.17,43.11,43.13,429107
2024-01-31 15:59:00,43.13,43.14,43.08,43.09,519045
2024-02-01 09:30:00,43.11,43.29,43.1,43.26,692979
2024-02-01 09:31:00,43.25,43.41,43.2,43.4,105997
2024-02-01 09:32:00,43.4,43.4,43.27,43.35,107864
2024-02-01 09:33:00,43.34,43.4,43.25,43.34,134008
2024-02-01 09:34:00,43.34,43.4,43.3,43.36,98450
2024-02-01 09:35:00,43.34,43.35,43.21,43.23,135674
2024-02-01 09:36:00,43.23,43.26,43.09,43.19,190639
2024-02-01 09:37:00,43.19,43.2,43.14,43.2,90535
2024-02-01 09:38:00,43.19,43.21,43.1,43.11,49390
2024-02-01 09:39:00,43.11,43.18,43.03,43.04,115265
2024-02-01 09:40:00,43.04,43.09,43.01,43.05,230916
2024-02-01 09:41:00,43.04,43.05,42.9,42.93,192350
2024-02-01 09:42:00,42.94,42.97,42.89,42.93,249260
2024-02-01 09:43:00,42.93,42.93,42.85,42.9,106460
2024-02-01 09:44:00,42.9,42.9,42.82,42.88,80552
2024-02-01 09:45:00,42.88,42.88,42.81,42.86,86891
2024-02-01 09:46:00,42.87,42.96,42.81,42.95,319755
2024-02-01 09:47:00,42.95,42.96,42.9,42.96,111078
2024-02-01 09:48:00,42.96,42.96,42.83,42.86,113449
2024-02-01 09:49:00,42.86,42.9,42.8,42.89,77388
2024-02-01 09:50:00,42.88,42.96,42.85,42.96,77815
2024-02-01 09:51:00,42.96,43.02,42.96,43.01,216650
2024-02-01 09:52:00,43.01,43.06,42.92,42.93,73086
2024-02-01 09:53:00,42.93,42.94,42.86,42.93,63181
2024-02-01 09:54:00,42.93,43.02,42.93,43.0,69045
2024-02-01 09:55:00,43.01,43.01,42.91,42.91,58713
2024-02-01 09:56:00,42.92,43.0,42.89,42.89,74939
2024-02-01 09:57:00,42.9,42.9,42.8,42.82,98957
2024-02-01 09:58:00,42.82,42.91,42.81,42.9,60780
2024-02-01 09:59:00,42.9,42.93,42.89,42.92,61647
2024-02-01 10:00:00,42.91,42.91,42.74,42.82,184405
2024-02-01 10:01:00,42.81,42.93,42.8,42.83,65455
2024-02-01 10:02:00,42.83,42.92,42.81,42.81,89314
2024-02-01 10:03:00,42.82,42.86,42.8,42.85,60421
2024-02-01 10:04:00,42.86,42.91,42.82,42.88,73012
2024-02-01 10:05:00,42.88,42.93,42.86,42.87,63694
2024-02-01 10:06:00,42.86,42.93,42.85,42.88,52631
2024-02-01 10:07:00,42.88,42.93,42.86,42.9,38629
2024-02-01 10:08:00,42.89,42.98,42.89,42.97,130719
2024-02-01 10:09:00,42.98,43.05,42.96,43.03,136364
2024-02-01 10:10:00,43.04,43.09,43.01,43.07,85766
2024-02-01 10:11:00,43.07,43.08,42.99,43.01,59842
2024-02-01 10:12:00,43.02,43.03,42.95,42.96,95801
2024-02-01 10:13:00,42.96,42.97,42.85,42.87,421246
2024-02-01 10:14:00,42.87,42.93,42.86,42.93,60122
2024-02-01 10:15:00,42.93,42.96,42.92,42.95,71806
2024-02-01 10:16:00,42.95,42.95,42.89,42.92,61454
2024-02-01 10:17:00,42.91,43.0,42.91,42.97,100719
2024-02-01 10:18:00,42.98,42.98,42.85,42.86,96443
2024-02-01 10:19:00,42.85,42.87,42.82,42.82,69146
2024-02-01 10:20:00,42.83,42.85,42.79,42.84,77769
2024-02-01 10:21:00,42.84,42.85,42.72,42.72,148071
2024-02-01 10:22:00,42.73,42.79,42.72,42.74,67060
2024-02-01 10:23:00,42.74,42.76,42.71,42.74,73427
2024-02-01 10:24:00,42.74,42.8,42.71,42.79,73494
2024-02-01 10:25:00,42.8,42.83,42.74,42.78,115849
2024-02-01 10:26:00,42.79,42.83,42.77,42.83,60184
2024-02-01 10:27:00,42.83,42.85,42.81,42.83,55791
2024-02-01 10:28:00,42.84,42.86,42.81,42.84,136249
2024-02-01 10:29:00,42.85,42.88,42.82,42.84,88507
2024-02-01 10:30:00,42.84,42.89,42.84,42.86,79784
2024-02-01 10:31:00,42.86,42.89,42.79,42.84,65139
2024-02-01 10:32:00,42.83,42.84,42.76,42.8,45422
2024-02-01 10:33:00,42.8,42.85,42.78,42.84,36100
2024-02-01 10:34:00,42.84,42.87,42.81,42.82,64649
2024-02-01 10:35:00,42.82,42.84,42.76,42.81,105036
2024-02-01 10:36:00,42.81,42.83,42.76,42.83,49514
2024-02-01 10:37:00,42.82,42.85,42.78,42.79,103510
2024-02-01 10:38:00,42.79,42.84,42.77,42.82,43525
2024-02-01 10:39:00,42.83,42.83,42.79,42.8,39742
2024-02-01 10:40:00,42.8,42.83,42.79,42.81,61103
2024-02-01 10:41:00,42.81,42.84,42.74,42.75,113317
2024-02-01 10:42:00,42.75,42.76,42.69,42.71,152525
2024-02-01 10:43:00,42.71,42.74,42.65,42.67,111933
2024-02-01 10:44:00,42.67,42.68,42.62,42.65,163164
2024-02-01 10:45:00,42.66,42.68,42.61,42.61,87603
2024-02-01 10:46:00,42.62,42.68,42.61,42.68,57836
2024-02-01 10:47:00,42.68,42.71,42.67,42.68,49748
2024-02-01 10:48:00,42.68,42.7,42.65,42.66,49851
2024-02-01 10:49:00,42.65,42.66,42.61,42.63,57196
2024-02-01 10:50:00,42.64,42.64,42.6,42.63,67555
2024-02-01 10:51:00,42.63,42.67,42.61,42.62,107811
2024-02-01 10:52:00,42.62,42.62,42.54,42.56,113531
2024-02-01 10:53:00,42.55,42.58,42.52,42.52,90871
2024-02-01 10:54:00,42.53,42.54,42.51,42.53,65919
2024-02-01 10:55:00,42.54,42.56,42.51,42.53,144612
2024-02-01 10:56:00,42.54,42.54,42.5,42.52,93553
2024-02-01 10:57:00,42.52,42.56,42.51,42.54,67355
2024-02-01 10:58:00,42.54,42.58,42.54,42.58,57524
2024-02-01 10:59:00,42.58,42.58,42.52,42.53,52924
2024-02-01 11:00:00,42.53,42.54,42.48,42.51,137649
2024-02-01 11:01:00,42.52,42.55,42.5,42.55,55996
2024-02-01 11:02:00,42.55,42.59,42.55,42.57,67475
2024-02-01 11:03:00,42.57,42.58,42.53,42.56,116210
2024-02-01 11:04:00,42.55,42.59,42.54,42.57,90720
2024-02-01 11:05:00,42.58,42.64,42.57,42.64,65139
2024-02-01 11:06:00,42.64,42.66,42.62,42.65,181730
2024-02-01 11:07:00,42.64,42.65,42.6,42.61,55245
2024-02-01 11:08:00,42.62,42.66,42.61,42.62,52707
2024-02-01 11:09:00,42.62,42.67,42.62,42.64,56717
2024-02-01 11:10:00,42.64,42.7,42.64,42.67,51416
2024-02-01 11:11:00,42.67,42.68,42.63,42.65,48030
2024-02-01 11:12:00,42.65,42.65,42.55,42.55,106353
2024-02-01 11:13:00,42.55,42.58,42.53,42.55,74166
2024-02-01 11:14:00,42.55,42.61,42.55,42.58,42997
2024-02-01 11:15:00,42.59,42.67,42.59,42.66,56020
2024-02-01 11:16:00,42.66,42.69,42.64,42.66,53091
2024-02-01 11:17:00,42.65,42.69,42.64,42.66,162696
2024-02-01 11:18:00,42.66,42.69,42.65,42.66,32119
2024-02-01 11:19:00,42.66,42.69,42.66,42.66,39692
2024-02-01 11:20:00,42.66,42.71,42.66,42.71,101814
2024-02-01 11:21:00,42.71,42.74,42.69,42.73,28540
2024-02-01 11:22:00,42.74,42.76,42.73,42.75,59850
2024-02-01 11:23:00,42.75,42.76,42.73,42.74,43524
2024-02-01 11:24:00,42.75,42.75,42.71,42.72,57882
2024-02-01 11:25:00,42.72,42.74,42.7,42.72,124407
2024-02-01 11:26:00,42.72,42.73,42.7,42.7,49511
2024-02-01 11:27:00,42.7,42.72,42.66,42.68,59935
2024-02-01 11:28:00,42.69,42.69,42.64,42.66,71883
2024-02-01 11:29:00,42.66,42.68,42.65,42.66,52219
2024-02-01 11:30:00,42.66,42.67,42.61,42.63,65091
2024-02-01 11:31:00,42.63,42.64,42.56,42.57,67845
2024-02-01 11:32:00,42.57,42.61,42.56,42.61,47505
2024-02-01 11:33:00,42.61,42.68,42.61,42.66,58615
2024-02-01 11:34:00,42.66,42.68,42.66,42.68,44159
2024-02-01 11:35:00,42.68,42.7,42.66,42.66,64732
2024-02-01 11:36:00,42.66,42.69,42.65,42.68,41703
2024-02-01 11:37:00,42.68,42.7,42.65,42.66,35509
2024-02-01 11:38:00,42.66,42.68,42.65,42.66,40076
2024-02-01 11:39:00,42.66,42.72,42.64,42.72,77305
2024-02-01 11:40:00,42.72,42.78,42.71,42.77,88263
2024-02-01 11:41:00,42.77,42.79,42.7,42.71,83279
2024-02-01 11:42:00,42.71,42.73,42.7,42.71,58065
2024-02-01 11:43:00,42.71,42.72,42.7,42.72,26391
2024-02-01 11:44:00,42.71,42.72,42.68,42.69,65107
2024-02-01 11:45:00,42.69,42.72,42.67,42.68,109384
2024-02-01 11:46:00,42.68,42.73,42.67,42.73,49086
2024-02-01 11:47:00,42.72,42.75,42.71,42.75,36937
2024-02-01 11:48:00,42.75,42.77,42.73,42.77,45487
2024-02-01 11:49:00,42.77,42.8,42.76,42.8,59969
2024-02-01 11:50:00,42.8,42.84,42.79,42.82,59647
2024-02-01 11:51:00,42.83,42.83,42.78,42.8,56770
2024-02-01 11:52:00,42.79,42.8,42.74,42.76,52400
2024-02-01 11:53:00,42.76,42.78,42.75,42.75,45961
2024-02-01 11:54:00,42.75,42.75,42.72,42.73,34111
2024-02-01 11:55:00,42.73,42.78,42.73,42.75,93103
2024-02-01 11:56:00,42.75,42.76,42.7,42.75,57345
2024-02-01 11:57:00,42.75,42.79,42.74,42.77,47391
2024-02-01 11:58:00,42.78,42.82,42.76,42.82,49464
2024-02-01 11:59:00,42.81,42.83,42.79,42.8,61384
2024-02-01 12:00:00,42.8,42.8,42.77,42.77,50047
2024-02-01 12:01:00,42.79,42.87,42.78,42.85,86914
2024-02-01 12:02:00,42.85,42.92,42.84,42.91,90218
2024-02-01 12:03:00,42.9,42.96,42.89,42.95,96898
2024-02-01 12:04:00,42.95,42.99,42.94,42.98,99333
2024-02-01 12:05:00,42.98,43.0,42.97,42.98,91050
2024-02-01 12:06:00,42.98,43.05,42.98,43.03,142705
2024-02-01 12:07:00,43.03,43.08,43.02,43.08,82560
2024-02-01 12:08:00,43.08,43.08,43.04,43.04,40400
2024-02-01 12:09:00,43.05,43.09,43.04,43.06,83270
2024-02-01 12:10:00,43.06,43.11,43.06,43.11,57060
2024-02-01 12:11:00,43.1,43.11,43.06,43.07,65272
2024-02-01 12:12:00,43.08,43.1,43.05,43.05,105937
2024-02-01 12:13:00,43.05,43.06,43.03,43.04,46757
2024-02-01 12:14:00,43.05,43.08,43.04,43.06,44635
2024-02-01 12:15:00,43.07,43.11,43.07,43.09,44220
2024-02-01 12:16:00,43.09,43.13,43.08,43.12,81336
2024-02-01 12:17:00,43.12,43.14,43.09,43.13,60663
2024-02-01 12:18:00,43.13,43.16,43.12,43.16,69619
2024-02-01 12:19:00,43.15,43.2,43.14,43.14,98903
2024-02-01 12:20:00,43.15,43.16,43.14,43.16,82449
2024-02-01 12:21:00,43.15,43.16,43.12,43.14,113563
2024-02-01 12:22:00,43.14,43.17,43.12,43.12,43628
2024-02-01 12:23:00,43.12,43.19,43.11,43.18,46995
2024-02-01 12:24:00,43.17,43.19,43.17,43.19,32964
2024-02-01 12:25:00,43.18,43.19,43.15,43.16,48676
2024-02-01 12:26:00,43.16,43.17,43.14,43.15,44953
2024-02-01 12:27:00,43.15,43.15,43.12,43.14,46626
2024-02-01 12:28:00,43.14,43.15,43.13,43.15,30985
2024-02-01 12:29:00,43.15,43.15,43.1,43.12,67033
2024-02-01 12:30:00,43.12,43.13,43.11,43.12,35372
2024-02-01 12:31:00,43.13,43.14,43.11,43.13,44415
2024-02-01 12:32:00,43.13,43.13,43.09,43.11,79219
2024-02-01 12:33:00,43.11,43.14,43.09,43.14,38967
2024-02-01 12:34:00,43.13,43.16,43.11,43.15,46280
2024-02-01 12:35:00,43.15,43.19,43.15,43.18,40154
2024-02-01 12:36:00,43.18,43.2,43.17,43.2,52967
2024-02-01 12:37:00,43.2,43.21,43.18,43.21,90672
2024-02-01 12:38:00,43.21,43.21,43.15,43.16,51305
2024-02-01 12:39:00,43.16,43.18,43.14,43.17,56211
2024-02-01 12:40:00,43.16,43.19,43.12,43.15,58870
2024-02-01 12:41:00,43.15,43.16,43.14,43.16,29260
2024-02-01 12:42:00,43.16,43.16,43.12,43.15,43633
2024-02-01 12:43:00,43.14,43.17,43.12,43.16,42895
2024-02-01 12:44:00,43.16,43.19,43.14,43.18,42731
2024-02-01 12:45:00,43.18,43.25,43.18,43.25,63018
2024-02-01 12:46:00,43.25,43.26,43.22,43.26,52683
2024-02-01 12:47:00,43.25,43.28,43.24,43.27,27324
2024-02-01 12:48:00,43.28,43.28,43.24,43.26,33034
2024-02-01 12:49:00,43.27,43.28,43.26,43.27,22193
2024-02-01 12:50:00,43.27,43.32,43.27,43.28,40366
2024-02-01 12:51:00,43.29,43.3,43.27,43.28,27396
2024-02-01 12:52:00,43.29,43.34,43.28,43.32,48364
2024-02-01 12:53:00,43.33,43.34,43.32,43.34,71684
2024-02-01 12:54:00,43.34,43.37,43.33,43.33,88823
2024-02-01 12:55:00,43.34,43.35,43.31,43.34,46284
2024-02-01 12:56:00,43.33,43.34,43.3,43.32,39100
2024-02-01 12:57:00,43.33,43.33,43.27,43.27,87722
2024-02-01 12:58:00,43.27,43.28,43.21,43.23,82257
2024-02-01 12:59:00,43.23,43.25,43.22,43.23,29968
2024-02-01 13:00:00,43.23,43.24,43.21,43.22,55205
2024-02-01 13:01:00,43.23,43.23,43.17,43.18,43338
2024-02-01 13:02:00,43.19,43.2,43.15,43.16,51971
2024-02-01 13:03:00,43.16,43.17,43.13,43.16,24778
2024-02-01 13:04:00,43.16,43.17,43.1,43.12,50162
2024-02-01 13:05:00,43.13,43.15,43.11,43.14,30874
2024-02-01 13:06:00,43.15,43.15,43.1,43.1,37669
2024-02-01 13:07:00,43.11,43.13,43.09,43.13,47073
2024-02-01 13:08:00,43.13,43.16,43.11,43.16,30043
2024-02-01 13:09:00,43.16,43.16,43.13,43.14,35505
2024-02-01 13:10:00,43.15,43.2,43.14,43.19,46058
2024-02-01 13:11:00,43.18,43.22,43.18,43.22,30081
2024-02-01 13:12:00,43.22,43.22,43.2,43.22,21962
2024-02-01 13:13:00,43.22,43.26,43.21,43.26,37078
2024-02-01 13:14:00,43.26,43.3,43.25,43.3,35120
2024-02-01 13:15:00,43.3,43.31,43.28,43.29,46218
2024-02-01 13:16:00,43.29,43.31,43.28,43.29,38364
2024-02-01 13:17:00,43.29,43.31,43.28,43.3,20837
2024-02-01 13:18:00,43.3,43.3,43.26,43.27,25974
2024-02-01 13:19:00,43.27,43.3,43.26,43.3,28705
2024-02-01 13:20:00,43.3,43.31,43.28,43.3,27274
2024-02-01 13:21:00,43.3,43.33,43.3,43.33,49078
2024-02-01 13:22:00,43.33,43.33,43.3,43.3,28518
2024-02-01 13:23:00,43.3,43.31,43.27,43.28,47168
2024-02-01 13:24:00,43.27,43.3,43.25,43.29,43479
2024-02-01 13:25:00,43.3,43.35,43.29,43.34,56240
2024-02-01 13:26:00,43.34,43.35,43.32,43.34,31858
2024-02-01 13:27:00,43.34,43.35,43.31,43.33,35095
2024-02-01 13:28:00,43.34,43.35,43.32,43.34,21646
2024-02-01 13:29:00,43.34,43.36,43.33,43.34,42875
2024-02-01 13:30:00,43.34,43.39,43.33,43.39,65703
2024-02-01 13:31:00,43.39,43.45,43.38,43.45,162801
2024-02-01 13:32:00,43.45,43.49,43.44,43.48,65645
2024-02-01 13:33:00,43.49,43.53,43.48,43.52,82883
2024-02-01 13:34:00,43.52,43.56,43.52,43.54,108560
2024-02-01 13:35:00,43.54,43.57,43.51,43.52,56516
2024-02-01 13:36:00,43.53,43.54,43.44,43.45,71368
2024-02-01 13:37:00,43.45,43.46,43.34,43.37,103654
2024-02-01 13:38:00,43.36,43.37,43.29,43.35,60119
2024-02-01 13:39:00,43.36,43.37,43.33,43.33,38400
2024-02-01 13:40:00,43.34,43.38,43.33,43.34,29582
2024-02-01 13:41:00,43.35,43.36,43.32,43.34,34843
2024-02-01 13:42:00,43.33,43.35,43.31,43.33,33393
2024-02-01 13:43:00,43.33,43.34,43.27,43.29,50071
2024-02-01 13:44:00,43.3,43.33,43.29,43.29,39428
2024-02-01 13:45:00,43.3,43.35,43.29,43.35,34564
2024-02-01 13:46:00,43.34,43.36,43.34,43.34,56102
2024-02-01 13:47:00,43.34,43.38,43.34,43.36,54546
2024-02-01 13:48:00,43.36,43.39,43.36,43.36,23907
2024-02-01 13:49:00,43.37,43.39,43.36,43.37,24359
2024-02-01 13:50:00,43.37,43.41,43.36,43.38,50677
2024-02-01 13:51:00,43.38,43.41,43.37,43.4,24813
2024-02-01 13:52:00,43.41,43.42,43.39,43.41,86610
2024-02-01 13:53:00,43.41,43.43,43.4,43.41,41252
2024-02-01 13:54:00,43.41,43.43,43.4,43.41,39484
2024-02-01 13:55:00,43.41,43.43,43.4,43.4,53858
2024-02-01 13:56:00,43.41,43.44,43.4,43.42,56140
2024-02-01 13:57:00,43.43,43.46,43.42,43.45,48813
2024-02-01 13:58:00,43.45,43.45,43.39,43.41,39460
2024-02-01 13:59:00,43.41,43.42,43.36,43.39,67681
2024-02-01 14:00:00,43.39,43.4,43.36,43.36,43225
2024-02-01 14:01:00,43.37,43.37,43.34,43.37,72838
2024-02-01 14:02:00,43.36,43.37,43.34,43.37,27492
2024-02-01 14:03:00,43.37,43.4,43.35,43.37,41468
2024-02-01 14:04:00,43.37,43.4,43.35,43.4,35822
2024-02-01 14:05:00,43.39,43.41,43.38,43.41,36202
2024-02-01 14:06:00,43.41,43.42,43.38,43.4,40090
2024-02-01 14:07:00,43.4,43.4,43.35,43.36,39658
2024-02-01 14:08:00,43.36,43.4,43.35,43.4,50151
2024-02-01 14:09:00,43.4,43.42,43.39,43.41,26112
2024-02-01 14:10:00,43.41,43.45,43.41,43.41,32758
2024-02-01 14:11:00,43.41,43.41,43.32,43.32,55323
2024-02-01 14:12:00,43.32,43.34,43.3,43.3,27950
2024-02-01 14:13:00,43.3,43.34,43.3,43.34,30975
2024-02-01 14:14:00,43.34,43.35,43.31,43.32,31578
2024-02-01 14:15:00,43.33,43.34,43.29,43.34,29941
2024-02-01 14:16:00,43.34,43.34,43.3,43.32,38794
2024-02-01 14:17:00,43.32,43.33,43.3,43.33,15339
2024-02-01 14:18:00,43.33,43.36,43.31,43.35,88677
2024-02-01 14:19:00,43.36,43.36,43.32,43.33,30597
2024-02-01 14:20:00,43.33,43.35,43.31,43.32,32950
2024-02-01 14:21:00,43.32,43.32,43.29,43.3,33507
2024-02-01 14:22:00,43.3,43.32,43.29,43.32,19665
2024-02-01 14:23:00,43.32,43.32,43.29,43.31,70892
2024-02-01 14:24:00,43.31,43.32,43.3,43.31,30796
2024-02-01 14:25:00,43.3,43.34,43.3,43.32,47264
2024-02-01 14:26:00,43.32,43.32,43.25,43.26,75471
2024-02-01 14:27:00,43.26,43.26,43.2,43.21,82968
2024-02-01 14:28:00,43.21,43.26,43.2,43.26,100665
2024-02-01 14:29:00,43.25,43.29,43.25,43.26,43650
2024-02-01 14:30:00,43.27,43.29,43.23,43.25,36609
2024-02-01 14:31:00,43.26,43.26,43.21,43.23,38272
2024-02-01 14:32:00,43.24,43.26,43.22,43.23,26173
2024-02-01 14:33:00,43.24,43.24,43.2,43.23,38059
2024-02-01 14:34:00,43.23,43.24,43.21,43.22,25545
2024-02-01 14:35:00,43.23,43.28,43.22,43.27,57151
2024-02-01 14:36:00,43.27,43.29,43.26,43.27,47835
2024-02-01 14:37:00,43.27,43.29,43.26,43.27,37551
2024-02-01 14:38:00,43.27,43.3,43.27,43.29,31648
2024-02-01 14:39:00,43.28,43.32,43.28,43.3,31464
2024-02-01 14:40:00,43.3,43.33,43.3,43.3,33021
2024-02-01 14:41:00,43.3,43.31,43.28,43.31,30505
2024-02-01 14:42:00,43.3,43.31,43.27,43.27,42287
2024-02-01 14:43:00,43.27,43.29,43.27,43.28,33501
2024-02-01 14:44:00,43.28,43.32,43.28,43.32,17242
2024-02-01 14:45:00,43.32,43.37,43.3,43.35,68430
2024-02-01 14:46:00,43.36,43.37,43.34,43.37,44802
2024-02-01 14:47:00,43.37,43.4,43.36,43.38,51320
2024-02-01 14:48:00,43.37,43.39,43.36,43.37,41252
2024-02-01 14:49:00,43.37,43.38,43.33,43.34,71784
2024-02-01 14:50:00,43.34,43.36,43.33,43.34,39302
2024-02-01 14:51:00,43.35,43.38,43.34,43.38,43624
2024-02-01 14:52:00,43.38,43.38,43.35,43.36,37749
2024-02-01 14:53:00,43.37,43.37,43.33,43.34,43094
2024-02-01 14:54:00,43.35,43.37,43.32,43.32,84882
2024-02-01 14:55:00,43.33,43.35,43.32,43.34,52576
2024-02-01 14:56:00,43.34,43.36,43.33,43.34,47949
2024-02-01 14:57:00,43.34,43.37,43.33,43.37,54649
2024-02-01 14:58:00,43.37,43.4,43.37,43.4,66951
2024-02-01 14:59:00,43.4,43.4,43.35,43.38,41160
2024-02-01 15:00:00,43.38,43.39,43.37,43.39,56389
2024-02-01 15:01:00,43.38,43.39,43.36,43.36,37194
2024-02-01 15:02:00,43.36,43.37,43.35,43.37,42457
2024-02-01 15:03:00,43.36,43.4,43.35,43.4,58044
2024-02-01 15:04:00,43.4,43.43,43.39,43.43,109109
2024-02-01 15:05:00,43.43,43.43,43.42,43.43,64363
2024-02-01 15:06:00,43.43,43.45,43.42,43.43,66498
2024-02-01 15:07:00,43.43,43.43,43.37,43.38,55538
2024-02-01 15:08:00,43.38,43.39,43.36,43.38,36067
2024-02-01 15:09:00,43.38,43.39,43.36,43.38,39889
2024-02-01 15:10:00,43.38,43.38,43.3,43.33,96978
2024-02-01 15:11:00,43.33,43.35,43.32,43.34,52316
2024-02-01 15:12:00,43.33,43.36,43.32,43.36,48486
2024-02-01 15:13:00,43.36,43.37,43.35,43.35,33344
2024-02-01 15:14:00,43.36,43.36,43.34,43.35,37672
2024-02-01 15:15:00,43.35,43.37,43.34,43.37,58042
2024-02-01 15:16:00,43.37,43.37,43.35,43.35,58767
2024-02-01 15:17:00,43.36,43.37,43.35,43.35,39159
2024-02-01 15:18:00,43.35,43.37,43.34,43.36,65759
2024-02-01 15:19:00,43.36,43.37,43.35,43.36,67252
2024-02-01 15:20:00,43.35,43.37,43.34,43.35,69701
2024-02-01 15:21:00,43.35,43.36,43.32,43.34,56438
2024-02-01 15:22:00,43.34,43.36,43.32,43.36,54971
2024-02-01 15:23:00,43.36,43.37,43.34,43.34,64855
2024-02-01 15:24:00,43.35,43.37,43.33,43.36,73994
2024-02-01 15:25:00,43.36,43.41,43.35,43.41,110809
2024-02-01 15:26:00,43.41,43.42,43.39,43.41,89317
2024-02-01 15:27:00,43.41,43.41,43.37,43.39,77899
2024-02-01 15:28:00,43.39,43.42,43.38,43.41,56663
2024-02-01 15:29:00,43.4,43.44,43.4,43.43,87118
2024-02-01 15:30:00,43.43,43.48,43.43,43.47,139292
2024-02-01 15:31:00,43.47,43.49,43.45,43.48,87365
2024-02-01 15:32:00,43.47,43.49,43.46,43.49,66301
2024-02-01 15:33:00,43.48,43.49,43.45,43.48,82620
2024-02-01 15:34:00,43.48,43.5,43.46,43.48,63959
2024-02-01 15:35:00,43.48,43.51,43.48,43.48,136684
2024-02-01 15:36:00,43.49,43.5,43.44,43.45,67495
2024-02-01 15:37:00,43.45,43.47,43.43,43.46,99449
2024-02-01 15:38:00,43.46,43.47,43.44,43.44,86187
2024-02-01 15:39:00,43.44,43.46,43.43,43.45,93346
2024-02-01 15:40:00,43.45,43.46,43.44,43.46,99691
2024-02-01 15:41:00,43.46,43.46,43.4,43.41,75569
2024-02-01 15:42:00,43.41,43.43,43.4,43.43,67336
2024-02-01 15:43:00,43.43,43.47,43.42,43.46,99486
2024-02-01 15:44:00,43.46,43.47,43.44,43.46,89470
2024-02-01 15:45:00,43.46,43.48,43.42,43.44,72874
2024-02-01 15:46:00,43.44,43.45,43.42,43.44,83721
2024-02-01 15:47:00,43.44,43.44,43.38,43.39,159757
2024-02-01 15:48:00,43.39,43.39,43.35,43.38,107555
2024-02-01 15:49:00,43.38,43.38,43.34,43.35,127573
2024-02-01 15:50:00,43.35,43.41,43.35,43.4,160639
2024-02-01 15:51:00,43.4,43.42,43.38,43.42,183388
2024-02-01 15:52:00,43.41,43.46,43.4,43.44,328106
2024-02-01 15:53:00,43.44,43.44,43.37,43.39,205699
2024-02-01 15:54:00,43.4,43.44,43.38,43.42,270401
2024-02-01 15:55:00,43.42,43.43,43.38,43.41,241431
2024-02-01 15:56:00,43.41,43.41,43.35,43.36,233674
2024-02-01 15:57:00,43.36,43.37,43.35,43.37,251983
2024-02-01 15:58:00,43.37,43.38,43.36,43.37,260136
2024-02-01 15:59:00,43.37,43.42,43.36,43.38,757546
2024-02-02 09:30:00,43.0,43.14,42.9,42.98,637042
2024-02-02 09:31:00,42.99,43.01,42.76,42.78,157628
2024-02-02 09:32:00,42.76,42.8,42.66,42.75,132861
2024-02-02 09:33:00,42.75,42.94,42.74,42.91,87259
2024-02-02 09:34:00,42.91,43.05,42.9,42.96,94532
2024-02-02 09:35:00,42.93,42.95,42.8,42.81,133074
2024-02-02 09:36:00,42.81,42.84,42.76,42.83,65538
2024-02-02 09:37:00,42.83,42.89,42.81,42.84,105281
2024-02-02 09:38:00,42.84,42.87,42.75,42.75,78104
2024-02-02 09:39:00,42.75,42.75,42.59,42.63,261838
2024-02-02 09:40:00,42.63,42.68,42.57,42.58,238458
2024-02-02 09:41:00,42.59,42.64,42.52,42.58,233428
2024-02-02 09:42:00,42.58,42.59,42.47,42.52,287792
2024-02-02 09:43:00,42.52,42.54,42.42,42.46,141049
2024-02-02 09:44:00,42.46,42.47,42.28,42.37,265559
2024-02-02 09:45:00,42.38,42.43,42.37,42.39,146541
2024-02-02 09:46:00,42.39,42.42,42.36,42.4,175962
2024-02-02 09:47:00,42.41,42.42,42.33,42.38,150594
2024-02-02 09:48:00,42.38,42.41,42.35,42.35,172475
2024-02-02 09:49:00,42.36,42.38,42.32,42.34,129535
2024-02-02 09:50:00,42.34,42.41,42.31,42.38,266160
2024-02-02 09:51:00,42.38,42.41,42.3,42.4,193420
2024-02-02 09:52:00,42.39,42.4,42.34,42.38,124291
2024-02-02 09:53:00,42.38,42.39,42.32,42.33,94319
2024-02-02 09:54:00,42.33,42.35,42.24,42.26,192312
2024-02-02 09:55:00,42.26,42.3,42.22,42.27,132078
2024-02-02 09:56:00,42.27,42.39,42.27,42.38,131359
2024-02-02 09:57:00,42.37,42.38,42.29,42.3,88924
2024-02-02 09:58:00,42.3,42.3,42.21,42.24,122751
2024-02-02 09:59:00,42.25,42.26,42.2,42.23,130344
2024-02-02 10:00:00,42.24,42.33,42.23,42.32,180544
2024-02-02 10:01:00,42.33,42.34,42.21,42.27,105156
2024-02-02 10:02:00,42.25,42.26,42.17,42.19,180093
2024-02-02 10:03:00,42.2,42.2,42.08,42.09,216035
2024-02-02 10:04:00,42.1,42.1,42.02,42.04,189887
2024-02-02 10:05:00,42.04,42.04,41.88,41.91,483372
2024-02-02 10:06:00,41.92,41.94,41.78,41.82,427839
2024-02-02 10:07:00,41.82,41.97,41.82,41.97,318723
2024-02-02 10:08:00,41.96,41.97,41.83,41.84,169762
2024-02-02 10:09:00,41.84,41.87,41.77,41.84,205114
2024-02-02 10:10:00,41.85,41.85,41.67,41.77,305926
2024-02-02 10:11:00,41.77,41.79,41.67,41.7,143115
2024-02-02 10:12:00,41.7,41.74,41.67,41.74,132339
2024-02-02 10:13:00,41.73,41.74,41.65,41.68,143524
2024-02-02 10:14:00,41.67,41.68,41.6,41.62,212259
2024-02-02 10:15:00,41.61,41.88,41.6,41.86,474564
2024-02-02 10:16:00,41.86,41.9,41.8,41.86,268261
2024-02-02 10:17:00,41.86,41.87,41.8,41.83,124826
2024-02-02 10:18:00,41.81,41.85,41.8,41.82,92150
2024-02-02 10:19:00,41.83,41.85,41.78,41.8,163677
2024-02-02 10:20:00,41.8,41.89,41.79,41.86,212493
2024-02-02 10:21:00,41.86,41.9,41.85,41.88,160903
2024-02-02 10:22:00,41.88,41.9,41.76,41.81,165491
2024-02-02 10:23:00,41.82,41.87,41.75,41.86,247086
2024-02-02 10:24:00,41.87,41.93,41.86,41.91,107442
2024-02-02 10:25:00,41.91,41.96,41.89,41.91,173105
2024-02-02 10:26:00,41.91,41.97,41.84,41.84,111930
2024-02-02 10:27:00,41.84,41.92,41.81,41.9,125297
2024-02-02 10:28:00,41.9,41.93,41.85,41.91,103750
2024-02-02 10:29:00,41.9,41.91,41.83,41.84,78711
2024-02-02 10:30:00,41.85,41.93,41.81,41.93,112412
2024-02-02 10:31:00,41.92,41.96,41.9,41.91,114539
2024-02-02 10:32:00,41.91,41.92,41.8,41.86,80395
2024-02-02 10:33:00,41.86,41.94,41.85,41.93,68401
2024-02-02 10:34:00,41.94,42.01,41.93,42.01,207627
2024-02-02 10:35:00,42.01,42.03,41.95,42.02,141101
2024-02-02 10:36:00,42.02,42.14,42.02,42.14,200337
2024-02-02 10:37:00,42.14,42.19,42.12,42.13,146962
2024-02-02 10:38:00,42.14,42.2,42.12,42.15,101746
2024-02-02 10:39:00,42.15,42.22,42.15,42.22,94555
2024-02-02 10:40:00,42.22,42.26,42.19,42.25,117236
2024-02-02 10:41:00,42.25,42.25,42.18,42.19,124668
2024-02-02 10:42:00,42.19,42.24,42.16,42.16,96813
2024-02-02 10:43:00,42.17,42.25,42.16,42.25,109401
2024-02-02 10:44:00,42.25,42.26,42.2,42.22,86411
2024-02-02 10:45:00,42.22,42.31,42.21,42.26,243118
2024-02-02 10:46:00,42.25,42.29,42.23,42.29,122072
2024-02-02 10:47:00,42.29,42.33,42.28,42.33,94423
2024-02-02 10:48:00,42.33,42.38,42.32,42.33,134522
2024-02-02 10:49:00,42.34,42.36,42.32,42.35,65694
2024-02-02 10:50:00,42.35,42.36,42.29,42.33,157523
2024-02-02 10:51:00,42.32,42.37,42.29,42.3,122681
2024-02-02 10:52:00,42.3,42.34,42.29,42.29,94541
2024-02-02 10:53:00,42.3,42.3,42.22,42.23,128707
2024-02-02 10:54:00,42.23,42.34,42.23,42.34,151662
2024-02-02 10:55:00,42.34,42.37,42.3,42.36,62484
2024-02-02 10:56:00,42.36,42.4,42.36,42.39,144064
2024-02-02 10:57:00,42.4,42.47,42.39,42.45,169714
2024-02-02 10:58:00,42.44,42.45,42.34,42.36,104941
2024-02-02 10:59:00,42.36,42.36,42.28,42.3,170126
2024-02-02 11:00:00,42.3,42.31,42.27,42.29,99346
2024-02-02 11:01:00,42.29,42.33,42.26,42.28,97796
2024-02-02 11:02:00,42.28,42.3,42.26,42.27,75765
2024-02-02 11:03:00,42.27,42.33,42.25,42.26,52178
2024-02-02 11:04:00,42.25,42.26,42.21,42.23,88141
2024-02-02 11:05:00,42.23,42.27,42.23,42.26,64134
2024-02-02 11:06:00,42.26,42.31,42.2,42.3,452209
2024-02-02 11:07:00,42.3,42.36,42.28,42.35,112942
2024-02-02 11:08:00,42.35,42.37,42.32,42.33,91352
2024-02-02 11:09:00,42.33,42.33,42.27,42.3,114489
2024-02-02 11:10:00,42.3,42.31,42.26,42.27,63681
2024-02-02 11:11:00,42.26,42.31,42.24,42.27,70272
2024-02-02 11:12:00,42.26,42.3,42.24,42.3,47858
2024-02-02 11:13:00,42.3,42.31,42.28,42.29,35254
2024-02-02 11:14:00,42.29,42.36,42.27,42.36,120471
2024-02-02 11:15:00,42.36,42.36,42.27,42.27,81765
2024-02-02 11:16:00,42.27,42.32,42.26,42.31,70860
2024-02-02 11:17:00,42.31,42.32,42.26,42.28,63792
2024-02-02 11:18:00,42.28,42.28,42.23,42.23,62020
2024-02-02 11:19:00,42.23,42.29,42.22,42.27,122903
2024-02-02 11:20:00,42.27,42.28,42.22,42.24,55128
2024-02-02 11:21:00,42.24,42.26,42.21,42.23,43820
2024-02-02 11:22:00,42.22,42.24,42.21,42.23,47716
2024-02-02 11:23:00,42.23,42.26,42.21,42.22,57194
2024-02-02 11:24:00,42.22,42.23,42.2,42.23,75801
2024-02-02 11:25:00,42.23,42.29,42.22,42.29,58022
2024-02-02 11:26:00,42.28,42.29,42.24,42.25,24773
2024-02-02 11:27:00,42.25,42.26,42.22,42.25,30460
2024-02-02 11:28:00,42.25,42.26,42.24,42.26,30628
2024-02-02 11:29:00,42.26,42.34,42.24,42.33,191086
2024-02-02 11:30:00,42.33,42.4,42.32,42.4,312281
2024-02-02 11:31:00,42.4,42.42,42.37,42.38,119171
2024-02-02 11:32:00,42.39,42.41,42.34,42.41,124772
2024-02-02 11:33:00,42.4,42.42,42.39,42.41,69163
2024-02-02 11:34:00,42.41,42.43,42.36,42.39,123875
2024-02-02 11:35:00,42.39,42.49,42.38,42.46,392089
2024-02-02 11:36:00,42.46,42.46,42.41,42.43,71611
2024-02-02 11:37:00,42.43,42.47,42.42,42.46,71300
2024-02-02 11:38:00,42.47,42.48,42.42,42.43,51532
2024-02-02 11:39:00,42.42,42.46,42.39,42.44,70359
2024-02-02 11:40:00,42.44,42.45,42.38,42.41,94184
2024-02-02 11:41:00,42.41,42.42,42.38,42.39,66083
2024-02-02 11:42:00,42.39,42.44,42.38,42.43,63736
2024-02-02 11:43:00,42.44,42.44,42.41,42.41,61163
2024-02-02 11:44:00,42.42,42.42,42.38,42.39,53632
2024-02-02 11:45:00,42.39,42.4,42.34,42.38,72290
2024-02-02 11:46:00,42.39,42.39,42.32,42.34,48146
2024-02-02 11:47:00,42.34,42.37,42.34,42.37,27668
2024-02-02 11:48:00,42.37,42.42,42.36,42.41,39865
2024-02-02 11:49:00,42.41,42.41,42.35,42.36,41060
2024-02-02 11:50:00,42.35,42.38,42.34,42.34,37007
2024-02-02 11:51:00,42.34,42.38,42.34,42.38,33122
2024-02-02 11:52:00,42.38,42.45,42.37,42.44,80790
2024-02-02 11:53:00,42.45,42.45,42.39,42.39,42608
2024-02-02 11:54:00,42.39,42.4,42.34,42.34,41208
2024-02-02 11:55:00,42.34,42.38,42.32,42.35,69735
2024-02-02 11:56:00,42.36,42.36,42.31,42.31,54984
2024-02-02 11:57:00,42.32,42.32,42.29,42.32,62432
2024-02-02 11:58:00,42.32,42.34,42.3,42.34,38124
2024-02-02 11:59:00,42.34,42.35,42.31,42.35,50011
2024-02-02 12:00:00,42.35,42.44,42.35,42.42,95936
2024-02-02 12:01:00,42.42,42.43,42.39,42.4,42885
2024-02-02 12:02:00,42.39,42.48,42.39,42.46,82461
2024-02-02 12:03:00,42.47,42.5,42.44,42.48,128597
2024-02-02 12:04:00,42.47,42.48,42.44,42.47,88677
2024-02-02 12:05:00,42.48,42.48,42.42,42.45,64684
2024-02-02 12:06:00,42.44,42.54,42.44,42.52,134521
2024-02-02 12:07:00,42.53,42.53,42.51,42.52,106016
2024-02-02 12:08:00,42.51,42.52,42.47,42.48,47927
2024-02-02 12:09:00,42.48,42.48,42.44,42.47,83954
2024-02-02 12:10:00,42.47,42.51,42.45,42.51,38293
2024-02-02 12:11:00,42.51,42.55,42.5,42.55,281417
2024-02-02 12:12:00,42.55,42.56,42.52,42.53,56326
2024-02-02 12:13:00,42.53,42.54,42.5,42.51,91130
2024-02-02 12:14:00,42.52,42.54,42.48,42.53,98845
2024-02-02 12:15:00,42.52,42.52,42.47,42.51,35416
2024-02-02 12:16:00,42.51,42.55,42.51,42.52,36214
2024-02-02 12:17:00,42.52,42.54,42.51,42.52,24298
2024-02-02 12:18:00,42.52,42.54,42.51,42.54,31504
2024-02-02 12:19:00,42.55,42.56,42.53,42.55,27739
2024-02-02 12:20:00,42.55,42.58,42.54,42.54,45875
2024-02-02 12:21:00,42.55,42.57,42.53,42.57,34212
2024-02-02 12:22:00,42.57,42.58,42.55,42.55,42715
2024-02-02 12:23:00,42.56,42.58,42.55,42.57,22410
2024-02-02 12:24:00,42.57,42.57,42.53,42.55,30081
2024-02-02 12:25:00,42.55,42.56,42.51,42.52,26110
2024-02-02 12:26:00,42.51,42.56,42.5,42.53,139167
2024-02-02 12:27:00,42.54,42.56,42.52,42.55,36676
2024-02-02 12:28:00,42.55,42.58,42.55,42.58,51643
2024-02-02 12:29:00,42.57,42.58,42.56,42.58,57007
2024-02-02 12:30:00,42.58,42.58,42.55,42.57,44051
2024-02-02 12:31:00,42.57,42.64,42.57,42.62,107840
2024-02-02 12:32:00,42.63,42.64,42.6,42.62,82917
2024-02-02 12:33:00,42.61,42.62,42.57,42.59,40279
2024-02-02 12:34:00,42.58,42.59,42.53,42.55,45272
2024-02-02 12:35:00,42.55,42.57,42.54,42.57,37678
2024-02-02 12:36:00,42.57,42.58,42.51,42.52,29823
2024-02-02 12:37:00,42.52,42.53,42.5,42.51,27732
2024-02-02 12:38:00,42.5,42.57,42.5,42.55,73649
2024-02-02 12:39:00,42.55,42.57,42.53,42.55,59723
2024-02-02 12:40:00,42.55,42.56,42.51,42.52,42057
2024-02-02 12:41:00,42.52,42.54,42.5,42.51,48060
2024-02-02 12:42:00,42.51,42.54,42.5,42.52,24931
2024-02-02 12:43:00,42.51,42.53,42.45,42.46,119768
2024-02-02 12:44:00,42.46,42.47,42.3,42.34,127850
2024-02-02 12:45:00,42.34,42.35,42.29,42.29,91310
2024-02-02 12:46:00,42.3,42.31,42.24,42.3,175368
2024-02-02 12:47:00,42.31,42.32,42.28,42.31,52105
2024-02-02 12:48:00,42.32,42.37,42.3,42.34,73662
2024-02-02 12:49:00,42.33,42.36,42.32,42.35,53209
2024-02-02 12:50:00,42.35,42.37,42.33,42.35,175044
2024-02-02 12:51:00,42.35,42.38,42.33,42.34,51210
2024-02-02 12:52:00,42.34,42.37,42.33,42.34,46737
2024-02-02 12:53:00,42.35,42.38,42.33,42.38,34086
2024-02-02 12:54:00,42.38,42.49,42.38,42.48,78733
2024-02-02 12:55:00,42.48,42.49,42.45,42.48,91411
2024-02-02 12:56:00,42.48,42.49,42.42,42.43,53484
2024-02-02 12:57:00,42.43,42.45,42.39,42.4,41612
2024-02-02 12:58:00,42.4,42.41,42.38,42.41,45538
2024-02-02 12:59:00,42.41,42.43,42.38,42.41,59966
2024-02-02 13:00:00,42.41,42.48,42.41,42.48,50032
2024-02-02 13:01:00,42.48,42.54,42.47,42.52,140760
2024-02-02 13:02:00,42.52,42.53,42.51,42.53,31299
2024-02-02 13:03:00,42.52,42.53,42.5,42.51,99477
2024-02-02 13:04:00,42.5,42.56,42.5,42.54,93311
2024-02-02 13:05:00,42.55,42.58,42.54,42.57,59053
2024-02-02 13:06:00,42.56,42.58,42.53,42.54,36158
2024-02-02 13:07:00,42.54,42.54,42.49,42.49,38733
2024-02-02 13:08:00,42.49,42.5,42.43,42.44,66830
2024-02-02 13:09:00,42.44,42.44,42.4,42.42,45795
2024-02-02 13:10:00,42.41,42.47,42.41,42.43,49678
2024-02-02 13:11:00,42.43,42.45,42.42,42.45,41811
2024-02-02 13:12:00,42.44,42.45,42.41,42.41,29668
2024-02-02 13:13:00,42.41,42.45,42.38,42.44,62067
2024-02-02 13:14:00,42.44,42.46,42.43,42.46,44007
2024-02-02 13:15:00,42.45,42.46,42.41,42.46,59128
2024-02-02 13:16:00,42.46,42.46,42.43,42.45,48023
2024-02-02 13:17:00,42.46,42.48,42.44,42.48,69674
2024-02-02 13:18:00,42.48,42.48,42.45,42.45,55263
2024-02-02 13:19:00,42.45,42.46,42.44,42.45,107342
2024-02-02 13:20:00,42.44,42.46,42.39,42.39,73485
2024-02-02 13:21:00,42.4,42.41,42.36,42.4,68348
2024-02-02 13:22:00,42.4,42.43,42.36,42.38,50521
2024-02-02 13:23:00,42.38,42.39,42.35,42.38,54278
2024-02-02 13:24:00,42.38,42.43,42.36,42.4,63275
2024-02-02 13:25:00,42.41,42.41,42.33,42.34,144982
2024-02-02 13:26:00,42.34,42.34,42.26,42.29,153865
2024-02-02 13:27:00,42.3,42.32,42.26,42.28,97714
2024-02-02 13:28:00,42.27,42.34,42.27,42.32,122339
2024-02-02 13:29:00,42.32,42.32,42.24,42.27,137960
2024-02-02 13:30:00,42.27,42.27,42.2,42.24,97438
2024-02-02 13:31:00,42.25,42.26,42.18,42.2,135396
2024-02-02 13:32:00,42.2,42.28,42.19,42.27,89484
2024-02-02 13:33:00,42.28,42.28,42.24,42.26,45864
2024-02-02 13:34:00,42.26,42.28,42.23,42.25,75129
2024-02-02 13:35:00,42.25,42.3,42.25,42.29,71346
2024-02-02 13:36:00,42.3,42.3,42.24,42.27,90366
2024-02-02 13:37:00,42.27,42.29,42.22,42.25,64209
2024-02-02 13:38:00,42.25,42.3,42.25,42.29,49328
2024-02-02 13:39:00,42.29,42.3,42.26,42.29,53796
2024-02-02 13:40:00,42.3,42.31,42.29,42.3,84388
2024-02-02 13:41:00,42.3,42.32,42.28,42.31,83780
2024-02-02 13:42:00,42.31,42.36,42.29,42.34,53573
2024-02-02 13:43:00,42.34,42.38,42.33,42.37,53002
2024-02-02 13:44:00,42.38,42.4,42.36,42.38,52320
2024-02-02 13:45:00,42.39,42.45,42.38,42.43,49268
2024-02-02 13:46:00,42.42,42.44,42.39,42.4,78732
2024-02-02 13:47:00,42.4,42.45,42.37,42.39,150135
2024-02-02 13:48:00,42.39,42.4,42.35,42.37,78602
2024-02-02 13:49:00,42.37,42.39,42.35,42.38,43397
2024-02-02 13:50:00,42.38,42.45,42.37,42.45,68966
2024-02-02 13:51:00,42.45,42.45,42.41,42.41,55908
2024-02-02 13:52:00,42.42,42.44,42.4,42.44,41828
2024-02-02 13:53:00,42.44,42.45,42.43,42.43,34766
2024-02-02 13:54:00,42.43,42.45,42.4,42.43,58578
2024-02-02 13:55:00,42.43,42.45,42.41,42.41,43910
2024-02-02 13:56:00,42.41,42.43,42.41,42.42,26544
2024-02-02 13:57:00,42.43,42.43,42.41,42.43,31885
2024-02-02 13:58:00,42.42,42.46,42.42,42.44,48259
2024-02-02 13:59:00,42.44,42.46,42.43,42.44,54292
2024-02-02 14:00:00,42.45,42.49,42.44,42.48,46930
2024-02-02 14:01:00,42.48,42.49,42.47,42.48,31002
2024-02-02 14:02:00,42.48,42.54,42.48,42.53,187515
2024-02-02 14:03:00,42.54,42.56,42.52,42.52,60242
2024-02-02 14:04:00,42.52,42.57,42.52,42.54,64311
2024-02-02 14:05:00,42.54,42.54,42.5,42.54,73820
2024-02-02 14:06:00,42.54,42.57,42.53,42.55,53955
2024-02-02 14:07:00,42.54,42.55,42.52,42.53,46793
2024-02-02 14:08:00,42.54,42.56,42.53,42.54,43246
2024-02-02 14:09:00,42.54,42.54,42.5,42.52,59359
2024-02-02 14:10:00,42.53,42.54,42.52,42.53,28839
2024-02-02 14:11:00,42.52,42.56,42.51,42.55,53334
2024-02-02 14:12:00,42.55,42.58,42.54,42.58,46731
2024-02-02 14:13:00,42.58,42.6,42.56,42.58,51885
2024-02-02 14:14:00,42.58,42.59,42.54,42.55,38452
2024-02-02 14:15:00,42.55,42.55,42.51,42.54,58611
2024-02-02 14:16:00,42.54,42.54,42.51,42.52,33867
2024-02-02 14:17:00,42.51,42.54,42.51,42.54,39138
2024-02-02 14:18:00,42.54,42.56,42.51,42.52,76568
2024-02-02 14:19:00,42.52,42.53,42.48,42.49,54743
2024-02-02 14:20:00,42.5,42.52,42.48,42.51,39505
2024-02-02 14:21:00,42.51,42.51,42.48,42.48,39380
2024-02-02 14:22:00,42.48,42.49,42.42,42.45,98215
2024-02-02 14:23:00,42.45,42.47,42.43,42.46,40303
2024-02-02 14:24:00,42.45,42.49,42.43,42.49,49912
2024-02-02 14:25:00,42.48,42.49,42.46,42.46,44123
2024-02-02 14:26:00,42.47,42.51,42.46,42.5,42625
2024-02-02 14:27:00,42.49,42.5,42.46,42.48,44087
2024-02-02 14:28:00,42.48,42.5,42.47,42.48,35995
2024-02-02 14:29:00,42.48,42.48,42.46,42.47,40173
2024-02-02 14:30:00,42.47,42.48,42.44,42.48,47731
2024-02-02 14:31:00,42.47,42.48,42.44,42.46,82475
2024-02-02 14:32:00,42.46,42.52,42.44,42.5,70190
2024-02-02 14:33:00,42.5,42.51,42.48,42.48,19668
2024-02-02 14:34:00,42.48,42.5,42.48,42.5,41535
2024-02-02 14:35:00,42.5,42.53,42.49,42.51,77045
2024-02-02 14:36:00,42.51,42.54,42.5,42.52,41793
2024-02-02 14:37:00,42.52,42.53,42.51,42.52,30393
2024-02-02 14:38:00,42.52,42.54,42.51,42.53,70225
2024-02-02 14:39:00,42.53,42.53,42.48,42.5,193396
2024-02-02 14:40:00,42.5,42.52,42.49,42.5,61482
2024-02-02 14:41:00,42.5,42.55,42.49,42.54,49966
2024-02-02 14:42:00,42.54,42.57,42.51,42.52,66993
2024-02-02 14:43:00,42.52,42.52,42.49,42.51,40168
2024-02-02 14:44:00,42.51,42.52,42.5,42.52,23428
2024-02-02 14:45:00,42.51,42.55,42.5,42.53,63285
2024-02-02 14:46:00,42.53,42.55,42.52,42.53,35273
2024-02-02 14:47:00,42.54,42.55,42.52,42.52,37663
2024-02-02 14:48:00,42.53,42.54,42.5,42.5,37792
2024-02-02 14:49:00,42.51,42.56,42.51,42.53,47365
2024-02-02 14:50:00,42.53,42.54,42.51,42.52,33429
2024-02-02 14:51:00,42.52,42.54,42.51,42.52,33500
2024-02-02 14:52:00,42.52,42.54,42.5,42.51,28821
2024-02-02 14:53:00,42.51,42.51,42.45,42.46,40231
2024-02-02 14:54:00,42.47,42.49,42.45,42.48,50578
2024-02-02 14:55:00,42.48,42.49,42.46,42.47,32335
2024-02-02 14:56:00,42.46,42.5,42.45,42.5,35444
2024-02-02 14:57:00,42.5,42.5,42.46,42.48,29474
2024-02-02 14:58:00,42.48,42.5,42.47,42.5,36687
2024-02-02 14:59:00,42.5,42.55,42.49,42.55,103043
2024-02-02 15:00:00,42.55,42.56,42.52,42.54,224618
2024-02-02 15:01:00,42.53,42.53,42.5,42.52,19667
2024-02-02 15:02:00,42.52,42.53,42.49,42.52,28178
2024-02-02 15:03:00,42.52,42.58,42.51,42.58,45583
2024-02-02 15:04:00,42.58,42.63,42.57,42.63,118403
2024-02-02 15:05:00,42.63,42.63,42.56,42.57,51838
2024-02-02 15:06:00,42.57,42.65,42.56,42.65,86844
2024-02-02 15:07:00,42.64,42.66,42.61,42.66,55365
2024-02-02 15:08:00,42.65,42.68,42.65,42.68,104686
2024-02-02 15:09:00,42.67,42.7,42.67,42.69,90754
2024-02-02 15:10:00,42.69,42.69,42.66,42.69,65246
2024-02-02 15:11:00,42.69,42.71,42.67,42.71,88657
2024-02-02 15:12:00,42.71,42.71,42.65,42.68,61133
2024-02-02 15:13:00,42.68,42.69,42.65,42.66,50646
2024-02-02 15:14:00,42.65,42.69,42.65,42.69,74236
2024-02-02 15:15:00,42.68,42.69,42.64,42.66,100250
2024-02-02 15:16:00,42.67,42.68,42.65,42.66,49161
2024-02-02 15:17:00,42.66,42.68,42.63,42.63,85609
2024-02-02 15:18:00,42.64,42.64,42.6,42.61,87389
2024-02-02 15:19:00,42.61,42.62,42.57,42.58,79715
2024-02-02 15:20:00,42.58,42.59,42.54,42.58,103351
2024-02-02 15:21:00,42.58,42.66,42.57,42.64,231932
2024-02-02 15:22:00,42.66,42.68,42.61,42.63,92455
2024-02-02 15:23:00,42.62,42.63,42.6,42.62,91745
2024-02-02 15:24:00,42.62,42.63,42.59,42.62,61806
2024-02-02 15:25:00,42.62,42.68,42.61,42.67,74058
2024-02-02 15:26:00,42.68,42.68,42.64,42.68,77944
2024-02-02 15:27:00,42.68,42.72,42.67,42.71,82105
2024-02-02 15:28:00,42.71,42.72,42.69,42.71,60365
2024-02-02 15:29:00,42.72,42.76,42.7,42.76,111060
2024-02-02 15:30:00,42.76,42.76,42.71,42.73,102803
2024-02-02 15:31:00,42.73,42.73,42.67,42.68,128063
2024-02-02 15:32:00,42.68,42.69,42.64,42.66,76836
2024-02-02 15:33:00,42.66,42.67,42.63,42.66,77286
2024-02-02 15:34:00,42.65,42.66,42.6,42.64,79360
2024-02-02 15:35:00,42.64,42.64,42.57,42.59,65203
2024-02-02 15:36:00,42.59,42.63,42.57,42.63,114550
2024-02-02 15:37:00,42.63,42.64,42.6,42.63,111588
2024-02-02 15:38:00,42.63,42.66,42.61,42.66,75920
2024-02-02 15:39:00,42.66,42.68,42.63,42.65,109597
2024-02-02 15:40:00,42.66,42.66,42.62,42.66,62980
2024-02-02 15:41:00,42.66,42.69,42.65,42.67,103955
2024-02-02 15:42:00,42.68,42.71,42.66,42.71,92261
2024-02-02 15:43:00,42.7,42.71,42.68,42.7,120589
2024-02-02 15:44:00,42.7,42.71,42.68,42.69,52297
2024-02-02 15:45:00,42.69,42.69,42.65,42.68,143991
2024-02-02 15:46:00,42.68,42.69,42.63,42.66,144476
2024-02-02 15:47:00,42.66,42.67,42.65,42.66,84598
2024-02-02 15:48:00,42.66,42.68,42.65,42.66,101516
2024-02-02 15:49:00,42.66,42.67,42.63,42.65,146525
2024-02-02 15:50:00,42.64,42.66,42.6,42.66,311538
2024-02-02 15:51:00,42.65,42.66,42.63,42.66,177837
2024-02-02 15:52:00,42.66,42.67,42.65,42.66,149884
2024-02-02 15:53:00,42.67,42.67,42.62,42.66,201976
2024-02-02 15:54:00,42.66,42.67,42.64,42.66,255213
2024-02-02 15:55:00,42.66,42.69,42.57,42.58,432648
2024-02-02 15:56:00,42.58,42.61,42.57,42.59,235355
2024-02-02 15:57:00,42.59,42.61,42.57,42.6,316474
2024-02-02 15:58:00,42.6,42.64,42.59,42.64,403323
2024-02-02 15:59:00,42.64,42.65,42.57,42.58,905354
2024-02-05 09:30:00,42.66,42.77,42.56,42.58,685147
2024-02-05 09:31:00,42.57,42.86,42.57,42.85,164754
2024-02-05 09:32:00,42.84,42.86,42.58,42.64,149671
2024-02-05 09:33:00,42.65,42.7,42.5,42.69,220349
2024-02-05 09:34:00,42.69,42.81,42.63,42.78,97609
2024-02-05 09:35:00,42.78,42.86,42.72,42.77,215115
2024-02-05 09:36:00,42.77,42.95,42.77,42.94,140206
2024-02-05 09:37:00,42.95,42.95,42.78,42.79,128301
2024-02-05 09:38:00,42.79,42.8,42.7,42.7,101013
2024-02-05 09:39:00,42.71,42.88,42.69,42.86,162525
2024-02-05 09:40:00,42.85,42.86,42.66,42.68,131207
2024-02-05 09:41:00,42.69,42.73,42.65,42.68,92287
2024-02-05 09:42:00,42.7,42.73,42.59,42.61,136000
2024-02-05 09:43:00,42.62,42.63,42.54,42.55,93629
2024-02-05 09:44:00,42.55,42.66,42.55,42.65,113192
2024-02-05 09:45:00,42.66,42.68,42.58,42.59,81844
2024-02-05 09:46:00,42.59,42.68,42.56,42.65,87560
2024-02-05 09:47:00,42.65,42.77,42.63,42.71,110173
2024-02-05 09:48:00,42.71,42.77,42.69,42.7,68080
2024-02-05 09:49:00,42.71,42.71,42.62,42.64,62577
2024-02-05 09:50:00,42.64,42.65,42.57,42.63,57930
2024-02-05 09:51:00,42.63,42.68,42.6,42.62,92513
2024-02-05 09:52:00,42.62,42.66,42.56,42.64,56961
2024-02-05 09:53:00,42.64,42.66,42.58,42.62,57787
2024-02-05 09:54:00,42.63,42.74,42.62,42.71,91386
2024-02-05 09:55:00,42.72,42.83,42.71,42.82,89188
2024-02-05 09:56:00,42.81,42.84,42.79,42.79,51753
2024-02-05 09:57:00,42.8,42.86,42.79,42.82,77292
2024-02-05 09:58:00,42.82,42.85,42.78,42.8,64048
2024-02-05 09:59:00,42.82,42.82,42.78,42.8,54031
2024-02-05 10:00:00,42.8,42.82,42.71,42.75,97330
2024-02-05 10:01:00,42.75,42.85,42.74,42.84,131991
2024-02-05 10:02:00,42.84,42.9,42.83,42.86,78030
2024-02-05 10:03:00,42.86,42.87,42.79,42.8,43712
2024-02-05 10:04:00,42.81,42.84,42.8,42.81,65915
2024-02-05 10:05:00,42.81,42.86,42.8,42.84,66482
2024-02-05 10:06:00,42.84,42.87,42.76,42.85,62143
2024-02-05 10:07:00,42.84,42.84,42.7,42.73,69314
2024-02-05 10:08:00,42.73,42.74,42.66,42.68,70986
2024-02-05 10:09:00,42.68,42.84,42.66,42.84,86032
2024-02-05 10:10:00,42.84,42.88,42.8,42.85,64313
2024-02-05 10:11:00,42.85,42.87,42.8,42.83,63548
2024-02-05 10:12:00,42.82,42.84,42.79,42.84,91049
2024-02-05 10:13:00,42.83,42.86,42.8,42.82,69978
2024-02-05 10:14:00,42.81,42.84,42.73,42.73,60337
2024-02-05 10:15:00,42.73,42.75,42.62,42.62,84583
2024-02-05 10:16:00,42.62,42.65,42.6,42.61,46994
2024-02-05 10:17:00,42.61,42.63,42.56,42.57,98161
2024-02-05 10:18:00,42.57,42.57,42.48,42.49,108795
2024-02-05 10:19:00,42.49,42.52,42.48,42.51,51579
2024-02-05 10:20:00,42.49,42.49,42.42,42.44,113635
2024-02-05 10:21:00,42.44,42.55,42.43,42.54,72864
2024-02-05 10:22:00,42.54,42.58,42.52,42.54,65649
2024-02-05 10:23:00,42.54,42.59,42.51,42.54,61997
2024-02-05 10:24:00,42.54,42.57,42.52,42.54,51057
2024-02-05 10:25:00,42.55,42.63,42.54,42.62,82984
2024-02-05 10:26:00,42.63,42.65,42.56,42.57,82964
2024-02-05 10:27:00,42.56,42.6,42.56,42.58,26842
2024-02-05 10:28:00,42.59,42.63,42.56,42.61,26359
2024-02-05 10:29:00,42.62,42.65,42.61,42.63,38995
2024-02-05 10:30:00,42.63,42.66,42.61,42.63,54970
2024-02-05 10:31:00,42.63,42.66,42.61,42.62,39994
2024-02-05 10:32:00,42.63,42.68,42.62,42.68,45170
2024-02-05 10:33:00,42.67,42.74,42.66,42.7,89584
2024-02-05 10:34:00,42.69,42.72,42.68,42.7,50511
2024-02-05 10:35:00,42.7,42.76,42.69,42.72,47865
2024-02-05 10:36:00,42.73,42.76,42.72,42.75,32663
2024-02-05 10:37:00,42.76,42.78,42.75,42.76,66664
2024-02-05 10:38:00,42.76,42.8,42.75,42.77,58632
2024-02-05 10:39:00,42.77,42.79,42.75,42.76,32846
2024-02-05 10:40:00,42.77,42.77,42.65,42.68,73549
2024-02-05 10:41:00,42.67,42.67,42.59,42.62,70628
2024-02-05 10:42:00,42.62,42.62,42.53,42.55,60983
2024-02-05 10:43:00,42.55,42.59,42.54,42.57,54471
2024-02-05 10:44:00,42.57,42.58,42.55,42.56,37335
2024-02-05 10:45:00,42.55,42.55,42.51,42.54,44115
2024-02-05 10:46:00,42.53,42.58,42.52,42.55,68275
2024-02-05 10:47:00,42.55,42.56,42.51,42.54,53388
2024-02-05 10:48:00,42.54,42.56,42.52,42.55,34845
2024-02-05 10:49:00,42.55,42.6,42.54,42.6,24225
2024-02-05 10:50:00,42.59,42.6,42.54,42.57,38148
2024-02-05 10:51:00,42.56,42.57,42.53,42.54,32345
2024-02-05 10:52:00,42.54,42.58,42.52,42.55,38691
2024-02-05 10:53:00,42.55,42.56,42.52,42.55,34037
2024-02-05 10:54:00,42.55,42.58,42.53,42.57,83250
2024-02-05 10:55:00,42.57,42.57,42.52,42.52,22771
2024-02-05 10:56:00,42.52,42.54,42.5,42.51,52073
2024-02-05 10:57:00,42.51,42.54,42.5,42.5,38655
2024-02-05 10:58:00,42.5,42.52,42.45,42.49,86759
2024-02-05 10:59:00,42.49,42.49,42.46,42.48,63245
2024-02-05 11:00:00,42.48,42.52,42.46,42.48,68426
2024-02-05 11:01:00,42.48,42.54,42.46,42.53,46975
2024-02-05 11:02:00,42.54,42.56,42.51,42.55,53917
2024-02-05 11:03:00,42.55,42.56,42.53,42.55,19721
2024-02-05 11:04:00,42.55,42.6,42.54,42.6,32945
2024-02-05 11:05:00,42.59,42.63,42.58,42.62,60604
2024-02-05 11:06:00,42.62,42.68,42.61,42.65,63480
2024-02-05 11:07:00,42.65,42.72,42.64,42.71,68501
2024-02-05 11:08:00,42.72,42.73,42.69,42.71,41294
2024-02-05 11:09:00,42.71,42.73,42.69,42.73,31671
2024-02-05 11:10:00,42.73,42.73,42.68,42.69,40117
2024-02-05 11:11:00,42.69,42.69,42.65,42.66,40573
2024-02-05 11:12:00,42.66,42.7,42.64,42.68,55504
2024-02-05 11:13:00,42.68,42.7,42.66,42.7,21454
2024-02-05 11:14:00,42.7,42.71,42.68,42.7,36560
2024-02-05 11:15:00,42.69,42.71,42.68,42.69,35558
2024-02-05 11:16:00,42.68,42.68,42.66,42.68,15701
2024-02-05 11:17:00,42.68,42.68,42.64,42.64,31585
2024-02-05 11:18:00,42.65,42.68,42.64,42.67,39115
2024-02-05 11:19:00,42.68,42.7,42.66,42.68,32324
2024-02-05 11:20:00,42.69,42.71,42.68,42.68,25824
2024-02-05 11:21:00,42.69,42.69,42.65,42.66,46170
2024-02-05 11:22:00,42.66,42.68,42.65,42.65,20941
2024-02-05 11:23:00,42.65,42.67,42.64,42.66,35273
2024-02-05 11:24:00,42.66,42.69,42.66,42.66,32281
2024-02-05 11:25:00,42.67,42.68,42.66,42.66,39319
2024-02-05 11:26:00,42.66,42.67,42.62,42.66,91752
2024-02-05 11:27:00,42.66,42.68,42.65,42.66,23015
2024-02-05 11:28:00,42.66,42.67,42.63,42.67,34168
2024-02-05 11:29:00,42.66,42.69,42.66,42.68,41559
2024-02-05 11:30:00,42.68,42.71,42.67,42.69,50471
2024-02-05 11:31:00,42.69,42.7,42.67,42.69,22848
2024-02-05 11:32:00,42.69,42.69,42.67,42.68,63694
2024-02-05 11:33:00,42.68,42.68,42.65,42.67,51063
2024-02-05 11:34:00,42.67,42.7,42.65,42.7,36303
2024-02-05 11:35:00,42.69,42.71,42.68,42.7,27526
2024-02-05 11:36:00,42.7,42.7,42.67,42.7,21946
2024-02-05 11:37:00,42.69,42.69,42.68,42.69,17486
2024-02-05 11:38:00,42.69,42.73,42.68,42.71,41501
2024-02-05 11:39:00,42.72,42.73,42.71,42.71,30545
2024-02-05 11:40:00,42.71,42.71,42.68,42.69,33355
2024-02-05 11:41:00,42.69,42.7,42.66,42.7,40499
2024-02-05 11:42:00,42.69,42.72,42.68,42.7,32147
2024-02-05 11:43:00,42.69,42.71,42.67,42.68,28073
2024-02-05 11:44:00,42.67,42.71,42.66,42.71,34228
2024-02-05 11:45:00,42.71,42.73,42.69,42.7,31666
2024-02-05 11:46:00,42.7,42.71,42.69,42.7,14144
2024-02-05 11:47:00,42.7,42.74,42.69,42.73,38841
2024-02-05 11:48:00,42.74,42.78,42.73,42.77,61601
2024-02-05 11:49:00,42.77,42.79,42.72,42.73,36193
2024-02-05 11:50:00,42.74,42.75,42.72,42.74,27650
2024-02-05 11:51:00,42.75,42.75,42.72,42.73,28052
2024-02-05 11:52:00,42.73,42.76,42.72,42.75,13118
2024-02-05 11:53:00,42.76,42.78,42.75,42.76,22663
2024-02-05 11:54:00,42.76,42.77,42.74,42.76,25917
2024-02-05 11:55:00,42.76,42.77,42.75,42.77,30599
2024-02-05 11:56:00,42.77,42.77,42.75,42.76,21434
2024-02-05 11:57:00,42.77,42.77,42.75,42.76,19319
2024-02-05 11:58:00,42.75,42.78,42.75,42.77,27875
2024-02-05 11:59:00,42.77,42.8,42.76,42.77,89617
2024-02-05 12:00:00,42.77,42.8,42.76,42.8,75487
2024-02-05 12:01:00,42.79,42.81,42.77,42.79,61741
2024-02-05 12:02:00,42.8,42.8,42.75,42.76,29603
2024-02-05 12:03:00,42.76,42.77,42.75,42.75,24609
2024-02-05 12:04:00,42.74,42.78,42.74,42.78,23171
2024-02-05 12:05:00,42.78,42.8,42.78,42.8,21769
2024-02-05 12:06:00,42.8,42.81,42.79,42.8,23378
2024-02-05 12:07:00,42.8,42.82,42.79,42.8,25067
2024-02-05 12:08:00,42.81,42.82,42.8,42.82,25718
2024-02-05 12:09:00,42.82,42.86,42.81,42.85,57264
2024-02-05 12:10:00,42.84,42.85,42.81,42.83,61894
2024-02-05 12:11:00,42.84,42.87,42.83,42.85,28980
2024-02-05 12:12:00,42.86,42.87,42.82,42.82,47551
2024-02-05 12:13:00,42.83,42.86,42.82,42.84,39508
2024-02-05 12:14:00,42.84,42.86,42.82,42.85,22266
2024-02-05 12:15:00,42.85,42.87,42.84,42.86,32438
2024-02-05 12:16:00,42.87,42.88,42.85,42.87,41107
2024-02-05 12:17:00,42.87,42.88,42.86,42.88,23818
2024-02-05 12:18:00,42.88,42.9,42.87,42.89,36359
2024-02-05 12:19:00,42.88,42.9,42.88,42.89,32955
2024-02-05 12:20:00,42.9,42.91,42.87,42.87,71278
2024-02-05 12:21:00,42.88,42.88,42.82,42.86,73638
2024-02-05 12:22:00,42.85,42.88,42.82,42.83,38466
2024-02-05 12:23:00,42.84,42.86,42.83,42.86,23856
2024-02-05 12:24:00,42.86,42.88,42.85,42.88,18167
2024-02-05 12:25:00,42.88,42.88,42.87,42.88,19979
2024-02-05 12:26:00,42.88,42.89,42.85,42.85,40323
2024-02-05 12:27:00,42.86,42.92,42.86,42.91,51284
2024-02-05 12:28:00,42.91,42.95,42.91,42.95,41473
2024-02-05 12:29:00,42.95,42.96,42.93,42.95,49551
2024-02-05 12:30:00,42.96,42.98,42.96,42.97,35526
2024-02-05 12:31:00,42.97,43.0,42.96,42.99,92405
2024-02-05 12:32:00,42.99,43.03,42.98,43.03,152330
2024-02-05 12:33:00,43.03,43.04,42.98,43.02,80888
2024-02-05 12:34:00,43.02,43.05,43.02,43.04,50894
2024-02-05 12:35:00,43.03,43.08,43.03,43.06,42897
2024-02-05 12:36:00,43.06,43.09,43.05,43.07,26911
2024-02-05 12:37:00,43.07,43.07,43.04,43.05,42332
2024-02-05 12:38:00,43.05,43.13,43.05,43.13,77474
2024-02-05 12:39:00,43.13,43.13,43.1,43.11,36411
2024-02-05 12:40:00,43.12,43.13,43.08,43.08,48936
2024-02-05 12:41:00,43.09,43.1,43.08,43.09,22556
2024-02-05 12:42:00,43.09,43.12,43.09,43.11,39216
2024-02-05 12:43:00,43.1,43.12,43.1,43.12,22671
2024-02-05 12:44:00,43.12,43.13,43.08,43.09,43669
2024-02-05 12:45:00,43.09,43.11,43.09,43.11,66943
2024-02-05 12:46:00,43.11,43.11,43.06,43.09,40616
2024-02-05 12:47:00,43.09,43.1,43.06,43.07,41561
2024-02-05 12:48:00,43.08,43.1,43.06,43.09,45843
2024-02-05 12:49:00,43.09,43.1,43.07,43.08,16429
2024-02-05 12:50:00,43.08,43.09,43.04,43.05,42294
2024-02-05 12:51:00,43.05,43.05,43.01,43.02,62899
2024-02-05 12:52:00,43.02,43.02,42.97,42.98,46310
2024-02-05 12:53:00,42.98,42.98,42.94,42.95,55320
2024-02-05 12:54:00,42.95,42.98,42.95,42.96,27089
2024-02-05 12:55:00,42.95,42.97,42.94,42.97,18302
2024-02-05 12:56:00,42.96,42.97,42.93,42.94,27937
2024-02-05 12:57:00,42.94,43.0,42.93,43.0,80965
2024-02-05 12:58:00,42.99,43.01,42.98,42.99,61074
2024-02-05 12:59:00,42.99,43.0,42.97,42.97,22596
2024-02-05 13:00:00,42.98,43.0,42.96,42.98,35672
2024-02-05 13:01:00,42.98,42.99,42.92,42.92,49321
2024-02-05 13:02:00,42.93,42.97,42.91,42.97,39076
2024-02-05 13:03:00,42.97,42.99,42.96,42.99,27456
2024-02-05 13:04:00,42.98,43.02,42.98,43.02,59647
2024-02-05 13:05:00,43.02,43.05,43.01,43.04,61274
2024-02-05 13:06:00,43.03,43.1,43.03,43.09,56611
2024-02-05 13:07:00,43.09,43.09,43.05,43.07,37737
2024-02-05 13:08:00,43.07,43.11,43.06,43.08,59572
2024-02-05 13:09:00,43.07,43.08,43.05,43.06,15356
2024-02-05 13:10:00,43.05,43.08,43.05,43.07,15642
2024-02-05 13:11:00,43.07,43.09,43.06,43.09,14839
2024-02-05 13:12:00,43.09,43.13,43.08,43.12,40188
2024-02-05 13:13:00,43.13,43.15,43.12,43.13,41375
2024-02-05 13:14:00,43.13,43.14,43.12,43.13,21032
2024-02-05 13:15:00,43.13,43.14,43.09,43.11,30696
2024-02-05 13:16:00,43.1,43.14,43.09,43.14,58774
2024-02-05 13:17:00,43.14,43.15,43.11,43.12,35825
2024-02-05 13:18:00,43.13,43.13,43.08,43.09,25598
2024-02-05 13:19:00,43.09,43.11,43.09,43.11,46597
2024-02-05 13:20:00,43.11,43.11,43.07,43.09,17434
2024-02-05 13:21:00,43.08,43.08,43.04,43.05,25245
2024-02-05 13:22:00,43.05,43.05,43.02,43.02,23288
2024-02-05 13:23:00,43.03,43.05,43.01,43.02,22804
2024-02-05 13:24:00,43.03,43.03,42.97,43.01,23529
2024-02-05 13:25:00,43.01,43.02,42.99,43.02,16398
2024-02-05 13:26:00,43.01,43.04,43.0,43.02,56461
2024-02-05 13:27:00,43.02,43.03,43.0,43.02,15822
2024-02-05 13:28:00,43.01,43.03,43.0,43.02,22792
2024-02-05 13:29:00,43.01,43.02,42.96,42.96,27156
2024-02-05 13:30:00,42.97,43.0,42.96,43.0,27957
2024-02-05 13:31:00,43.0,43.02,42.99,43.0,20337
2024-02-05 13:32:00,43.0,43.01,42.98,43.0,20088
2024-02-05 13:33:00,42.99,43.02,42.99,43.01,28853
2024-02-05 13:34:00,43.02,43.05,43.01,43.05,29447
2024-02-05 13:35:00,43.04,43.07,43.04,43.05,27267
2024-02-05 13:36:00,43.05,43.06,43.02,43.02,18328
2024-02-05 13:37:00,43.02,43.04,43.02,43.04,29757
2024-02-05 13:38:00,43.04,43.04,43.01,43.04,20639
2024-02-05 13:39:00,43.04,43.06,43.03,43.05,21298
2024-02-05 13:40:00,43.05,43.07,43.04,43.04,30891
2024-02-05 13:41:00,43.05,43.05,43.01,43.02,26318
2024-02-05 13:42:00,43.02,43.04,43.02,43.03,15147
2024-02-05 13:43:00,43.04,43.06,43.03,43.05,13133
2024-02-05 13:44:00,43.05,43.06,43.04,43.05,14203
2024-02-05 13:45:00,43.05,43.08,43.05,43.07,39061
2024-02-05 13:46:00,43.07,43.11,43.07,43.09,57396
2024-02-05 13:47:00,43.08,43.1,43.06,43.09,15990
2024-02-05 13:48:00,43.09,43.1,43.06,43.08,17347
2024-02-05 13:49:00,43.08,43.1,43.07,43.09,20149
2024-02-05 13:50:00,43.1,43.11,43.08,43.09,22970
2024-02-05 13:51:00,43.08,43.09,43.06,43.07,27303
2024-02-05 13:52:00,43.06,43.07,43.04,43.05,23954
2024-02-05 13:53:00,43.05,43.06,43.02,43.04,24068
2024-02-05 13:54:00,43.04,43.05,43.03,43.04,11127
2024-02-05 13:55:00,43.04,43.04,43.0,43.01,32759
2024-02-05 13:56:00,43.02,43.05,43.01,43.02,20170
2024-02-05 13:57:00,43.02,43.05,43.01,43.03,29934
2024-02-05 13:58:00,43.02,43.03,43.01,43.02,24004
2024-02-05 13:59:00,43.02,43.05,43.01,43.04,25179
2024-02-05 14:00:00,43.04,43.05,43.01,43.02,21601
2024-02-05 14:01:00,43.02,43.03,43.0,43.01,15964
2024-02-05 14:02:00,43.01,43.04,43.01,43.02,14050
2024-02-05 14:03:00,43.02,43.02,42.99,43.02,35831
2024-02-05 14:04:00,43.02,43.05,43.01,43.03,28251
2024-02-05 14:05:00,43.04,43.05,43.03,43.04,39277
2024-02-05 14:06:00,43.04,43.05,43.02,43.04,28957
2024-02-05 14:07:00,43.04,43.08,43.03,43.07,77863
2024-02-05 14:08:00,43.08,43.1,43.07,43.08,23283
2024-02-05 14:09:00,43.08,43.1,43.07,43.1,22737
2024-02-05 14:10:00,43.09,43.11,43.07,43.09,55325
2024-02-05 14:11:00,43.1,43.12,43.08,43.12,32498
2024-02-05 14:12:00,43.12,43.15,43.11,43.15,54476
2024-02-05 14:13:00,43.14,43.15,43.13,43.14,36632
2024-02-05 14:14:00,43.15,43.15,43.12,43.13,29446
2024-02-05 14:15:00,43.12,43.13,43.1,43.12,25735
2024-02-05 14:16:00,43.12,43.14,43.11,43.13,29877
2024-02-05 14:17:00,43.13,43.14,43.09,43.09,24670
2024-02-05 14:18:00,43.09,43.12,43.09,43.11,24362
2024-02-05 14:19:00,43.1,43.11,43.07,43.09,42331
2024-02-05 14:20:00,43.09,43.13,43.08,43.13,29252
2024-02-05 14:21:00,43.13,43.15,43.1,43.12,107562
2024-02-05 14:22:00,43.12,43.12,43.09,43.1,28517
2024-02-05 14:23:00,43.09,43.1,43.08,43.09,28980
2024-02-05 14:24:00,43.09,43.12,43.09,43.11,15954
2024-02-05 14:25:00,43.11,43.11,43.07,43.09,23932
2024-02-05 14:26:00,43.09,43.11,43.08,43.1,21593
2024-02-05 14:27:00,43.1,43.11,43.09,43.09,18061
2024-02-05 14:28:00,43.1,43.1,43.06,43.07,27622
2024-02-05 14:29:00,43.07,43.08,43.06,43.07,24106
2024-02-05 14:30:00,43.07,43.08,43.05,43.07,19802
2024-02-05 14:31:00,43.07,43.09,43.06,43.09,25411
2024-02-05 14:32:00,43.09,43.09,43.05,43.06,53991
2024-02-05 14:33:00,43.07,43.07,43.04,43.06,59556
2024-02-05 14:34:00,43.06,43.07,43.05,43.06,23997
2024-02-05 14:35:00,43.05,43.09,43.05,43.09,32877
2024-02-05 14:36:00,43.1,43.11,43.09,43.09,30410
2024-02-05 14:37:00,43.09,43.12,43.06,43.08,74085
2024-02-05 14:38:00,43.08,43.11,43.07,43.1,37112
2024-02-05 14:39:00,43.09,43.1,43.07,43.09,32861
2024-02-05 14:40:00,43.09,43.1,43.07,43.08,43196
2024-02-05 14:41:00,43.08,43.08,43.04,43.06,41930
2024-02-05 14:42:00,43.05,43.09,43.05,43.08,32235
2024-02-05 14:43:00,43.08,43.09,43.06,43.06,36040
2024-02-05 14:44:00,43.07,43.08,43.06,43.08,24183
2024-02-05 14:45:00,43.08,43.09,43.06,43.07,49380
2024-02-05 14:46:00,43.06,43.09,43.06,43.09,18964
2024-02-05 14:47:00,43.09,43.1,43.07,43.09,24285
2024-02-05 14:48:00,43.08,43.09,43.05,43.07,56945
2024-02-05 14:49:00,43.07,43.09,43.06,43.08,46394
2024-02-05 14:50:00,43.07,43.09,43.02,43.02,69062
2024-02-05 14:51:00,43.02,43.03,43.0,43.01,47103
2024-02-05 14:52:00,43.01,43.03,43.0,43.02,40015
2024-02-05 14:53:00,43.02,43.03,42.99,43.0,30944
2024-02-05 14:54:00,43.0,43.03,43.0,43.02,48728
2024-02-05 14:55:00,43.02,43.03,43.01,43.02,14289
2024-02-05 14:56:00,43.02,43.03,42.99,43.02,42015
2024-02-05 14:57:00,43.02,43.02,43.0,43.01,31456
2024-02-05 14:58:00,43.01,43.03,43.0,43.02,21915
2024-02-05 14:59:00,43.02,43.03,43.01,43.02,20859
2024-02-05 15:00:00,43.02,43.03,43.0,43.02,29826
2024-02-05 15:01:00,43.02,43.02,42.96,42.98,47709
2024-02-05 15:02:00,42.98,43.01,42.97,42.98,78061
2024-02-05 15:03:00,42.98,43.01,42.96,42.98,31286
2024-02-05 15:04:00,42.98,43.01,42.96,42.98,69285
2024-02-05 15:05:00,42.98,43.0,42.96,42.96,39495
2024-02-05 15:06:00,42.96,42.99,42.96,42.97,25363
2024-02-05 15:07:00,42.96,42.97,42.88,42.91,87617
2024-02-05 15:08:00,42.91,42.93,42.89,42.92,45682
2024-02-05 15:09:00,42.92,42.92,42.86,42.88,48113
2024-02-05 15:10:00,42.88,42.92,42.87,42.91,56574
2024-02-05 15:11:00,42.91,42.91,42.88,42.89,47470
2024-02-05 15:12:00,42.89,42.91,42.87,42.91,47983
2024-02-05 15:13:00,42.91,42.92,42.87,42.9,54900
2024-02-05 15:14:00,42.9,42.91,42.87,42.88,16880
2024-02-05 15:15:00,42.87,42.88,42.83,42.84,74105
2024-02-05 15:16:00,42.84,42.89,42.83,42.87,45535
2024-02-05 15:17:00,42.87,42.91,42.87,42.91,54323
2024-02-05 15:18:00,42.91,42.92,42.88,42.9,54278
2024-02-05 15:19:00,42.89,42.9,42.86,42.9,33426
2024-02-05 15:20:00,42.89,42.9,42.86,42.89,24552
2024-02-05 15:21:00,42.89,42.91,42.88,42.9,33981
2024-02-05 15:22:00,42.9,42.91,42.87,42.89,25005
2024-02-05 15:23:00,42.89,42.91,42.88,42.89,36530
2024-02-05 15:24:00,42.89,42.91,42.88,42.91,15598
2024-02-05 15:25:00,42.91,42.92,42.88,42.9,41296
2024-02-05 15:26:00,42.9,42.91,42.86,42.87,30311
2024-02-05 15:27:00,42.87,42.9,42.86,42.89,50970
2024-02-05 15:28:00,42.89,42.9,42.89,42.9,21064
2024-02-05 15:29:00,42.89,42.9,42.86,42.88,45290
2024-02-05 15:30:00,42.88,42.88,42.84,42.84,46793
2024-02-05 15:31:00,42.84,42.86,42.82,42.84,50913
2024-02-05 15:32:00,42.84,42.86,42.83,42.85,43820
2024-02-05 15:33:00,42.84,42.86,42.84,42.86,30005
2024-02-05 15:34:00,42.86,42.87,42.85,42.87,109162
2024-02-05 15:35:00,42.86,42.88,42.85,42.87,45601
2024-02-05 15:36:00,42.87,42.87,42.83,42.84,61058
2024-02-05 15:37:00,42.84,42.85,42.82,42.83,36045
2024-02-05 15:38:00,42.83,42.83,42.78,42.79,98124
2024-02-05 15:39:00,42.78,42.8,42.77,42.79,80332
2024-02-05 15:40:00,42.79,42.83,42.78,42.83,93323
2024-02-05 15:41:00,42.82,42.83,42.79,42.79,48619
2024-02-05 15:42:00,42.8,42.82,42.78,42.82,71739
2024-02-05 15:43:00,42.82,42.83,42.81,42.81,36832
2024-02-05 15:44:00,42.82,42.82,42.78,42.78,33793
2024-02-05 15:45:00,42.79,42.83,42.78,42.82,78107
2024-02-05 15:46:00,42.81,42.88,42.8,42.87,134186
2024-02-05 15:47:00,42.87,42.88,42.84,42.84,64536
2024-02-05 15:48:00,42.84,42.86,42.82,42.82,60590
2024-02-05 15:49:00,42.82,42.83,42.78,42.79,79932
2024-02-05 15:50:00,42.8,42.85,42.79,42.85,191947
2024-02-05 15:51:00,42.86,42.86,42.82,42.82,125019
2024-02-05 15:52:00,42.82,42.83,42.81,42.82,88724
2024-02-05 15:53:00,42.82,42.85,42.8,42.8,146331
2024-02-05 15:54:00,42.81,42.86,42.8,42.82,244036
2024-02-05 15:55:00,42.82,42.86,42.8,42.82,224102
2024-02-05 15:56:00,42.83,42.84,42.81,42.81,179459
2024-02-05 15:57:00,42.82,42.82,42.78,42.79,168165
2024-02-05 15:58:00,42.79,42.81,42.78,42.8,221163
2024-02-05 15:59:00,42.8,42.81,42.75,42.79,703469
2024-02-06 09:30:00,42.7,42.73,42.56,42.65,375476
2024-02-06 09:31:00,42.66,42.71,42.56,42.58,145240
2024-02-06 09:32:00,42.58,42.6,42.51,42.58,87132
2024-02-06 09:33:00,42.58,42.62,42.5,42.54,112264
2024-02-06 09:34:00,42.53,42.58,42.5,42.52,127886
2024-02-06 09:35:00,42.53,42.55,42.45,42.51,70873
2024-02-06 09:36:00,42.51,42.68,42.5,42.59,61149
2024-02-06 09:37:00,42.59,42.59,42.48,42.51,36226
2024-02-06 09:38:00,42.52,42.55,42.5,42.52,48675
2024-02-06 09:39:00,42.52,42.6,42.52,42.55,45068
2024-02-06 09:40:00,42.56,42.61,42.53,42.54,48304
2024-02-06 09:41:00,42.54,42.58,42.5,42.57,65593
2024-02-06 09:42:00,42.57,42.6,42.56,42.58,43481
2024-02-06 09:43:00,42.58,42.59,42.52,42.55,56931
2024-02-06 09:44:00,42.56,42.56,42.51,42.54,51314
2024-02-06 09:45:00,42.54,42.54,42.49,42.49,90172
2024-02-06 09:46:00,42.5,42.51,42.39,42.42,114630
2024-02-06 09:47:00,42.41,42.44,42.32,42.34,71776
2024-02-06 09:48:00,42.34,42.37,42.27,42.35,88556
2024-02-06 09:49:00,42.35,42.39,42.33,42.37,63902
2024-02-06 09:50:00,42.38,42.39,42.3,42.32,51374
2024-02-06 09:51:00,42.32,42.35,42.28,42.29,43594
2024-02-06 09:52:00,42.29,42.37,42.28,42.37,40883
2024-02-06 09:53:00,42.36,42.38,42.31,42.32,74906
2024-02-06 09:54:00,42.31,42.34,42.26,42.3,148215
2024-02-06 09:55:00,42.3,42.34,42.28,42.3,99981
2024-02-06 09:56:00,42.3,42.32,42.26,42.28,82501
2024-02-06 09:57:00,42.28,42.31,42.27,42.29,89501
2024-02-06 09:58:00,42.29,42.3,42.25,42.3,61753
2024-02-06 09:59:00,42.3,42.33,42.25,42.27,61890
2024-02-06 10:00:00,42.27,42.3,42.22,42.27,133238
2024-02-06 10:01:00,42.26,42.28,42.23,42.28,41668
2024-02-06 10:02:00,42.27,42.28,42.23,42.25,48289
2024-02-06 10:03:00,42.24,42.24,42.14,42.22,133809
2024-02-06 10:04:00,42.23,42.29,42.2,42.22,66796
2024-02-06 10:05:00,42.22,42.27,42.18,42.25,54096
2024-02-06 10:06:00,42.25,42.29,42.22,42.29,52903
2024-02-06 10:07:00,42.29,42.35,42.28,42.33,79450
2024-02-06 10:08:00,42.33,42.33,42.28,42.33,102300
2024-02-06 10:09:00,42.33,42.33,42.26,42.3,48670
2024-02-06 10:10:00,42.29,42.3,42.16,42.17,71262
2024-02-06 10:11:00,42.16,42.23,42.15,42.21,114379
2024-02-06 10:12:00,42.2,42.21,42.16,42.2,53882
2024-02-06 10:13:00,42.2,42.26,42.19,42.23,49809
2024-02-06 10:14:00,42.23,42.26,42.21,42.25,42818
2024-02-06 10:15:00,42.25,42.34,42.2,42.3,107010
2024-02-06 10:16:00,42.31,42.33,42.28,42.31,96433
2024-02-06 10:17:00,42.31,42.32,42.24,42.3,50165
2024-02-06 10:18:00,42.3,42.33,42.27,42.29,68695
2024-02-06 10:19:00,42.29,42.38,42.27,42.36,59613
2024-02-06 10:20:00,42.36,42.37,42.29,42.31,50050
2024-02-06 10:21:00,42.32,42.36,42.3,42.36,61590
2024-02-06 10:22:00,42.36,42.37,42.31,42.32,31952
2024-02-06 10:23:00,42.31,42.33,42.29,42.32,26886
2024-02-06 10:24:00,42.31,42.34,42.25,42.26,45997
2024-02-06 10:25:00,42.27,42.27,42.2,42.23,45969
2024-02-06 10:26:00,42.23,42.25,42.22,42.24,41728
2024-02-06 10:27:00,42.25,42.27,42.2,42.23,88772
2024-02-06 10:28:00,42.23,42.26,42.23,42.24,51984
2024-02-06 10:29:00,42.25,42.25,42.21,42.24,38664
2024-02-06 10:30:00,42.25,42.26,42.2,42.25,45627
2024-02-06 10:31:00,42.24,42.25,42.21,42.23,44772
2024-02-06 10:32:00,42.24,42.26,42.22,42.25,29575
2024-02-06 10:33:00,42.24,42.27,42.23,42.27,50559
2024-02-06 10:34:00,42.27,42.31,42.26,42.27,56722
2024-02-06 10:35:00,42.28,42.33,42.27,42.32,69433
2024-02-06 10:36:00,42.32,42.32,42.28,42.3,49210
2024-02-06 10:37:00,42.3,42.33,42.28,42.29,35611
2024-02-06 10:38:00,42.29,42.29,42.26,42.28,40347
2024-02-06 10:39:00,42.28,42.31,42.28,42.3,31685
2024-02-06 10:40:00,42.3,42.33,42.29,42.31,127084
2024-02-06 10:41:00,42.3,42.32,42.27,42.27,48675
2024-02-06 10:42:00,42.27,42.28,42.25,42.26,43922
2024-02-06 10:43:00,42.27,42.28,42.22,42.24,42902
2024-02-06 10:44:00,42.23,42.27,42.22,42.27,67171
2024-02-06 10:45:00,42.27,42.31,42.26,42.28,37226
2024-02-06 10:46:00,42.27,42.31,42.26,42.29,52384
2024-02-06 10:47:00,42.29,42.33,42.28,42.33,25864
2024-02-06 10:48:00,42.33,42.34,42.31,42.34,24805
2024-02-06 10:49:00,42.34,42.34,42.25,42.28,78700
2024-02-06 10:50:00,42.27,42.28,42.24,42.26,56269
2024-02-06 10:51:00,42.27,42.27,42.22,42.23,36538
2024-02-06 10:52:00,42.24,42.26,42.2,42.21,58558
2024-02-06 10:53:00,42.22,42.25,42.21,42.23,47237
2024-02-06 10:54:00,42.23,42.25,42.22,42.23,37508
2024-02-06 10:55:00,42.23,42.29,42.23,42.27,60613
2024-02-06 10:56:00,42.26,42.28,42.25,42.27,47591
2024-02-06 10:57:00,42.27,42.29,42.26,42.29,58709
2024-02-06 10:58:00,42.29,42.3,42.27,42.29,47665
2024-02-06 10:59:00,42.29,42.3,42.27,42.29,44861
2024-02-06 11:00:00,42.28,42.29,42.24,42.26,42995
2024-02-06 11:01:00,42.26,42.27,42.25,42.26,69673
2024-02-06 11:02:00,42.26,42.3,42.25,42.3,60597
2024-02-06 11:03:00,42.3,42.3,42.25,42.29,67346
2024-02-06 11:04:00,42.29,42.32,42.28,42.32,40237
2024-02-06 11:05:00,42.32,42.4,42.31,42.4,63934
2024-02-06 11:06:00,42.39,42.47,42.39,42.45,86100
2024-02-06 11:07:00,42.45,42.46,42.43,42.46,47171
2024-02-06 11:08:00,42.46,42.49,42.45,42.49,45368
2024-02-06 11:09:00,42.48,42.49,42.41,42.43,47373
2024-02-06 11:10:00,42.42,42.47,42.42,42.47,28681
2024-02-06 11:11:00,42.47,42.47,42.45,42.45,33714
2024-02-06 11:12:00,42.46,42.48,42.41,42.43,66172
2024-02-06 11:13:00,42.42,42.43,42.38,42.39,42183
2024-02-06 11:14:00,42.39,42.41,42.36,42.39,52191
2024-02-06 11:15:00,42.4,42.45,42.39,42.45,39963
2024-02-06 11:16:00,42.45,42.45,42.41,42.43,34590
2024-02-06 11:17:00,42.43,42.45,42.4,42.45,54101
2024-02-06 11:18:00,42.44,42.45,42.41,42.45,36255
2024-02-06 11:19:00,42.46,42.5,42.45,42.5,45164
2024-02-06 11:20:00,42.5,42.54,42.49,42.53,71050
2024-02-06 11:21:00,42.52,42.53,42.48,42.51,37579
2024-02-06 11:22:00,42.51,42.53,42.48,42.5,38484
2024-02-06 11:23:00,42.5,42.54,42.48,42.54,38144
2024-02-06 11:24:00,42.54,42.55,42.53,42.55,19024
2024-02-06 11:25:00,42.55,42.56,42.53,42.55,30460
2024-02-06 11:26:00,42.54,42.57,42.53,42.55,32111
2024-02-06 11:27:00,42.55,42.56,42.53,42.53,26704
2024-02-06 11:28:00,42.53,42.54,42.49,42.51,37183
2024-02-06 11:29:00,42.5,42.55,42.5,42.55,30000
2024-02-06 11:30:00,42.55,42.57,42.54,42.57,45758
2024-02-06 11:31:00,42.56,42.59,42.55,42.58,39516
2024-02-06 11:32:00,42.58,42.61,42.57,42.58,73965
2024-02-06 11:33:00,42.58,42.58,42.55,42.57,63101
2024-02-06 11:34:00,42.57,42.59,42.55,42.56,60304
2024-02-06 11:35:00,42.56,42.59,42.55,42.56,28174
2024-02-06 11:36:00,42.55,42.57,42.52,42.54,33465
2024-02-06 11:37:00,42.54,42.58,42.53,42.56,28893
2024-02-06 11:38:00,42.57,42.58,42.52,42.57,346502
2024-02-06 11:39:00,42.58,42.6,42.56,42.59,70449
2024-02-06 11:40:00,42.6,42.6,42.49,42.51,123457
2024-02-06 11:41:00,42.51,42.52,42.45,42.48,48406
2024-02-06 11:42:00,42.48,42.52,42.47,42.51,59603
2024-02-06 11:43:00,42.52,42.55,42.51,42.53,36938
2024-02-06 11:44:00,42.54,42.55,42.51,42.53,40746
2024-02-06 11:45:00,42.52,42.52,42.46,42.48,50906
2024-02-06 11:46:00,42.49,42.5,42.45,42.48,64400
2024-02-06 11:47:00,42.48,42.48,42.42,42.46,50692
2024-02-06 11:48:00,42.45,42.46,42.41,42.45,33691
2024-02-06 11:49:00,42.45,42.45,42.41,42.43,36357
2024-02-06 11:50:00,42.42,42.45,42.41,42.44,28276
2024-02-06 11:51:00,42.44,42.44,42.39,42.42,56352
2024-02-06 11:52:00,42.41,42.42,42.37,42.39,40906
2024-02-06 11:53:00,42.39,42.43,42.38,42.43,17230
2024-02-06 11:54:00,42.42,42.43,42.4,42.42,10542
2024-02-06 11:55:00,42.42,42.46,42.42,42.46,35059
2024-02-06 11:56:00,42.45,42.49,42.44,42.48,30538
2024-02-06 11:57:00,42.48,42.52,42.48,42.52,64686
2024-02-06 11:58:00,42.52,42.55,42.51,42.55,59704
2024-02-06 11:59:00,42.55,42.56,42.53,42.55,37135
2024-02-06 12:00:00,42.55,42.56,42.46,42.48,64295
2024-02-06 12:01:00,42.49,42.53,42.48,42.5,49983
2024-02-06 12:02:00,42.5,42.52,42.47,42.49,26828
2024-02-06 12:03:00,42.48,42.53,42.47,42.48,42443
2024-02-06 12:04:00,42.48,42.5,42.46,42.49,31254
2024-02-06 12:05:00,42.48,42.53,42.48,42.52,29368
2024-02-06 12:06:00,42.52,42.53,42.5,42.5,23246
2024-02-06 12:07:00,42.51,42.53,42.49,42.5,19003
2024-02-06 12:08:00,42.5,42.57,42.49,42.56,36989
2024-02-06 12:09:00,42.56,42.57,42.52,42.55,32431
2024-02-06 12:10:00,42.56,42.57,42.53,42.54,31824
2024-02-06 12:11:00,42.54,42.55,42.47,42.49,29226
2024-02-06 12:12:00,42.49,42.49,42.43,42.43,46324
2024-02-06 12:13:00,42.44,42.49,42.43,42.46,51959
2024-02-06 12:14:00,42.47,42.48,42.44,42.46,41548
2024-02-06 12:15:00,42.47,42.5,42.45,42.49,50164
2024-02-06 12:16:00,42.5,42.54,42.48,42.52,71063
2024-02-06 12:17:00,42.52,42.55,42.5,42.53,39600
2024-02-06 12:18:00,42.54,42.55,42.5,42.52,36419
2024-02-06 12:19:00,42.52,42.54,42.5,42.51,19267
2024-02-06 12:20:00,42.51,42.52,42.46,42.48,36270
2024-02-06 12:21:00,42.48,42.51,42.46,42.5,31635
2024-02-06 12:22:00,42.5,42.5,42.46,42.47,26625
2024-02-06 12:23:00,42.48,42.53,42.47,42.5,33344
2024-02-06 12:24:00,42.5,42.51,42.48,42.5,54733
2024-02-06 12:25:00,42.51,42.52,42.49,42.52,44219
2024-02-06 12:26:00,42.52,42.57,42.51,42.55,29218
2024-02-06 12:27:00,42.55,42.57,42.54,42.56,30694
2024-02-06 12:28:00,42.56,42.62,42.56,42.62,91258
2024-02-06 12:29:00,42.62,42.64,42.6,42.61,47065
2024-02-06 12:30:00,42.61,42.64,42.58,42.61,37333
2024-02-06 12:31:00,42.6,42.6,42.54,42.55,38113
2024-02-06 12:32:00,42.55,42.58,42.52,42.56,44498
2024-02-06 12:33:00,42.55,42.57,42.53,42.54,35734
2024-02-06 12:34:00,42.54,42.56,42.52,42.54,36290
2024-02-06 12:35:00,42.54,42.55,42.5,42.54,41933
2024-02-06 12:36:00,42.54,42.55,42.51,42.55,58135
2024-02-06 12:37:00,42.55,42.58,42.54,42.57,67046
2024-02-06 12:38:00,42.56,42.6,42.56,42.59,28104
2024-02-06 12:39:00,42.58,42.61,42.57,42.59,36826
2024-02-06 12:40:00,42.59,42.59,42.55,42.56,44584
2024-02-06 12:41:00,42.57,42.57,42.55,42.57,32812
2024-02-06 12:42:00,42.57,42.59,42.56,42.57,20738
2024-02-06 12:43:00,42.57,42.59,42.56,42.58,45006
2024-02-06 12:44:00,42.59,42.59,42.56,42.58,60676
2024-02-06 12:45:00,42.58,42.58,42.56,42.57,53253
2024-02-06 12:46:00,42.57,42.59,42.56,42.59,112753
2024-02-06 12:47:00,42.59,42.6,42.57,42.59,26549
2024-02-06 12:48:00,42.59,42.59,42.54,42.55,37528
2024-02-06 12:49:00,42.55,42.56,42.54,42.56,15940
2024-02-06 12:50:00,42.56,42.59,42.54,42.59,21922
2024-02-06 12:51:00,42.59,42.59,42.56,42.57,21227
2024-02-06 12:52:00,42.57,42.57,42.53,42.54,22561
2024-02-06 12:53:00,42.55,42.56,42.53,42.54,14192
2024-02-06 12:54:00,42.54,42.56,42.52,42.52,42037
2024-02-06 12:55:00,42.53,42.54,42.51,42.52,18852
2024-02-06 12:56:00,42.52,42.53,42.5,42.52,27146
2024-02-06 12:57:00,42.53,42.56,42.51,42.52,44200
2024-02-06 12:58:00,42.52,42.54,42.51,42.54,11396
2024-02-06 12:59:00,42.54,42.54,42.5,42.52,25475
2024-02-06 13:00:00,42.52,42.54,42.51,42.54,21312
2024-02-06 13:01:00,42.54,42.57,42.52,42.57,33831
2024-02-06 13:02:00,42.57,42.6,42.56,42.58,42888
2024-02-06 13:03:00,42.58,42.59,42.56,42.57,21213
2024-02-06 13:04:00,42.57,42.6,42.56,42.59,25847
2024-02-06 13:05:00,42.59,42.62,42.59,42.61,36689
2024-02-06 13:06:00,42.6,42.61,42.56,42.57,27629
2024-02-06 13:07:00,42.57,42.59,42.57,42.57,16722
2024-02-06 13:08:00,42.57,42.6,42.57,42.58,20809
2024-02-06 13:09:00,42.59,42.59,42.54,42.55,18034
2024-02-06 13:10:00,42.55,42.56,42.53,42.55,13465
2024-02-06 13:11:00,42.55,42.55,42.52,42.52,19822
2024-02-06 13:12:00,42.53,42.54,42.5,42.53,22031
2024-02-06 13:13:00,42.53,42.55,42.53,42.55,19195
2024-02-06 13:14:00,42.55,42.56,42.52,42.53,15774
2024-02-06 13:15:00,42.54,42.55,42.52,42.55,29955
2024-02-06 13:16:00,42.55,42.59,42.54,42.59,45271
2024-02-06 13:17:00,42.58,42.6,42.58,42.59,13894
2024-02-06 13:18:00,42.59,42.6,42.56,42.56,30354
2024-02-06 13:19:00,42.57,42.59,42.56,42.58,31909
2024-02-06 13:20:00,42.58,42.6,42.56,42.6,15272
2024-02-06 13:21:00,42.6,42.6,42.57,42.58,21266
2024-02-06 13:22:00,42.58,42.59,42.57,42.59,19152
2024-02-06 13:23:00,42.58,42.6,42.57,42.59,41068
2024-02-06 13:24:00,42.6,42.61,42.55,42.55,30395
2024-02-06 13:25:00,42.55,42.57,42.55,42.57,13617
2024-02-06 13:26:00,42.57,42.59,42.56,42.57,24585
2024-02-06 13:27:00,42.57,42.59,42.57,42.57,7933
2024-02-06 13:28:00,42.58,42.58,42.55,42.55,21802
2024-02-06 13:29:00,42.55,42.58,42.55,42.57,15224
2024-02-06 13:30:00,42.58,42.6,42.57,42.59,20038
2024-02-06 13:31:00,42.59,42.61,42.58,42.59,21612
2024-02-06 13:32:00,42.59,42.64,42.58,42.64,14286
2024-02-06 13:33:00,42.64,42.64,42.6,42.63,32001
2024-02-06 13:34:00,42.62,42.65,42.61,42.65,46605
2024-02-06 13:35:00,42.65,42.69,42.64,42.67,34559
2024-02-06 13:36:00,42.68,42.68,42.61,42.62,62359
2024-02-06 13:37:00,42.62,42.63,42.61,42.63,29394
2024-02-06 13:38:00,42.63,42.66,42.61,42.62,60286
2024-02-06 13:39:00,42.62,42.64,42.61,42.64,76971
2024-02-06 13:40:00,42.64,42.65,42.6,42.63,44791
2024-02-06 13:41:00,42.62,42.63,42.61,42.63,19275
2024-02-06 13:42:00,42.63,42.63,42.6,42.6,25502
2024-02-06 13:43:00,42.61,42.61,42.58,42.58,54046
2024-02-06 13:44:00,42.58,42.6,42.57,42.58,112111
2024-02-06 13:45:00,42.58,42.59,42.56,42.57,72338
2024-02-06 13:46:00,42.57,42.57,42.55,42.55,42539
2024-02-06 13:47:00,42.56,42.57,42.55,42.56,32992
2024-02-06 13:48:00,42.57,42.57,42.53,42.54,30672
2024-02-06 13:49:00,42.53,42.56,42.52,42.53,76531
2024-02-06 13:50:00,42.54,42.55,42.54,42.54,22746
2024-02-06 13:51:00,42.55,42.56,42.52,42.54,51203
2024-02-06 13:52:00,42.54,42.56,42.53,42.55,22143
2024-02-06 13:53:00,42.56,42.57,42.55,42.56,29394
2024-02-06 13:54:00,42.56,42.58,42.56,42.57,32583
2024-02-06 13:55:00,42.56,42.57,42.54,42.56,33373
2024-02-06 13:56:00,42.56,42.57,42.55,42.56,16708
2024-02-06 13:57:00,42.56,42.58,42.55,42.57,24893
2024-02-06 13:58:00,42.58,42.6,42.57,42.6,26293
2024-02-06 13:59:00,42.59,42.61,42.59,42.59,29307
2024-02-06 14:00:00,42.6,42.61,42.58,42.6,36745
2024-02-06 14:01:00,42.61,42.61,42.54,42.55,67959
2024-02-06 14:02:00,42.55,42.58,42.54,42.55,44114
2024-02-06 14:03:00,42.55,42.58,42.52,42.54,37622
2024-02-06 14:04:00,42.54,42.58,42.53,42.57,31314
2024-02-06 14:05:00,42.57,42.58,42.5,42.51,41190
2024-02-06 14:06:00,42.5,42.5,42.45,42.46,95336
2024-02-06 14:07:00,42.46,42.5,42.46,42.48,22139
2024-02-06 14:08:00,42.48,42.48,42.41,42.43,61750
2024-02-06 14:09:00,42.42,42.44,42.41,42.41,38543
2024-02-06 14:10:00,42.41,42.42,42.38,42.39,48960
2024-02-06 14:11:00,42.39,42.39,42.36,42.38,41918
2024-02-06 14:12:00,42.39,42.42,42.38,42.41,35166
2024-02-06 14:13:00,42.41,42.41,42.37,42.39,84256
2024-02-06 14:14:00,42.39,42.39,42.35,42.37,48667
2024-02-06 14:15:00,42.37,42.41,42.36,42.41,32174
2024-02-06 14:16:00,42.41,42.42,42.37,42.38,32000
2024-02-06 14:17:00,42.38,42.38,42.33,42.34,58615
2024-02-06 14:18:00,42.34,42.36,42.32,42.33,63983
2024-02-06 14:19:00,42.33,42.38,42.33,42.37,39944
2024-02-06 14:20:00,42.37,42.41,42.35,42.39,68547
2024-02-06 14:21:00,42.4,42.41,42.39,42.4,19404
2024-02-06 14:22:00,42.4,42.43,42.39,42.41,59923
2024-02-06 14:23:00,42.43,42.45,42.41,42.45,21908
2024-02-06 14:24:00,42.45,42.45,42.43,42.45,29440
2024-02-06 14:25:00,42.45,42.48,42.44,42.48,23169
2024-02-06 14:26:00,42.48,42.49,42.45,42.47,28171
2024-02-06 14:27:00,42.47,42.48,42.46,42.47,25994
2024-02-06 14:28:00,42.46,42.48,42.44,42.46,33380
2024-02-06 14:29:00,42.47,42.49,42.46,42.49,29407
2024-02-06 14:30:00,42.49,42.51,42.48,42.51,39336
2024-02-06 14:31:00,42.5,42.52,42.5,42.52,32231
2024-02-06 14:32:00,42.52,42.54,42.51,42.54,29142
2024-02-06 14:33:00,42.54,42.55,42.5,42.52,43883
2024-02-06 14:34:00,42.52,42.53,42.51,42.52,18807
2024-02-06 14:35:00,42.52,42.55,42.52,42.55,18811
2024-02-06 14:36:00,42.55,42.56,42.54,42.55,30870
2024-02-06 14:37:00,42.55,42.55,42.51,42.53,42245
2024-02-06 14:38:00,42.54,42.56,42.52,42.52,42006
2024-02-06 14:39:00,42.53,42.53,42.51,42.52,28998
2024-02-06 14:40:00,42.51,42.53,42.5,42.52,24097
2024-02-06 14:41:00,42.52,42.56,42.51,42.55,28311
2024-02-06 14:42:00,42.55,42.56,42.54,42.55,21888
2024-02-06 14:43:00,42.55,42.58,42.55,42.57,35457
2024-02-06 14:44:00,42.57,42.59,42.56,42.58,41626
2024-02-06 14:45:00,42.58,42.61,42.57,42.61,46407
2024-02-06 14:46:00,42.61,42.62,42.6,42.62,26270
2024-02-06 14:47:00,42.62,42.64,42.62,42.63,49854
2024-02-06 14:48:00,42.63,42.65,42.62,42.63,39340
2024-02-06 14:49:00,42.63,42.64,42.62,42.64,19454
2024-02-06 14:50:00,42.64,42.65,42.63,42.65,37216
2024-02-06 14:51:00,42.65,42.66,42.62,42.64,62890
2024-02-06 14:52:00,42.63,42.63,42.6,42.62,49577
2024-02-06 14:53:00,42.62,42.63,42.6,42.61,48046
2024-02-06 14:54:00,42.62,42.65,42.61,42.65,30960
2024-02-06 14:55:00,42.65,42.66,42.62,42.64,52976
2024-02-06 14:56:00,42.65,42.66,42.65,42.66,20409
2024-02-06 14:57:00,42.66,42.67,42.65,42.66,20837
2024-02-06 14:58:00,42.66,42.66,42.65,42.66,13250
2024-02-06 14:59:00,42.65,42.67,42.62,42.64,62286
2024-02-06 15:00:00,42.65,42.67,42.61,42.64,70538
2024-02-06 15:01:00,42.63,42.65,42.61,42.62,28220
2024-02-06 15:02:00,42.62,42.63,42.6,42.63,47857
2024-02-06 15:03:00,42.63,42.65,42.62,42.63,29152
2024-02-06 15:04:00,42.63,42.65,42.61,42.63,30361
2024-02-06 15:05:00,42.63,42.65,42.63,42.64,40497
2024-02-06 15:06:00,42.65,42.66,42.63,42.65,27385
2024-02-06 15:07:00,42.65,42.67,42.63,42.66,37196
2024-02-06 15:08:00,42.66,42.67,42.62,42.64,57110
2024-02-06 15:09:00,42.63,42.64,42.61,42.62,34474
2024-02-06 15:10:00,42.62,42.63,42.57,42.59,43806
2024-02-06 15:11:00,42.59,42.61,42.59,42.6,32804
2024-02-06 15:12:00,42.59,42.61,42.58,42.6,39293
2024-02-06 15:13:00,42.6,42.61,42.58,42.59,20931
2024-02-06 15:14:00,42.59,42.63,42.59,42.62,31068
2024-02-06 15:15:00,42.62,42.63,42.61,42.63,28428
2024-02-06 15:16:00,42.62,42.63,42.59,42.59,45077
2024-02-06 15:17:00,42.59,42.62,42.57,42.58,36593
2024-02-06 15:18:00,42.58,42.59,42.57,42.59,32193
2024-02-06 15:19:00,42.59,42.6,42.56,42.57,49003
2024-02-06 15:20:00,42.57,42.59,42.56,42.58,29495
2024-02-06 15:21:00,42.59,42.59,42.57,42.58,46166
2024-02-06 15:22:00,42.58,42.6,42.57,42.59,29517
2024-02-06 15:23:00,42.59,42.62,42.58,42.58,52093
2024-02-06 15:24:00,42.59,42.59,42.56,42.59,58130
2024-02-06 15:25:00,42.59,42.62,42.56,42.62,56362
2024-02-06 15:26:00,42.63,42.65,42.62,42.64,57629
2024-02-06 15:27:00,42.64,42.64,42.61,42.63,30073
2024-02-06 15:28:00,42.63,42.63,42.59,42.62,37718
2024-02-06 15:29:00,42.62,42.63,42.61,42.62,37363
2024-02-06 15:30:00,42.62,42.62,42.59,42.59,42911
2024-02-06 15:31:00,42.59,42.59,42.56,42.57,59118
2024-02-06 15:32:00,42.57,42.58,42.55,42.57,46525
2024-02-06 15:33:00,42.56,42.56,42.51,42.52,62526
2024-02-06 15:34:00,42.52,42.56,42.51,42.54,63023
2024-02-06 15:35:00,42.54,42.56,42.52,42.55,59232
2024-02-06 15:36:00,42.55,42.56,42.51,42.52,48801
2024-02-06 15:37:00,42.52,42.53,42.49,42.51,73404
2024-02-06 15:38:00,42.51,42.51,42.48,42.5,45963
2024-02-06 15:39:00,42.5,42.51,42.48,42.48,93337
2024-02-06 15:40:00,42.48,42.5,42.47,42.5,46499
2024-02-06 15:41:00,42.5,42.51,42.49,42.51,34517
2024-02-06 15:42:00,42.51,42.52,42.48,42.52,59873
2024-02-06 15:43:00,42.52,42.52,42.48,42.51,79159
2024-02-06 15:44:00,42.51,42.51,42.47,42.5,63205
2024-02-06 15:45:00,42.5,42.52,42.48,42.51,102709
2024-02-06 15:46:00,42.51,42.54,42.5,42.54,64981
2024-02-06 15:47:00,42.53,42.56,42.52,42.55,77725
2024-02-06 15:48:00,42.55,42.59,42.55,42.58,64130
2024-02-06 15:49:00,42.58,42.63,42.56,42.63,102898
2024-02-06 15:50:00,42.63,42.66,42.62,42.65,135733
2024-02-06 15:51:00,42.64,42.67,42.63,42.66,173264
2024-02-06 15:52:00,42.66,42.7,42.65,42.67,132227
2024-02-06 15:53:00,42.66,42.72,42.66,42.71,129570
2024-02-06 15:54:00,42.71,42.73,42.68,42.7,165095
2024-02-06 15:55:00,42.7,42.76,42.68,42.69,243458
2024-02-06 15:56:00,42.69,42.74,42.68,42.72,250103
2024-02-06 15:57:00,42.72,42.75,42.71,42.74,196534
2024-02-06 15:58:00,42.74,42.75,42.73,42.73,205535
2024-02-06 15:59:00,42.74,42.78,42.72,42.76,624163
2024-02-07 09:30:00,42.87,42.9,42.76,42.79,474809
2024-02-07 09:31:00,42.79,42.89,42.78,42.84,163494
2024-02-07 09:32:00,42.84,42.9,42.63,42.67,211742
2024-02-07 09:33:00,42.66,42.8,42.65,42.77,69136
2024-02-07 09:34:00,42.79,42.91,42.78,42.8,48920
2024-02-07 09:35:00,42.81,42.88,42.77,42.88,70339
2024-02-07 09:36:00,42.88,42.88,42.8,42.81,178832
2024-02-07 09:37:00,42.82,42.82,42.76,42.77,49362
2024-02-07 09:38:00,42.77,42.87,42.73,42.73,141000
2024-02-07 09:39:00,42.74,42.84,42.72,42.79,101625
2024-02-07 09:40:00,42.8,42.84,42.75,42.77,59398
2024-02-07 09:41:00,42.77,42.8,42.69,42.76,76706
2024-02-07 09:42:00,42.76,42.79,42.73,42.75,85547
2024-02-07 09:43:00,42.74,42.84,42.74,42.84,88665
2024-02-07 09:44:00,42.83,42.86,42.77,42.77,48087
2024-02-07 09:45:00,42.77,42.81,42.73,42.74,45464
2024-02-07 09:46:00,42.74,42.85,42.73,42.8,61884
2024-02-07 09:47:00,42.8,42.84,42.75,42.76,41715
2024-02-07 09:48:00,42.76,42.8,42.72,42.75,63650
2024-02-07 09:49:00,42.75,42.84,42.75,42.82,52940
2024-02-07 09:50:00,42.81,42.94,42.8,42.88,158709
2024-02-07 09:51:00,42.88,42.91,42.83,42.87,126924
2024-02-07 09:52:00,42.87,42.98,42.84,42.98,120385
2024-02-07 09:53:00,42.98,42.98,42.88,42.89,94992
2024-02-07 09:54:00,42.88,42.89,42.79,42.82,65889
2024-02-07 09:55:00,42.82,42.82,42.72,42.77,106183
2024-02-07 09:56:00,42.76,42.82,42.74,42.82,73234
2024-02-07 09:57:00,42.82,42.82,42.75,42.75,56351
2024-02-07 09:58:00,42.75,42.77,42.74,42.76,57051
2024-02-07 09:59:00,42.75,42.78,42.75,42.78,58471
2024-02-07 10:00:00,42.78,42.86,42.76,42.86,102332
2024-02-07 10:01:00,42.85,42.93,42.83,42.93,95765
2024-02-07 10:02:00,42.94,42.97,42.92,42.93,97295
2024-02-07 10:03:00,42.93,42.93,42.84,42.84,77444
2024-02-07 10:04:00,42.84,42.9,42.84,42.88,51313
2024-02-07 10:05:00,42.88,42.89,42.82,42.84,40538
2024-02-07 10:06:00,42.84,42.84,42.77,42.79,39143
2024-02-07 10:07:00,42.79,42.82,42.77,42.78,29720
2024-02-07 10:08:00,42.79,42.79,42.73,42.74,51526
2024-02-07 10:09:00,42.75,42.83,42.73,42.79,54605
2024-02-07 10:10:00,42.79,42.83,42.78,42.8,40742
2024-02-07 10:11:00,42.8,42.81,42.76,42.76,38349
2024-02-07 10:12:00,42.76,42.83,42.75,42.8,30721
2024-02-07 10:13:00,42.8,42.93,42.79,42.92,265222
2024-02-07 10:14:00,42.92,42.96,42.9,42.95,24843
2024-02-07 10:15:00,42.94,42.96,42.87,42.91,43002
2024-02-07 10:16:00,42.91,42.94,42.89,42.94,40889
2024-02-07 10:17:00,42.94,42.96,42.92,42.93,38331
2024-02-07 10:18:00,42.93,42.95,42.88,42.91,38710
2024-02-07 10:19:00,42.91,42.94,42.86,42.89,33636
2024-02-07 10:20:00,42.9,42.94,42.88,42.94,29084
2024-02-07 10:21:00,42.94,42.95,42.9,42.91,48222
2024-02-07 10:22:00,42.92,42.92,42.88,42.9,67548
2024-02-07 10:23:00,42.9,42.91,42.85,42.89,64546
2024-02-07 10:24:00,42.89,42.95,42.88,42.95,74594
2024-02-07 10:25:00,42.95,42.97,42.89,42.91,93387
2024-02-07 10:26:00,42.91,42.98,42.88,42.98,32848
2024-02-07 10:27:00,42.98,43.01,42.96,42.98,99872
2024-02-07 10:28:00,42.98,43.05,42.97,43.04,74418
2024-02-07 10:29:00,43.04,43.08,43.01,43.07,37432
2024-02-07 10:30:00,43.08,43.09,42.98,43.05,418367
2024-02-07 10:31:00,43.05,43.06,42.97,43.0,65163
2024-02-07 10:32:00,43.0,43.02,42.96,43.01,47214
2024-02-07 10:33:00,43.02,43.03,43.0,43.03,28401
2024-02-07 10:34:00,43.03,43.05,43.0,43.04,46322
2024-02-07 10:35:00,43.05,43.05,42.97,42.98,65152
2024-02-07 10:36:00,42.98,43.01,42.95,42.96,41292
2024-02-07 10:37:00,42.96,43.0,42.95,42.97,24948
2024-02-07 10:38:00,42.97,42.97,42.91,42.93,26414
2024-02-07 10:39:00,42.92,42.96,42.92,42.96,73302
2024-02-07 10:40:00,42.96,42.97,42.91,42.93,36572
2024-02-07 10:41:00,42.94,42.98,42.93,42.98,40706
2024-02-07 10:42:00,42.98,42.98,42.95,42.97,27153
2024-02-07 10:43:00,42.97,43.0,42.95,42.98,57979
2024-02-07 10:44:00,42.98,43.02,42.97,42.98,100248
2024-02-07 10:45:00,42.99,43.0,42.96,42.97,54440
2024-02-07 10:46:00,42.97,43.0,42.97,42.99,101010
2024-02-07 10:47:00,43.0,43.0,42.92,42.95,51016
2024-02-07 10:48:00,42.95,43.01,42.94,43.01,45035
2024-02-07 10:49:00,43.0,43.02,42.98,43.02,32383
2024-02-07 10:50:00,43.02,43.07,43.02,43.06,65494
2024-02-07 10:51:00,43.05,43.06,43.02,43.05,39228
2024-02-07 10:52:00,43.05,43.1,43.04,43.08,69305
2024-02-07 10:53:00,43.08,43.09,43.01,43.02,39666
2024-02-07 10:54:00,43.02,43.05,42.99,43.03,38069
2024-02-07 10:55:00,43.03,43.04,42.96,42.97,57789
2024-02-07 10:56:00,42.97,43.0,42.91,42.93,61675
2024-02-07 10:57:00,42.92,42.98,42.92,42.97,38220
2024-02-07 10:58:00,42.97,42.98,42.93,42.94,37337
2024-02-07 10:59:00,42.95,42.96,42.9,42.91,51473
2024-02-07 11:00:00,42.91,42.94,42.84,42.86,75584
2024-02-07 11:01:00,42.86,42.88,42.84,42.85,66109
2024-02-07 11:02:00,42.86,42.87,42.83,42.86,31322
2024-02-07 11:03:00,42.87,42.88,42.86,42.87,28633
2024-02-07 11:04:00,42.88,42.89,42.84,42.87,21171
2024-02-07 11:05:00,42.87,42.88,42.83,42.87,56445
2024-02-07 11:06:00,42.87,42.87,42.8,42.81,46723
2024-02-07 11:07:00,42.8,42.84,42.8,42.84,53358
2024-02-07 11:08:00,42.84,42.87,42.82,42.83,45931
2024-02-07 11:09:00,42.83,42.85,42.8,42.81,35254
2024-02-07 11:10:00,42.82,42.85,42.81,42.83,31061
2024-02-07 11:11:00,42.82,42.83,42.81,42.82,36777
2024-02-07 11:12:00,42.81,42.83,42.8,42.82,31082
2024-02-07 11:13:00,42.82,42.83,42.79,42.82,45030
2024-02-07 11:14:00,42.83,42.84,42.77,42.82,50518
2024-02-07 11:15:00,42.82,42.82,42.79,42.8,19907
2024-02-07 11:16:00,42.81,42.81,42.78,42.79,26689
2024-02-07 11:17:00,42.8,42.85,42.79,42.82,39183
2024-02-07 11:18:00,42.83,42.83,42.78,42.82,36020
2024-02-07 11:19:00,42.81,42.85,42.81,42.83,35991
2024-02-07 11:20:00,42.84,42.84,42.74,42.76,78958
2024-02-07 11:21:00,42.76,42.77,42.72,42.76,51845
2024-02-07 11:22:00,42.77,42.8,42.76,42.79,36666
2024-02-07 11:23:00,42.8,42.81,42.79,42.79,20990
2024-02-07 11:24:00,42.8,42.8,42.75,42.76,38340
2024-02-07 11:25:00,42.76,42.78,42.75,42.76,41687
2024-02-07 11:26:00,42.77,42.82,42.77,42.82,28521
2024-02-07 11:27:00,42.82,42.83,42.8,42.81,34905
2024-02-07 11:28:00,42.82,42.83,42.8,42.81,22125
2024-02-07 11:29:00,42.8,42.81,42.76,42.77,26395
2024-02-07 11:30:00,42.78,42.8,42.75,42.77,35668
2024-02-07 11:31:00,42.78,42.79,42.75,42.77,17896
2024-02-07 11:32:00,42.77,42.79,42.76,42.79,16535
2024-02-07 11:33:00,42.79,42.81,42.75,42.77,39830
2024-02-07 11:34:00,42.77,42.78,42.74,42.75,24182
2024-02-07 11:35:00,42.75,42.77,42.73,42.76,32448
2024-02-07 11:36:00,42.76,42.76,42.73,42.73,16315
2024-02-07 11:37:00,42.73,42.79,42.73,42.77,23206
2024-02-07 11:38:00,42.77,42.8,42.77,42.77,14768
2024-02-07 11:39:00,42.77,42.77,42.73,42.75,39861
2024-02-07 11:40:00,42.75,42.78,42.74,42.77,25225
2024-02-07 11:41:00,42.76,42.78,42.75,42.76,26617
2024-02-07 11:42:00,42.76,42.79,42.75,42.76,31273
2024-02-07 11:43:00,42.77,42.79,42.75,42.77,23306
2024-02-07 11:44:00,42.76,42.79,42.75,42.77,26704
2024-02-07 11:45:00,42.77,42.79,42.76,42.79,20258
2024-02-07 11:46:00,42.79,42.8,42.77,42.79,43756
2024-02-07 11:47:00,42.78,42.79,42.76,42.77,30955
2024-02-07 11:48:00,42.78,42.8,42.75,42.76,28109
2024-02-07 11:49:00,42.76,42.77,42.75,42.77,26222
2024-02-07 11:50:00,42.77,42.82,42.76,42.82,39375
2024-02-07 11:51:00,42.82,42.83,42.8,42.82,30180
2024-02-07 11:52:00,42.82,42.83,42.79,42.79,14143
2024-02-07 11:53:00,42.8,42.83,42.79,42.82,22554
2024-02-07 11:54:00,42.82,42.83,42.81,42.82,23578
2024-02-07 11:55:00,42.82,42.85,42.81,42.84,16295
2024-02-07 11:56:00,42.84,42.85,42.81,42.82,45176
2024-02-07 11:57:00,42.82,42.85,42.81,42.84,32806
2024-02-07 11:58:00,42.84,42.85,42.81,42.83,34103
2024-02-07 11:59:00,42.84,42.84,42.8,42.83,53738
2024-02-07 12:00:00,42.82,42.88,42.82,42.85,89050
2024-02-07 12:01:00,42.85,42.88,42.85,42.88,17409
2024-02-07 12:02:00,42.88,42.9,42.85,42.9,30411
2024-02-07 12:03:00,42.89,42.92,42.89,42.9,68283
2024-02-07 12:04:00,42.89,42.9,42.88,42.9,18772
2024-02-07 12:05:00,42.9,42.91,42.83,42.84,35762
2024-02-07 12:06:00,42.84,42.88,42.84,42.88,20775
2024-02-07 12:07:00,42.88,42.88,42.86,42.88,21129
2024-02-07 12:08:00,42.88,42.89,42.86,42.87,34178
2024-02-07 12:09:00,42.87,42.89,42.87,42.89,9370
2024-02-07 12:10:00,42.89,42.89,42.85,42.87,39508
2024-02-07 12:11:00,42.87,42.88,42.83,42.83,14439
2024-02-07 12:12:00,42.84,42.85,42.81,42.83,42064
2024-02-07 12:13:00,42.83,42.86,42.81,42.85,32978
2024-02-07 12:14:00,42.84,42.86,42.81,42.86,38478
2024-02-07 12:15:00,42.86,42.86,42.82,42.84,30777
2024-02-07 12:16:00,42.84,42.86,42.81,42.86,21324
2024-02-07 12:17:00,42.86,42.9,42.85,42.89,33925
2024-02-07 12:18:00,42.89,42.89,42.86,42.89,18801
2024-02-07 12:19:00,42.89,42.89,42.87,42.89,18928
2024-02-07 12:20:00,42.89,42.89,42.86,42.88,25264
2024-02-07 12:21:00,42.88,42.89,42.85,42.88,19449
2024-02-07 12:22:00,42.88,42.89,42.87,42.88,18823
2024-02-07 12:23:00,42.89,42.91,42.88,42.9,17065
2024-02-07 12:24:00,42.89,42.91,42.85,42.86,43047
2024-02-07 12:25:00,42.86,42.87,42.84,42.86,18206
2024-02-07 12:26:00,42.86,42.87,42.83,42.84,10903
2024-02-07 12:27:00,42.84,42.86,42.82,42.84,16833
2024-02-07 12:28:00,42.84,42.86,42.83,42.84,29975
2024-02-07 12:29:00,42.84,42.85,42.79,42.8,33366
2024-02-07 12:30:00,42.8,42.8,42.75,42.76,32331
2024-02-07 12:31:00,42.77,42.79,42.76,42.77,30017
2024-02-07 12:32:00,42.77,42.8,42.76,42.79,35268
2024-02-07 12:33:00,42.78,42.79,42.73,42.74,32660
2024-02-07 12:34:00,42.75,42.77,42.73,42.76,28583
2024-02-07 12:35:00,42.75,42.77,42.73,42.75,26900
2024-02-07 12:36:00,42.76,42.76,42.73,42.75,35059
2024-02-07 12:37:00,42.73,42.73,42.65,42.65,135137
2024-02-07 12:38:00,42.65,42.67,42.62,42.65,76856
2024-02-07 12:39:00,42.65,42.66,42.61,42.63,56932
2024-02-07 12:40:00,42.62,42.62,42.55,42.55,84613
2024-02-07 12:41:00,42.58,42.59,42.55,42.59,127252
2024-02-07 12:42:00,42.59,42.61,42.57,42.61,62002
2024-02-07 12:43:00,42.6,42.64,42.58,42.62,90336
2024-02-07 12:44:00,42.63,42.65,42.6,42.61,63874
2024-02-07 12:45:00,42.6,42.63,42.59,42.63,39569
2024-02-07 12:46:00,42.63,42.66,42.61,42.64,39420
2024-02-07 12:47:00,42.64,42.69,42.64,42.67,54683
2024-02-07 12:48:00,42.67,42.68,42.64,42.65,37049
2024-02-07 12:49:00,42.65,42.66,42.63,42.66,22513
2024-02-07 12:50:00,42.66,42.66,42.64,42.66,35846
2024-02-07 12:51:00,42.66,42.66,42.64,42.66,21608
2024-02-07 12:52:00,42.66,42.67,42.63,42.66,39982
2024-02-07 12:53:00,42.66,42.69,42.64,42.68,33842
2024-02-07 12:54:00,42.69,42.69,42.67,42.68,24922
2024-02-07 12:55:00,42.69,42.71,42.68,42.69,33763
2024-02-07 12:56:00,42.68,42.7,42.68,42.69,12292
2024-02-07 12:57:00,42.69,42.76,42.68,42.76,55492
2024-02-07 12:58:00,42.75,42.77,42.74,42.76,40009
2024-02-07 12:59:00,42.75,42.77,42.74,42.76,34644
2024-02-07 13:00:00,42.77,42.77,42.72,42.73,30566
2024-02-07 13:01:00,42.73,42.84,42.71,42.82,56994
2024-02-07 13:02:00,42.82,42.82,42.76,42.77,27205
2024-02-07 13:03:00,42.77,42.77,42.73,42.74,27745
2024-02-07 13:04:00,42.73,42.74,42.64,42.66,29740
2024-02-07 13:05:00,42.65,42.69,42.64,42.68,30821
2024-02-07 13:06:00,42.68,42.75,42.68,42.73,25411
2024-02-07 13:07:00,42.73,42.75,42.71,42.73,17189
2024-02-07 13:08:00,42.73,42.74,42.7,42.73,7386
2024-02-07 13:09:00,42.74,42.77,42.73,42.74,20539
2024-02-07 13:10:00,42.75,42.78,42.74,42.77,27032
2024-02-07 13:11:00,42.77,42.81,42.76,42.79,38059
2024-02-07 13:12:00,42.79,42.8,42.75,42.76,27019
2024-02-07 13:13:00,42.75,42.77,42.75,42.75,6310
2024-02-07 13:14:00,42.76,42.77,42.73,42.73,16075
2024-02-07 13:15:00,42.73,42.79,42.73,42.77,36859
2024-02-07 13:16:00,42.78,42.8,42.75,42.77,30102
2024-02-07 13:17:00,42.77,42.79,42.76,42.77,9249
2024-02-07 13:18:00,42.77,42.8,42.77,42.79,15751
2024-02-07 13:19:00,42.79,42.82,42.77,42.82,25689
2024-02-07 13:20:00,42.82,42.83,42.81,42.81,20429
2024-02-07 13:21:00,42.82,42.82,42.8,42.82,15736
2024-02-07 13:22:00,42.82,42.84,42.8,42.83,25549
2024-02-07 13:23:00,42.83,42.84,42.82,42.84,29098
2024-02-07 13:24:00,42.84,42.85,42.83,42.84,13417
2024-02-07 13:25:00,42.84,42.89,42.83,42.88,27030
2024-02-07 13:26:00,42.89,42.9,42.87,42.87,29591
2024-02-07 13:27:00,42.87,42.88,42.84,42.86,14474
2024-02-07 13:28:00,42.86,42.88,42.85,42.87,27888
2024-02-07 13:29:00,42.87,42.87,42.85,42.87,8890
2024-02-07 13:30:00,42.87,42.89,42.86,42.88,33977
2024-02-07 13:31:00,42.88,42.89,42.86,42.88,21241
2024-02-07 13:32:00,42.88,42.88,42.84,42.84,30002
2024-02-07 13:33:00,42.84,42.86,42.83,42.85,40190
2024-02-07 13:34:00,42.85,42.85,42.82,42.85,21025
2024-02-07 13:35:00,42.84,42.85,42.82,42.83,25312
2024-02-07 13:36:00,42.83,42.85,42.82,42.84,15327
2024-02-07 13:37:00,42.84,42.85,42.83,42.84,4232
2024-02-07 13:38:00,42.85,42.86,42.81,42.81,19001
2024-02-07 13:39:00,42.82,42.85,42.81,42.85,24153
2024-02-07 13:40:00,42.85,42.85,42.82,42.83,23174
2024-02-07 13:41:00,42.83,42.83,42.78,42.79,41851
2024-02-07 13:42:00,42.79,42.8,42.78,42.78,23503
2024-02-07 13:43:00,42.79,42.84,42.78,42.82,33491
2024-02-07 13:44:00,42.83,42.84,42.81,42.83,11714
2024-02-07 13:45:00,42.83,42.84,42.81,42.84,25631
2024-02-07 13:46:00,42.84,42.85,42.82,42.85,21271
2024-02-07 13:47:00,42.84,42.86,42.83,42.84,19141
2024-02-07 13:48:00,42.85,42.86,42.83,42.83,14466
2024-02-07 13:49:00,42.83,42.87,42.83,42.87,20419
2024-02-07 13:50:00,42.87,42.88,42.86,42.87,21526
2024-02-07 13:51:00,42.87,42.87,42.85,42.87,19450
2024-02-07 13:52:00,42.87,42.88,42.85,42.86,28237
2024-02-07 13:53:00,42.87,42.88,42.85,42.87,18154
2024-02-07 13:54:00,42.87,42.88,42.86,42.88,5878
2024-02-07 13:55:00,42.88,42.89,42.87,42.88,18622
2024-02-07 13:56:00,42.88,42.88,42.85,42.86,38975
2024-02-07 13:57:00,42.86,42.89,42.85,42.89,37691
2024-02-07 13:58:00,42.89,42.9,42.88,42.9,9920
2024-02-07 13:59:00,42.9,42.93,42.89,42.91,47643
2024-02-07 14:00:00,42.91,42.92,42.9,42.91,126464
2024-02-07 14:01:00,42.91,42.91,42.85,42.89,62910
2024-02-07 14:02:00,42.89,42.91,42.87,42.88,42739
2024-02-07 14:03:00,42.87,42.92,42.87,42.91,37893
2024-02-07 14:04:00,42.91,42.95,42.91,42.95,69937
2024-02-07 14:05:00,42.95,42.96,42.94,42.96,93692
2024-02-07 14:06:00,42.95,42.96,42.89,42.93,84703
2024-02-07 14:07:00,42.92,42.93,42.89,42.9,39530
2024-02-07 14:08:00,42.91,42.92,42.9,42.91,17549
2024-02-07 14:09:00,42.91,42.92,42.87,42.88,45071
2024-02-07 14:10:00,42.89,42.89,42.86,42.87,14814
2024-02-07 14:11:00,42.88,42.88,42.86,42.88,19911
2024-02-07 14:12:00,42.88,42.88,42.84,42.86,70171
2024-02-07 14:13:00,42.86,42.86,42.84,42.84,12454
2024-02-07 14:14:00,42.84,42.85,42.82,42.84,45919
2024-02-07 14:15:00,42.84,42.87,42.83,42.86,31707
2024-02-07 14:16:00,42.87,42.89,42.84,42.84,31672
2024-02-07 14:17:00,42.84,42.86,42.82,42.83,28850
2024-02-07 14:18:00,42.83,42.83,42.8,42.81,42619
2024-02-07 14:19:00,42.8,42.81,42.76,42.77,54924
2024-02-07 14:20:00,42.77,42.81,42.77,42.8,43235
2024-02-07 14:21:00,42.79,42.84,42.78,42.84,21494
2024-02-07 14:22:00,42.84,42.84,42.81,42.82,10601
2024-02-07 14:23:00,42.82,42.87,42.82,42.86,23756
2024-02-07 14:24:00,42.86,42.86,42.85,42.86,21582
2024-02-07 14:25:00,42.87,42.87,42.83,42.83,19242
2024-02-07 14:26:00,42.83,42.84,42.82,42.84,15633
2024-02-07 14:27:00,42.84,42.84,42.81,42.82,32057
2024-02-07 14:28:00,42.82,42.82,42.8,42.8,17833
2024-02-07 14:29:00,42.81,42.82,42.81,42.82,14108
2024-02-07 14:30:00,42.82,42.84,42.81,42.84,15115
2024-02-07 14:31:00,42.84,42.85,42.8,42.82,15110
2024-02-07 14:32:00,42.82,42.82,42.76,42.77,36007
2024-02-07 14:33:00,42.77,42.8,42.76,42.79,32825
2024-02-07 14:34:00,42.78,42.8,42.77,42.77,13177
2024-02-07 14:35:00,42.77,42.78,42.76,42.77,18760
2024-02-07 14:36:00,42.76,42.78,42.75,42.77,18159
2024-02-07 14:37:00,42.77,42.79,42.76,42.79,20554
2024-02-07 14:38:00,42.79,42.8,42.77,42.8,22870
2024-02-07 14:39:00,42.8,42.82,42.79,42.79,35463
2024-02-07 14:40:00,42.8,42.81,42.78,42.79,23687
2024-02-07 14:41:00,42.8,42.8,42.78,42.79,9779
2024-02-07 14:42:00,42.79,42.79,42.78,42.79,11951
2024-02-07 14:43:00,42.78,42.79,42.77,42.78,21898
2024-02-07 14:44:00,42.77,42.8,42.77,42.8,27799
2024-02-07 14:45:00,42.8,42.8,42.79,42.8,38663
2024-02-07 14:46:00,42.79,42.8,42.78,42.8,19795
2024-02-07 14:47:00,42.79,42.83,42.78,42.82,26737
2024-02-07 14:48:00,42.83,42.85,42.82,42.84,30422
2024-02-07 14:49:00,42.84,42.84,42.81,42.81,26300
2024-02-07 14:50:00,42.82,42.82,42.81,42.82,50535
2024-02-07 14:51:00,42.82,42.83,42.8,42.82,48595
2024-02-07 14:52:00,42.82,42.86,42.81,42.86,30282
2024-02-07 14:53:00,42.85,42.86,42.82,42.83,27332
2024-02-07 14:54:00,42.82,42.85,42.82,42.85,17533
2024-02-07 14:55:00,42.84,42.86,42.81,42.86,48524
2024-02-07 14:56:00,42.85,42.86,42.8,42.8,61520
2024-02-07 14:57:00,42.8,42.81,42.78,42.79,61181
2024-02-07 14:58:00,42.79,42.8,42.78,42.79,20452
2024-02-07 14:59:00,42.79,42.8,42.78,42.79,18178
2024-02-07 15:00:00,42.79,42.8,42.76,42.8,55456
2024-02-07 15:01:00,42.8,42.8,42.73,42.76,55675
2024-02-07 15:02:00,42.77,42.8,42.76,42.8,19561
2024-02-07 15:03:00,42.8,42.83,42.78,42.82,59013
2024-02-07 15:04:00,42.82,42.82,42.79,42.8,31496
2024-02-07 15:05:00,42.8,42.81,42.8,42.81,14379
2024-02-07 15:06:00,42.8,42.82,42.78,42.8,32191
2024-02-07 15:07:00,42.79,42.81,42.77,42.77,86377
2024-02-07 15:08:00,42.78,42.78,42.75,42.77,20505
2024-02-07 15:09:00,42.77,42.8,42.76,42.8,18465
2024-02-07 15:10:00,42.8,42.8,42.76,42.78,34549
2024-02-07 15:11:00,42.78,42.79,42.77,42.79,17978
2024-02-07 15:12:00,42.79,42.81,42.78,42.8,65430
2024-02-07 15:13:00,42.8,42.8,42.78,42.78,19292
2024-02-07 15:14:00,42.79,42.8,42.77,42.77,29551
2024-02-07 15:15:00,42.77,42.8,42.77,42.8,23003
2024-02-07 15:16:00,42.8,42.83,42.76,42.77,93187
2024-02-07 15:17:00,42.78,42.79,42.76,42.77,23230
2024-02-07 15:18:00,42.77,42.8,42.77,42.79,44097
2024-02-07 15:19:00,42.79,42.8,42.78,42.79,30810
2024-02-07 15:20:00,42.79,42.79,42.76,42.77,44783
2024-02-07 15:21:00,42.77,42.8,42.77,42.8,19862
2024-02-07 15:22:00,42.8,42.81,42.78,42.78,34375
2024-02-07 15:23:00,42.79,42.8,42.75,42.8,214761
2024-02-07 15:24:00,42.8,42.83,42.78,42.83,49163
2024-02-07 15:25:00,42.83,42.84,42.81,42.84,31613
2024-02-07 15:26:00,42.83,42.85,42.82,42.84,37758
2024-02-07 15:27:00,42.84,42.84,42.81,42.83,56051
2024-02-07 15:28:00,42.83,42.83,42.81,42.81,25562
2024-02-07 15:29:00,42.82,42.83,42.81,42.83,26508
2024-02-07 15:30:00,42.83,42.87,42.83,42.84,65699
2024-02-07 15:31:00,42.85,42.86,42.83,42.84,40524
2024-02-07 15:32:00,42.84,42.85,42.82,42.84,31174
2024-02-07 15:33:00,42.84,42.85,42.82,42.85,37495
2024-02-07 15:34:00,42.85,42.86,42.83,42.84,37785
2024-02-07 15:35:00,42.83,42.85,42.82,42.84,22499
2024-02-07 15:36:00,42.85,42.86,42.83,42.86,51578
2024-02-07 15:37:00,42.86,42.87,42.84,42.86,27882
2024-02-07 15:38:00,42.85,42.9,42.85,42.89,34881
2024-02-07 15:39:00,42.89,42.89,42.85,42.86,68906
2024-02-07 15:40:00,42.85,42.86,42.81,42.81,35855
2024-02-07 15:41:00,42.81,42.81,42.79,42.8,55327
2024-02-07 15:42:00,42.8,42.8,42.77,42.77,48424
2024-02-07 15:43:00,42.78,42.79,42.74,42.77,147486
2024-02-07 15:44:00,42.77,42.8,42.76,42.8,148527
2024-02-07 15:45:00,42.8,42.8,42.78,42.8,111088
2024-02-07 15:46:00,42.8,42.8,42.77,42.77,57846
2024-02-07 15:47:00,42.78,42.79,42.76,42.77,60803
2024-02-07 15:48:00,42.77,42.78,42.76,42.77,37638
2024-02-07 15:49:00,42.77,42.77,42.74,42.76,83282
2024-02-07 15:50:00,42.75,42.8,42.74,42.8,239691
2024-02-07 15:51:00,42.8,42.8,42.78,42.79,162532
2024-02-07 15:52:00,42.8,42.8,42.77,42.79,131873
2024-02-07 15:53:00,42.79,42.79,42.76,42.78,145463
2024-02-07 15:54:00,42.78,42.79,42.7,42.73,277315
2024-02-07 15:55:00,42.73,42.79,42.73,42.77,174780
2024-02-07 15:56:00,42.77,42.78,42.75,42.77,160104
2024-02-07 15:57:00,42.77,42.79,42.76,42.78,171981
2024-02-07 15:58:00,42.77,42.78,42.76,42.77,145603
2024-02-07 15:59:00,42.77,42.8,42.77,42.8,564342
2024-02-08 09:30:00,42.7,42.97,42.7,42.88,379743
2024-02-08 09:31:00,42.88,42.89,42.8,42.82,60706
2024-02-08 09:32:00,42.82,42.89,42.8,42.87,68472
2024-02-08 09:33:00,42.88,42.88,42.77,42.78,67764
2024-02-08 09:34:00,42.77,42.78,42.72,42.75,108908
2024-02-08 09:35:00,42.73,42.85,42.73,42.85,116472
2024-02-08 09:36:00,42.86,42.87,42.79,42.81,98875
2024-02-08 09:37:00,42.8,42.85,42.71,42.78,61861
2024-02-08 09:38:00,42.79,42.79,42.7,42.73,48539
2024-02-08 09:39:00,42.74,42.74,42.67,42.71,68098
2024-02-08 09:40:00,42.71,42.71,42.57,42.58,97561
2024-02-08 09:41:00,42.58,42.58,42.52,42.54,77158
2024-02-08 09:42:00,42.54,42.6,42.52,42.58,50381
2024-02-08 09:43:00,42.58,42.61,42.54,42.58,67694
2024-02-08 09:44:00,42.57,42.62,42.55,42.62,27813
2024-02-08 09:45:00,42.62,42.63,42.56,42.57,50942
2024-02-08 09:46:00,42.57,42.6,42.56,42.58,44849
2024-02-08 09:47:00,42.58,42.64,42.57,42.64,47327
2024-02-08 09:48:00,42.64,42.65,42.51,42.52,199927
2024-02-08 09:49:00,42.52,42.56,42.47,42.55,124599
2024-02-08 09:50:00,42.55,42.6,42.52,42.59,62963
2024-02-08 09:51:00,42.59,42.62,42.55,42.55,58722
2024-02-08 09:52:00,42.55,42.61,42.53,42.56,56610
2024-02-08 09:53:00,42.55,42.63,42.54,42.61,34651
2024-02-08 09:54:00,42.61,42.61,42.58,42.61,74072
2024-02-08 09:55:00,42.61,42.64,42.6,42.63,39872
2024-02-08 09:56:00,42.63,42.68,42.62,42.66,41841
2024-02-08 09:57:00,42.66,42.68,42.64,42.66,33952
2024-02-08 09:58:00,42.67,42.74,42.66,42.7,43314
2024-02-08 09:59:00,42.7,42.77,42.69,42.74,56452
2024-02-08 10:00:00,42.73,42.79,42.7,42.79,62184
2024-02-08 10:01:00,42.79,42.81,42.78,42.79,52546
2024-02-08 10:02:00,42.79,42.8,42.74,42.77,47805
2024-02-08 10:03:00,42.78,42.8,42.77,42.8,45474
2024-02-08 10:04:00,42.79,42.81,42.76,42.77,205822
2024-02-08 10:05:00,42.77,42.77,42.71,42.73,73086
2024-02-08 10:06:00,42.73,42.75,42.69,42.74,70209
2024-02-08 10:07:00,42.75,42.75,42.69,42.73,50015
2024-02-08 10:08:00,42.73,42.75,42.65,42.67,87059
2024-02-08 10:09:00,42.66,42.66,42.61,42.61,58081
2024-02-08 10:10:00,42.62,42.63,42.55,42.55,88257
2024-02-08 10:11:00,42.55,42.59,42.52,42.52,98548
2024-02-08 10:12:00,42.52,42.53,42.48,42.5,173099
2024-02-08 10:13:00,42.5,42.54,42.48,42.52,74598
2024-02-08 10:14:00,42.52,42.52,42.47,42.48,48341
2024-02-08 10:15:00,42.48,42.51,42.47,42.49,71952
2024-02-08 10:16:00,42.5,42.52,42.41,42.42,115358
2024-02-08 10:17:00,42.41,42.49,42.36,42.48,224141
2024-02-08 10:18:00,42.49,42.5,42.45,42.48,48417
2024-02-08 10:19:00,42.48,42.51,42.46,42.47,114162
2024-02-08 10:20:00,42.47,42.49,42.43,42.47,84606
2024-02-08 10:21:00,42.47,42.54,42.44,42.54,75529
2024-02-08 10:22:00,42.53,42.57,42.53,42.54,67816
2024-02-08 10:23:00,42.54,42.54,42.46,42.47,68062
2024-02-08 10:24:00,42.47,42.5,42.44,42.45,84989
2024-02-08 10:25:00,42.46,42.47,42.4,42.44,60481
2024-02-08 10:26:00,42.44,42.45,42.42,42.42,88848
2024-02-08 10:27:00,42.43,42.44,42.37,42.4,122784
2024-02-08 10:28:00,42.41,42.41,42.37,42.39,84663
2024-02-08 10:29:00,42.38,42.44,42.37,42.41,82495
2024-02-08 10:30:00,42.41,42.45,42.38,42.38,60591
2024-02-08 10:31:00,42.38,42.52,42.38,42.5,80601
2024-02-08 10:32:00,42.5,42.57,42.47,42.55,62416
2024-02-08 10:33:00,42.55,42.62,42.55,42.59,84535
2024-02-08 10:34:00,42.59,42.59,42.53,42.55,72678
2024-02-08 10:35:00,42.55,42.56,42.52,42.52,80456
2024-02-08 10:36:00,42.53,42.56,42.52,42.54,66997
2024-02-08 10:37:00,42.55,42.57,42.53,42.53,57332
2024-02-08 10:38:00,42.54,42.54,42.51,42.52,60933
2024-02-08 10:39:00,42.52,42.54,42.5,42.51,35482
2024-02-08 10:40:00,42.52,42.52,42.47,42.51,38156
2024-02-08 10:41:00,42.51,42.51,42.47,42.48,34877
2024-02-08 10:42:00,42.48,42.53,42.46,42.53,59594
2024-02-08 10:43:00,42.53,42.54,42.51,42.53,50647
2024-02-08 10:44:00,42.53,42.54,42.45,42.49,57561
2024-02-08 10:45:00,42.48,42.5,42.48,42.49,23558
2024-02-08 10:46:00,42.49,42.52,42.48,42.48,59817
2024-02-08 10:47:00,42.48,42.54,42.48,42.51,59462
2024-02-08 10:48:00,42.51,42.55,42.5,42.54,47740
2024-02-08 10:49:00,42.54,42.56,42.52,42.54,72971
2024-02-08 10:50:00,42.54,42.62,42.54,42.62,74638
2024-02-08 10:51:00,42.61,42.65,42.6,42.64,41188
2024-02-08 10:52:00,42.63,42.65,42.61,42.61,76192
2024-02-08 10:53:00,42.62,42.64,42.59,42.59,35633
2024-02-08 10:54:00,42.6,42.64,42.58,42.63,210497
2024-02-08 10:55:00,42.63,42.68,42.61,42.62,136936
2024-02-08 10:56:00,42.63,42.67,42.62,42.66,42598
2024-02-08 10:57:00,42.66,42.67,42.62,42.62,49417
2024-02-08 10:58:00,42.62,42.64,42.58,42.64,98371
2024-02-08 10:59:00,42.64,42.64,42.61,42.62,31061
2024-02-08 11:00:00,42.62,42.62,42.56,42.59,86116
2024-02-08 11:01:00,42.59,42.61,42.56,42.58,43339
2024-02-08 11:02:00,42.59,42.6,42.57,42.58,69167
2024-02-08 11:03:00,42.58,42.59,42.55,42.57,81625
2024-02-08 11:04:00,42.57,42.6,42.55,42.59,298322
2024-02-08 11:05:00,42.59,42.59,42.55,42.56,29854
2024-02-08 11:06:00,42.57,42.58,42.54,42.55,55850
2024-02-08 11:07:00,42.55,42.58,42.54,42.55,26350
2024-02-08 11:08:00,42.55,42.55,42.49,42.5,109438
2024-02-08 11:09:00,42.5,42.51,42.47,42.48,38679
2024-02-08 11:10:00,42.49,42.52,42.48,42.48,48218
2024-02-08 11:11:00,42.48,42.55,42.48,42.52,53273
2024-02-08 11:12:00,42.52,42.57,42.51,42.55,59439
2024-02-08 11:13:00,42.55,42.55,42.5,42.52,69059
2024-02-08 11:14:00,42.52,42.54,42.51,42.51,23611
2024-02-08 11:15:00,42.52,42.54,42.51,42.53,30418
2024-02-08 11:16:00,42.53,42.55,42.51,42.52,26969
2024-02-08 11:17:00,42.52,42.53,42.5,42.5,28301
2024-02-08 11:18:00,42.51,42.54,42.5,42.54,44125
2024-02-08 11:19:00,42.54,42.55,42.53,42.55,25817
2024-02-08 11:20:00,42.55,42.55,42.53,42.55,86524
2024-02-08 11:21:00,42.54,42.56,42.53,42.54,57922
2024-02-08 11:22:00,42.53,42.56,42.52,42.54,30400
2024-02-08 11:23:00,42.54,42.54,42.51,42.52,30344
2024-02-08 11:24:00,42.52,42.53,42.48,42.5,38240
2024-02-08 11:25:00,42.5,42.52,42.49,42.5,22036
2024-02-08 11:26:00,42.51,42.53,42.46,42.47,46970
2024-02-08 11:27:00,42.47,42.5,42.46,42.49,42142
2024-02-08 11:28:00,42.49,42.49,42.45,42.46,49797
2024-02-08 11:29:00,42.46,42.46,42.39,42.41,204651
2024-02-08 11:30:00,42.41,42.43,42.4,42.41,71009
2024-02-08 11:31:00,42.41,42.41,42.33,42.35,82757
2024-02-08 11:32:00,42.34,42.4,42.33,42.39,55062
2024-02-08 11:33:00,42.4,42.43,42.39,42.43,16759
2024-02-08 11:34:00,42.43,42.44,42.4,42.43,69805
2024-02-08 11:35:00,42.42,42.47,42.42,42.47,41535
2024-02-08 11:36:00,42.48,42.5,42.46,42.47,33784
2024-02-08 11:37:00,42.48,42.5,42.46,42.5,46918
2024-02-08 11:38:00,42.5,42.5,42.47,42.48,26394
2024-02-08 11:39:00,42.48,42.48,42.45,42.47,47327
2024-02-08 11:40:00,42.47,42.47,42.43,42.45,33061
2024-02-08 11:41:00,42.45,42.46,42.42,42.42,50235
2024-02-08 11:42:00,42.42,42.42,42.4,42.42,51380
2024-02-08 11:43:00,42.41,42.42,42.39,42.41,112514
2024-02-08 11:44:00,42.41,42.42,42.39,42.4,44252
2024-02-08 11:45:00,42.4,42.41,42.37,42.41,31932
2024-02-08 11:46:00,42.4,42.41,42.39,42.4,19605
2024-02-08 11:47:00,42.41,42.41,42.37,42.4,22978
2024-02-08 11:48:00,42.4,42.42,42.39,42.41,52178
2024-02-08 11:49:00,42.41,42.41,42.39,42.41,27195
2024-02-08 11:50:00,42.41,42.42,42.39,42.4,50073
2024-02-08 11:51:00,42.39,42.42,42.38,42.41,50170
2024-02-08 11:52:00,42.42,42.46,42.41,42.45,28382
2024-02-08 11:53:00,42.46,42.49,42.45,42.48,52775
2024-02-08 11:54:00,42.48,42.49,42.45,42.47,41069
2024-02-08 11:55:00,42.48,42.49,42.46,42.48,37082
2024-02-08 11:56:00,42.48,42.54,42.48,42.52,148133
2024-02-08 11:57:00,42.53,42.55,42.5,42.55,38274
2024-02-08 11:58:00,42.55,42.57,42.54,42.57,28554
2024-02-08 11:59:00,42.56,42.59,42.56,42.58,57462
2024-02-08 12:00:00,42.57,42.62,42.57,42.58,42580
2024-02-08 12:01:00,42.58,42.59,42.57,42.57,20468
2024-02-08 12:02:00,42.58,42.58,42.55,42.56,21012
2024-02-08 12:03:00,42.55,42.62,42.55,42.6,44763
2024-02-08 12:04:00,42.6,42.61,42.55,42.57,26352
2024-02-08 12:05:00,42.57,42.58,42.54,42.55,22452
2024-02-08 12:06:00,42.55,42.56,42.52,42.55,36264
2024-02-08 12:07:00,42.55,42.55,42.52,42.52,25556
2024-02-08 12:08:00,42.52,42.53,42.5,42.52,13106
2024-02-08 12:09:00,42.53,42.54,42.51,42.52,13240
2024-02-08 12:10:00,42.53,42.56,42.53,42.55,24193
2024-02-08 12:11:00,42.55,42.56,42.53,42.54,17550
2024-02-08 12:12:00,42.54,42.57,42.53,42.57,16470
2024-02-08 12:13:00,42.57,42.59,42.54,42.58,15760
2024-02-08 12:14:00,42.59,42.6,42.57,42.59,24902
2024-02-08 12:15:00,42.59,42.6,42.58,42.59,20950
2024-02-08 12:16:00,42.59,42.62,42.58,42.59,28316
2024-02-08 12:17:00,42.59,42.63,42.59,42.61,15140
2024-02-08 12:18:00,42.62,42.62,42.59,42.62,19186
2024-02-08 12:19:00,42.61,42.63,42.6,42.62,27561
2024-02-08 12:20:00,42.62,42.62,42.56,42.58,43322
2024-02-08 12:21:00,42.58,42.59,42.56,42.57,17109
2024-02-08 12:22:00,42.57,42.6,42.56,42.6,15329
2024-02-08 12:23:00,42.6,42.63,42.59,42.63,56755
2024-02-08 12:24:00,42.63,42.65,42.62,42.65,37155
2024-02-08 12:25:00,42.64,42.69,42.63,42.69,58193
2024-02-08 12:26:00,42.69,42.71,42.68,42.7,53974
2024-02-08 12:27:00,42.7,42.72,42.69,42.7,28227
2024-02-08 12:28:00,42.71,42.73,42.7,42.72,44969
2024-02-08 12:29:00,42.71,42.72,42.69,42.7,18010
2024-02-08 12:30:00,42.69,42.7,42.66,42.68,19641
2024-02-08 12:31:00,42.68,42.71,42.67,42.7,14701
2024-02-08 12:32:00,42.7,42.71,42.68,42.71,11559
2024-02-08 12:33:00,42.7,42.73,42.68,42.7,44348
2024-02-08 12:34:00,42.7,42.7,42.65,42.66,37667
2024-02-08 12:35:00,42.66,42.67,42.65,42.67,12652
2024-02-08 12:36:00,42.66,42.69,42.66,42.66,26346
2024-02-08 12:37:00,42.66,42.68,42.66,42.67,15972
2024-02-08 12:38:00,42.68,42.71,42.67,42.7,34366
2024-02-08 12:39:00,42.7,42.7,42.65,42.68,96081
2024-02-08 12:40:00,42.67,42.67,42.64,42.66,44096
2024-02-08 12:41:00,42.65,42.66,42.62,42.63,77061
2024-02-08 12:42:00,42.62,42.63,42.58,42.58,49834
2024-02-08 12:43:00,42.59,42.61,42.58,42.59,39344
2024-02-08 12:44:00,42.59,42.63,42.58,42.61,41520
2024-02-08 12:45:00,42.6,42.66,42.59,42.66,27097
2024-02-08 12:46:00,42.65,42.65,42.59,42.59,24461
2024-02-08 12:47:00,42.59,42.63,42.59,42.61,11929
2024-02-08 12:48:00,42.61,42.64,42.6,42.63,14905
2024-02-08 12:49:00,42.64,42.65,42.63,42.64,15657
2024-02-08 12:50:00,42.63,42.65,42.62,42.65,13659
2024-02-08 12:51:00,42.65,42.66,42.64,42.65,30662
2024-02-08 12:52:00,42.65,42.65,42.6,42.63,25130
2024-02-08 12:53:00,42.64,42.65,42.61,42.63,17881
2024-02-08 12:54:00,42.63,42.65,42.62,42.64,14513
2024-02-08 12:55:00,42.64,42.64,42.59,42.6,25252
2024-02-08 12:56:00,42.61,42.61,42.59,42.59,56396
2024-02-08 12:57:00,42.59,42.61,42.58,42.61,17504
2024-02-08 12:58:00,42.61,42.61,42.59,42.59,18958
2024-02-08 12:59:00,42.59,42.62,42.59,42.61,26772
2024-02-08 13:00:00,42.61,42.61,42.58,42.6,33961
2024-02-08 13:01:00,42.59,42.72,42.59,42.72,77536
2024-02-08 13:02:00,42.71,42.75,42.7,42.75,72749
2024-02-08 13:03:00,42.75,42.77,42.74,42.76,70456
2024-02-08 13:04:00,42.77,42.77,42.75,42.77,37250
2024-02-08 13:05:00,42.77,42.77,42.69,42.73,44862
2024-02-08 13:06:00,42.74,42.78,42.74,42.77,22036
2024-02-08 13:07:00,42.77,42.77,42.68,42.73,75833
2024-02-08 13:08:00,42.72,42.72,42.66,42.66,87378
2024-02-08 13:09:00,42.66,42.67,42.64,42.67,43186
2024-02-08 13:10:00,42.66,42.68,42.66,42.66,20938
2024-02-08 13:11:00,42.66,42.67,42.64,42.66,15596
2024-02-08 13:12:00,42.65,42.66,42.65,42.66,9461
2024-02-08 13:13:00,42.65,42.69,42.64,42.68,29377
2024-02-08 13:14:00,42.68,42.68,42.65,42.66,29884
2024-02-08 13:15:00,42.66,42.7,42.66,42.7,27829
2024-02-08 13:16:00,42.69,42.69,42.62,42.63,27694
2024-02-08 13:17:00,42.64,42.67,42.63,42.65,26149
2024-02-08 13:18:00,42.65,42.67,42.64,42.67,11866
2024-02-08 13:19:00,42.67,42.69,42.66,42.69,21667
2024-02-08 13:20:00,42.68,42.7,42.67,42.7,31852
2024-02-08 13:21:00,42.71,42.71,42.69,42.7,20389
2024-02-08 13:22:00,42.69,42.69,42.67,42.67,18962
2024-02-08 13:23:00,42.67,42.7,42.67,42.7,20952
2024-02-08 13:24:00,42.7,42.7,42.65,42.66,40951
2024-02-08 13:25:00,42.66,42.67,42.65,42.66,50658
2024-02-08 13:26:00,42.66,42.67,42.64,42.65,50670
2024-02-08 13:27:00,42.66,42.67,42.64,42.66,27033
2024-02-08 13:28:00,42.66,42.67,42.65,42.66,22889
2024-02-08 13:29:00,42.65,42.66,42.65,42.65,11236
2024-02-08 13:30:00,42.66,42.69,42.65,42.68,51143
2024-02-08 13:31:00,42.67,42.68,42.65,42.66,76814
2024-02-08 13:32:00,42.66,42.67,42.64,42.65,18532
2024-02-08 13:33:00,42.65,42.66,42.63,42.64,30249
2024-02-08 13:34:00,42.64,42.65,42.61,42.62,52437
2024-02-08 13:35:00,42.63,42.64,42.62,42.64,27163
2024-02-08 13:36:00,42.63,42.65,42.63,42.64,18326
2024-02-08 13:37:00,42.65,42.68,42.64,42.65,31462
2024-02-08 13:38:00,42.65,42.67,42.64,42.64,20947
2024-02-08 13:39:00,42.65,42.65,42.64,42.65,9966
2024-02-08 13:40:00,42.65,42.65,42.63,42.64,22668
2024-02-08 13:41:00,42.64,42.65,42.63,42.65,30181
2024-02-08 13:42:00,42.65,42.66,42.63,42.66,27958
2024-02-08 13:43:00,42.65,42.66,42.64,42.65,9660
2024-02-08 13:44:00,42.65,42.66,42.64,42.65,11006
2024-02-08 13:45:00,42.66,42.66,42.64,42.65,13067
2024-02-08 13:46:00,42.65,42.67,42.65,42.66,13056
2024-02-08 13:47:00,42.66,42.67,42.65,42.66,12149
2024-02-08 13:48:00,42.66,42.67,42.64,42.65,15762
2024-02-08 13:49:00,42.66,42.66,42.65,42.66,7715
2024-02-08 13:50:00,42.65,42.66,42.63,42.64,11135
2024-02-08 13:51:00,42.64,42.64,42.61,42.63,32181
2024-02-08 13:52:00,42.63,42.64,42.62,42.63,24722
2024-02-08 13:53:00,42.63,42.64,42.6,42.63,51032
2024-02-08 13:54:00,42.63,42.63,42.6,42.61,8756
2024-02-08 13:55:00,42.61,42.62,42.6,42.62,12235
2024-02-08 13:56:00,42.62,42.63,42.6,42.61,44334
2024-02-08 13:57:00,42.61,42.61,42.59,42.59,53729
2024-02-08 13:58:00,42.59,42.62,42.59,42.61,22338
2024-02-08 13:59:00,42.61,42.63,42.6,42.63,32580
2024-02-08 14:00:00,42.63,42.66,42.62,42.65,96155
2024-02-08 14:01:00,42.64,42.66,42.63,42.65,18977
2024-02-08 14:02:00,42.64,42.65,42.64,42.65,21898
2024-02-08 14:03:00,42.65,42.66,42.62,42.63,36447
2024-02-08 14:04:00,42.62,42.64,42.61,42.62,14350
2024-02-08 14:05:00,42.62,42.62,42.59,42.61,23649
2024-02-08 14:06:00,42.61,42.63,42.59,42.59,25737
2024-02-08 14:07:00,42.6,42.62,42.59,42.61,16607
2024-02-08 14:08:00,42.61,42.61,42.56,42.57,43399
2024-02-08 14:09:00,42.56,42.59,42.56,42.58,21971
2024-02-08 14:10:00,42.58,42.61,42.57,42.61,21611
2024-02-08 14:11:00,42.61,42.62,42.6,42.62,22679
2024-02-08 14:12:00,42.62,42.62,42.59,42.6,16735
2024-02-08 14:13:00,42.59,42.61,42.59,42.59,17343
2024-02-08 14:14:00,42.59,42.6,42.57,42.59,24943
2024-02-08 14:15:00,42.59,42.6,42.58,42.59,20957
2024-02-08 14:16:00,42.59,42.63,42.59,42.63,15204
2024-02-08 14:17:00,42.63,42.65,42.62,42.65,23457
2024-02-08 14:18:00,42.65,42.66,42.63,42.65,37462
2024-02-08 14:19:00,42.65,42.67,42.64,42.65,28547
2024-02-08 14:20:00,42.66,42.68,42.65,42.66,20397
2024-02-08 14:21:00,42.65,42.66,42.64,42.64,70087
2024-02-08 14:22:00,42.65,42.65,42.63,42.65,17920
2024-02-08 14:23:00,42.64,42.64,42.61,42.64,24353
2024-02-08 14:24:00,42.64,42.65,42.63,42.64,41824
2024-02-08 14:25:00,42.64,42.65,42.61,42.61,37519
2024-02-08 14:26:00,42.62,42.62,42.58,42.59,39118
2024-02-08 14:27:00,42.59,42.62,42.59,42.6,30279
2024-02-08 14:28:00,42.59,42.64,42.59,42.63,26697
2024-02-08 14:29:00,42.63,42.63,42.6,42.6,22028
2024-02-08 14:30:00,42.6,42.62,42.59,42.62,24749
2024-02-08 14:31:00,42.62,42.65,42.61,42.65,19083
2024-02-08 14:32:00,42.65,42.65,42.62,42.64,18371
2024-02-08 14:33:00,42.63,42.64,42.61,42.61,19177
2024-02-08 14:34:00,42.62,42.62,42.59,42.6,26162
2024-02-08 14:35:00,42.6,42.61,42.58,42.6,21929
2024-02-08 14:36:00,42.6,42.61,42.57,42.58,28903
2024-02-08 14:37:00,42.58,42.58,42.52,42.52,43647
2024-02-08 14:38:00,42.52,42.56,42.52,42.52,53388
2024-02-08 14:39:00,42.52,42.56,42.51,42.55,35200
2024-02-08 14:40:00,42.55,42.58,42.54,42.58,19564
2024-02-08 14:41:00,42.58,42.58,42.56,42.57,30821
2024-02-08 14:42:00,42.58,42.6,42.57,42.59,41536
2024-02-08 14:43:00,42.59,42.6,42.59,42.59,4632
2024-02-08 14:44:00,42.59,42.61,42.59,42.61,20595
2024-02-08 14:45:00,42.61,42.67,42.6,42.66,42065
2024-02-08 14:46:00,42.67,42.67,42.64,42.66,23370
2024-02-08 14:47:00,42.66,42.69,42.66,42.68,21769
2024-02-08 14:48:00,42.69,42.7,42.67,42.68,25181
2024-02-08 14:49:00,42.68,42.68,42.66,42.67,15101
2024-02-08 14:50:00,42.68,42.69,42.67,42.69,12937
2024-02-08 14:51:00,42.69,42.69,42.67,42.68,16522
2024-02-08 14:52:00,42.69,42.7,42.68,42.69,26325
2024-02-08 14:53:00,42.68,42.68,42.65,42.65,22961
2024-02-08 14:54:00,42.66,42.68,42.66,42.66,25354
2024-02-08 14:55:00,42.66,42.68,42.65,42.67,24292
2024-02-08 14:56:00,42.68,42.69,42.67,42.69,28559
2024-02-08 14:57:00,42.69,42.72,42.68,42.7,30562
2024-02-08 14:58:00,42.69,42.7,42.67,42.68,29030
2024-02-08 14:59:00,42.68,42.72,42.68,42.71,27647
2024-02-08 15:00:00,42.7,42.72,42.69,42.71,17752
2024-02-08 15:01:00,42.71,42.72,42.69,42.72,23205
2024-02-08 15:02:00,42.72,42.74,42.72,42.73,33912
2024-02-08 15:03:00,42.73,42.73,42.71,42.72,22802
2024-02-08 15:04:00,42.72,42.72,42.68,42.7,37702
2024-02-08 15:05:00,42.7,42.74,42.69,42.72,44277
2024-02-08 15:06:00,42.73,42.75,42.72,42.73,28297
2024-02-08 15:07:00,42.73,42.74,42.73,42.73,14526
2024-02-08 15:08:00,42.73,42.76,42.73,42.76,41390
2024-02-08 15:09:00,42.76,42.76,42.73,42.73,41346
2024-02-08 15:10:00,42.73,42.75,42.73,42.75,21214
2024-02-08 15:11:00,42.75,42.76,42.73,42.75,32329
2024-02-08 15:12:00,42.75,42.78,42.74,42.76,236787
2024-02-08 15:13:00,42.76,42.77,42.73,42.73,26361
2024-02-08 15:14:00,42.73,42.74,42.71,42.73,35458
2024-02-08 15:15:00,42.73,42.74,42.71,42.72,40236
2024-02-08 15:16:00,42.72,42.73,42.7,42.72,44169
2024-02-08 15:17:00,42.71,42.72,42.7,42.71,39515
2024-02-08 15:18:00,42.71,42.72,42.68,42.68,41775
2024-02-08 15:19:00,42.68,42.69,42.67,42.68,36273
2024-02-08 15:20:00,42.68,42.73,42.67,42.71,59849
2024-02-08 15:21:00,42.71,42.72,42.69,42.71,35885
2024-02-08 15:22:00,42.71,42.71,42.69,42.69,17581
2024-02-08 15:23:00,42.7,42.7,42.69,42.7,20807
2024-02-08 15:24:00,42.7,42.71,42.69,42.7,32964
2024-02-08 15:25:00,42.7,42.7,42.66,42.67,28839
2024-02-08 15:26:00,42.66,42.7,42.66,42.69,33624
2024-02-08 15:27:00,42.68,42.69,42.67,42.68,36711
2024-02-08 15:28:00,42.68,42.69,42.66,42.66,35066
2024-02-08 15:29:00,42.66,42.67,42.65,42.66,31893
2024-02-08 15:30:00,42.66,42.68,42.66,42.66,49052
2024-02-08 15:31:00,42.67,42.69,42.66,42.68,37171
2024-02-08 15:32:00,42.67,42.69,42.67,42.69,27230
2024-02-08 15:33:00,42.69,42.69,42.67,42.69,35719
2024-02-08 15:34:00,42.69,42.69,42.68,42.69,32813
2024-02-08 15:35:00,42.69,42.69,42.66,42.66,45225
2024-02-08 15:36:00,42.66,42.67,42.65,42.66,51315
2024-02-08 15:37:00,42.66,42.66,42.63,42.64,72000
2024-02-08 15:38:00,42.65,42.65,42.62,42.63,45848
2024-02-08 15:39:00,42.63,42.64,42.6,42.61,75262
2024-02-08 15:40:00,42.61,42.62,42.59,42.59,50304
2024-02-08 15:41:00,42.59,42.6,42.58,42.58,42404
2024-02-08 15:42:00,42.58,42.59,42.57,42.58,38898
2024-02-08 15:43:00,42.59,42.59,42.56,42.57,41022
2024-02-08 15:44:00,42.57,42.57,42.52,42.54,77849
2024-02-08 15:45:00,42.54,42.54,42.52,42.54,74258
2024-02-08 15:46:00,42.54,42.54,42.52,42.52,55515
2024-02-08 15:47:00,42.52,42.56,42.51,42.55,121330
2024-02-08 15:48:00,42.55,42.57,42.53,42.55,142865
2024-02-08 15:49:00,42.55,42.55,42.52,42.54,53461
2024-02-08 15:50:00,42.54,42.57,42.53,42.55,156739
2024-02-08 15:51:00,42.56,42.57,42.55,42.56,103120
2024-02-08 15:52:00,42.56,42.6,42.55,42.59,108913
2024-02-08 15:53:00,42.59,42.62,42.58,42.61,126088
2024-02-08 15:54:00,42.61,42.62,42.55,42.58,261647
2024-02-08 15:55:00,42.57,42.58,42.49,42.5,342360
2024-02-08 15:56:00,42.49,42.51,42.47,42.51,255106
2024-02-08 15:57:00,42.51,42.51,42.48,42.49,203204
2024-02-08 15:58:00,42.48,42.51,42.48,42.5,224119
2024-02-08 15:59:00,42.5,42.55,42.49,42.53,762663
