Date,Open,High,Low,Close,Volume
2024-01-26 09:30:00,194.26,194.28,193.85,193.99,791677
2024-01-26 09:31:00,193.98,194.43,193.82,194.34,189391
2024-01-26 09:32:00,194.3,194.55,194.1,194.44,170194
2024-01-26 09:33:00,194.46,194.48,194.27,194.29,105562
2024-01-26 09:34:00,194.34,194.42,194.19,194.22,91470
2024-01-26 09:35:00,194.23,194.27,194.02,194.06,104425
2024-01-26 09:36:00,194.06,194.08,193.92,193.96,83581
2024-01-26 09:37:00,193.94,194.03,193.79,193.91,118605
2024-01-26 09:38:00,193.91,194.05,193.87,193.94,91432
2024-01-26 09:39:00,193.94,194.17,193.91,194.01,100819
2024-01-26 09:40:00,194.01,194.12,193.91,193.96,82421
2024-01-26 09:41:00,193.95,194.11,193.89,194.08,92515
2024-01-26 09:42:00,194.07,194.11,193.98,194.04,77453
2024-01-26 09:43:00,194.04,194.05,193.88,193.88,115619
2024-01-26 09:44:00,193.89,194.04,193.88,194.04,89260
2024-01-26 09:45:00,194.04,194.05,193.79,193.82,78612
2024-01-26 09:46:00,193.81,193.91,193.75,193.87,91151
2024-01-26 09:47:00,193.87,193.92,193.77,193.92,78512
2024-01-26 09:48:00,193.91,194.0,193.91,193.94,85157
2024-01-26 09:49:00,193.93,194.1,193.9,194.06,96315
2024-01-26 09:50:00,194.07,194.2,194.06,194.17,139690
2024-01-26 09:51:00,194.17,194.44,194.09,194.18,129227
2024-01-26 09:52:00,194.19,194.27,194.12,194.16,95098
2024-01-26 09:53:00,194.17,194.19,194.05,194.11,86993
2024-01-26 09:54:00,194.1,194.25,194.05,194.23,105738
2024-01-26 09:55:00,194.23,194.24,194.11,194.21,90644
2024-01-26 09:56:00,194.21,194.4,194.18,194.31,137188
2024-01-26 09:57:00,194.31,194.42,194.27,194.37,108067
2024-01-26 09:58:00,194.37,194.59,194.34,194.57,169885
2024-01-26 09:59:00,194.57,194.65,194.54,194.62,153298
2024-01-26 10:00:00,194.64,194.64,194.38,194.52,202238
2024-01-26 10:01:00,194.53,194.68,194.47,194.5,109041
2024-01-26 10:02:00,194.5,194.58,194.38,194.57,79849
2024-01-26 10:03:00,194.56,194.76,194.55,194.69,134700
2024-01-26 10:04:00,194.69,194.74,194.6,194.65,77450
2024-01-26 10:05:00,194.63,194.64,194.43,194.43,88686
2024-01-26 10:06:00,194.41,194.52,194.28,194.49,86941
2024-01-26 10:07:00,194.48,194.63,194.38,194.58,96157
2024-01-26 10:08:00,194.59,194.64,194.41,194.44,62006
2024-01-26 10:09:00,194.44,194.57,194.33,194.5,74628
2024-01-26 10:10:00,194.5,194.55,194.38,194.46,44953
2024-01-26 10:11:00,194.44,194.48,194.37,194.45,32626
2024-01-26 10:12:00,194.46,194.53,194.41,194.52,60580
2024-01-26 10:13:00,194.53,194.55,194.4,194.5,60450
2024-01-26 10:14:00,194.5,194.57,194.46,194.51,71148
2024-01-26 10:15:00,194.5,194.52,194.36,194.4,46893
2024-01-26 10:16:00,194.41,194.41,194.23,194.31,74690
2024-01-26 10:17:00,194.3,194.34,194.19,194.26,71313
2024-01-26 10:18:00,194.27,194.34,194.23,194.28,61928
2024-01-26 10:19:00,194.28,194.4,194.27,194.37,50397
2024-01-26 10:20:00,194.37,194.47,194.33,194.43,50727
2024-01-26 10:21:00,194.43,194.58,194.42,194.57,89101
2024-01-26 10:22:00,194.57,194.61,194.51,194.52,76092
2024-01-26 10:23:00,194.52,194.52,194.4,194.5,61701
2024-01-26 10:24:00,194.5,194.64,194.49,194.58,84358
2024-01-26 10:25:00,194.59,194.65,194.56,194.59,64843
2024-01-26 10:26:00,194.58,194.6,194.47,194.5,52704
2024-01-26 10:27:00,194.51,194.56,194.45,194.54,73858
2024-01-26 10:28:00,194.55,194.68,194.54,194.66,71658
2024-01-26 10:29:00,194.65,194.7,194.63,194.69,77054
2024-01-26 10:30:00,194.69,194.75,194.6,194.62,94937
2024-01-26 10:31:00,194.63,194.63,194.55,194.58,55927
2024-01-26 10:32:00,194.58,194.72,194.57,194.69,50256
2024-01-26 10:33:00,194.68,194.74,194.63,194.66,70747
2024-01-26 10:34:00,194.66,194.68,194.52,194.55,75708
2024-01-26 10:35:00,194.55,194.61,194.47,194.56,60535
2024-01-26 10:36:00,194.57,194.6,194.45,194.53,90194
2024-01-26 10:37:00,194.53,194.57,194.48,194.49,68736
2024-01-26 10:38:00,194.49,194.58,194.47,194.53,76807
2024-01-26 10:39:00,194.53,194.54,194.46,194.47,41423
2024-01-26 10:40:00,194.47,194.49,194.42,194.43,44804
2024-01-26 10:41:00,194.43,194.49,194.41,194.43,55399
2024-01-26 10:42:00,194.43,194.49,194.41,194.45,39313
2024-01-26 10:43:00,194.45,194.55,194.42,194.46,76695
2024-01-26 10:44:00,194.47,194.5,194.42,194.47,49164
2024-01-26 10:45:00,194.47,194.53,194.42,194.52,67061
2024-01-26 10:46:00,194.52,194.55,194.46,194.53,71859
2024-01-26 10:47:00,194.53,194.56,194.49,194.5,77198
2024-01-26 10:48:00,194.5,194.53,194.46,194.49,32788
2024-01-26 10:49:00,194.48,194.56,194.47,194.54,37030
2024-01-26 10:50:00,194.56,194.6,194.54,194.54,67032
2024-01-26 10:51:00,194.53,194.59,194.47,194.49,61768
2024-01-26 10:52:00,194.5,194.53,194.43,194.43,58126
2024-01-26 10:53:00,194.43,194.48,194.36,194.41,52247
2024-01-26 10:54:00,194.42,194.48,194.4,194.48,71135
2024-01-26 10:55:00,194.49,194.54,194.48,194.52,55514
2024-01-26 10:56:00,194.52,194.52,194.41,194.42,55430
2024-01-26 10:57:00,194.42,194.53,194.41,194.52,38627
2024-01-26 10:58:00,194.53,194.54,194.48,194.52,34056
2024-01-26 10:59:00,194.52,194.53,194.47,194.53,43676
2024-01-26 11:00:00,194.52,194.57,194.51,194.51,62656
2024-01-26 11:01:00,194.51,194.52,194.43,194.45,44032
2024-01-26 11:02:00,194.46,194.51,194.45,194.48,29823
2024-01-26 11:03:00,194.47,194.49,194.42,194.45,53526
2024-01-26 11:04:00,194.46,194.48,194.42,194.48,49001
2024-01-26 11:05:00,194.46,194.48,194.43,194.44,25991
2024-01-26 11:06:00,194.44,194.51,194.39,194.48,102059
2024-01-26 11:07:00,194.47,194.52,194.46,194.5,23630
2024-01-26 11:08:00,194.49,194.57,194.46,194.47,68130
2024-01-26 11:09:00,194.47,194.52,194.46,194.51,89190
2024-01-26 11:10:00,194.52,194.56,194.44,194.48,48072
2024-01-26 11:11:00,194.47,194.47,194.37,194.39,77081
2024-01-26 11:12:00,194.39,194.48,194.38,194.45,72756
2024-01-26 11:13:00,194.45,194.45,194.38,194.42,40454
2024-01-26 11:14:00,194.42,194.43,194.38,194.41,41226
2024-01-26 11:15:00,194.41,194.48,194.4,194.42,28338
2024-01-26 11:16:00,194.42,194.46,194.4,194.46,36522
2024-01-26 11:17:00,194.47,194.57,194.45,194.51,45441
2024-01-26 11:18:00,194.52,194.52,194.4,194.45,49244
2024-01-26 11:19:00,194.45,194.45,194.39,194.44,56969
2024-01-26 11:20:00,194.44,194.47,194.41,194.45,35128
2024-01-26 11:21:00,194.45,194.49,194.45,194.46,26046
2024-01-26 11:22:00,194.46,194.46,194.38,194.41,46181
2024-01-26 11:23:00,194.42,194.47,194.41,194.44,49566
2024-01-26 11:24:00,194.44,194.44,194.38,194.42,17165
2024-01-26 11:25:00,194.42,194.47,194.41,194.45,29635
2024-01-26 11:26:00,194.46,194.51,194.45,194.49,38407
2024-01-26 11:27:00,194.49,194.51,194.45,194.45,17266
2024-01-26 11:28:00,194.45,194.46,194.38,194.42,42879
2024-01-26 11:29:00,194.42,194.45,194.39,194.39,29215
2024-01-26 11:30:00,194.4,194.44,194.4,194.43,55550
2024-01-26 11:31:00,194.43,194.44,194.39,194.4,53297
2024-01-26 11:32:00,194.4,194.43,194.38,194.41,66513
2024-01-26 11:33:00,194.41,194.45,194.39,194.43,30479
2024-01-26 11:34:00,194.43,194.48,194.38,194.41,45815
2024-01-26 11:35:00,194.4,194.45,194.37,194.38,28160
2024-01-26 11:36:00,194.37,194.43,194.37,194.4,64719
2024-01-26 11:37:00,194.41,194.42,194.23,194.27,65200
2024-01-26 11:38:00,194.27,194.27,194.1,194.12,86989
2024-01-26 11:39:00,194.12,194.14,194.03,194.03,55150
2024-01-26 11:40:00,194.03,194.08,193.98,194.05,76081
2024-01-26 11:41:00,194.06,194.1,194.0,194.0,55761
2024-01-26 11:42:00,194.0,194.04,193.99,193.99,37199
2024-01-26 11:43:00,193.98,193.99,193.91,193.94,51225
2024-01-26 11:44:00,193.94,193.99,193.92,193.97,38514
2024-01-26 11:45:00,193.98,194.05,193.95,194.0,66978
2024-01-26 11:46:00,194.0,194.0,193.92,193.93,64490
2024-01-26 11:47:00,193.94,194.0,193.94,193.98,47820
2024-01-26 11:48:00,193.98,194.05,193.98,194.03,53237
2024-01-26 11:49:00,194.02,194.13,194.02,194.12,58610
2024-01-26 11:50:00,194.12,194.17,194.07,194.17,56094
2024-01-26 11:51:00,194.16,194.18,194.08,194.14,52654
2024-01-26 11:52:00,194.14,194.14,193.97,194.01,127222
2024-01-26 11:53:00,194.0,194.03,193.97,194.03,50317
2024-01-26 11:54:00,194.02,194.03,193.95,193.96,29323
2024-01-26 11:55:00,193.95,193.98,193.92,193.97,49373
2024-01-26 11:56:00,193.97,194.09,193.95,194.03,60991
2024-01-26 11:57:00,194.03,194.04,193.97,193.99,47309
2024-01-26 11:58:00,193.98,194.04,193.96,194.0,49102
2024-01-26 11:59:00,194.0,194.08,193.99,194.04,53044
2024-01-26 12:00:00,194.04,194.04,193.96,193.99,45271
2024-01-26 12:01:00,194.0,194.02,193.96,193.98,38978
2024-01-26 12:02:00,193.97,193.98,193.93,193.95,49925
2024-01-26 12:03:00,193.95,193.96,193.88,193.91,61823
2024-01-26 12:04:00,193.91,193.96,193.89,193.94,38431
2024-01-26 12:05:00,193.95,193.98,193.92,193.94,35775
2024-01-26 12:06:00,193.94,193.98,193.9,193.97,59904
2024-01-26 12:07:00,193.97,194.02,193.93,193.94,74407
2024-01-26 12:08:00,193.94,193.94,193.84,193.84,49520
2024-01-26 12:09:00,193.84,193.85,193.71,193.73,66976
2024-01-26 12:10:00,193.73,193.74,193.61,193.65,104578
2024-01-26 12:11:00,193.65,193.72,193.6,193.66,53189
2024-01-26 12:12:00,193.67,193.73,193.63,193.68,53931
2024-01-26 12:13:00,193.67,193.82,193.67,193.79,72894
2024-01-26 12:14:00,193.79,193.87,193.76,193.81,37676
2024-01-26 12:15:00,193.81,193.94,193.81,193.92,42141
2024-01-26 12:16:00,193.92,193.95,193.89,193.95,44835
2024-01-26 12:17:00,193.94,194.02,193.94,194.02,56495
2024-01-26 12:18:00,194.02,194.06,193.98,194.05,54378
2024-01-26 12:19:00,194.05,194.05,193.95,194.0,45136
2024-01-26 12:20:00,194.0,194.04,193.94,194.03,30310
2024-01-26 12:21:00,194.03,194.08,193.99,194.0,48340
2024-01-26 12:22:00,194.01,194.07,194.0,194.03,44507
2024-01-26 12:23:00,194.03,194.05,193.93,193.95,34086
2024-01-26 12:24:00,193.95,193.95,193.81,193.83,49065
2024-01-26 12:25:00,193.84,193.85,193.78,193.81,31508
2024-01-26 12:26:00,193.81,193.82,193.7,193.8,26374
2024-01-26 12:27:00,193.8,193.84,193.73,193.78,39560
2024-01-26 12:28:00,193.77,193.8,193.71,193.79,30291
2024-01-26 12:29:00,193.8,193.8,193.71,193.72,31017
2024-01-26 12:30:00,193.7,193.71,193.58,193.66,54535
2024-01-26 12:31:00,193.65,193.66,193.57,193.58,63085
2024-01-26 12:32:00,193.58,193.59,193.46,193.46,112468
2024-01-26 12:33:00,193.45,193.54,193.44,193.5,88019
2024-01-26 12:34:00,193.5,193.51,193.46,193.48,85836
2024-01-26 12:35:00,193.47,193.48,193.26,193.28,114472
2024-01-26 12:36:00,193.28,193.28,193.14,193.16,102544
2024-01-26 12:37:00,193.16,193.23,193.11,193.17,66518
2024-01-26 12:38:00,193.17,193.18,193.04,193.06,106339
2024-01-26 12:39:00,193.06,193.1,193.03,193.06,113062
2024-01-26 12:40:00,193.06,193.13,192.97,193.0,181050
2024-01-26 12:41:00,193.0,193.03,192.86,193.02,160330
2024-01-26 12:42:00,193.02,193.06,192.84,192.88,112746
2024-01-26 12:43:00,192.87,192.88,192.83,192.87,81808
2024-01-26 12:44:00,192.87,192.93,192.83,192.89,103050
2024-01-26 12:45:00,192.89,192.93,192.82,192.9,92318
2024-01-26 12:46:00,192.9,192.93,192.83,192.84,106357
2024-01-26 12:47:00,192.84,192.88,192.75,192.78,129928
2024-01-26 12:48:00,192.78,192.79,192.62,192.65,82018
2024-01-26 12:49:00,192.66,192.71,192.47,192.52,163890
2024-01-26 12:50:00,192.53,192.69,192.51,192.66,106562
2024-01-26 12:51:00,192.67,192.7,192.61,192.67,56827
2024-01-26 12:52:00,192.67,192.72,192.65,192.68,42109
2024-01-26 12:53:00,192.68,192.8,192.63,192.75,85052
2024-01-26 12:54:00,192.75,192.9,192.72,192.86,108975
2024-01-26 12:55:00,192.87,192.88,192.73,192.74,86983
2024-01-26 12:56:00,192.75,192.76,192.66,192.71,81940
2024-01-26 12:57:00,192.71,192.71,192.58,192.59,56580
2024-01-26 12:58:00,192.58,192.63,192.56,192.58,76763
2024-01-26 12:59:00,192.57,192.6,192.46,192.47,110900
2024-01-26 13:00:00,192.46,192.46,192.27,192.32,147861
2024-01-26 13:01:00,192.33,192.41,192.3,192.39,90626
2024-01-26 13:02:00,192.38,192.49,192.31,192.4,89053
2024-01-26 13:03:00,192.39,192.52,192.35,192.42,102164
2024-01-26 13:04:00,192.41,192.47,192.4,192.44,48844
2024-01-26 13:05:00,192.44,192.57,192.43,192.57,70941
2024-01-26 13:06:00,192.56,192.57,192.44,192.51,46315
2024-01-26 13:07:00,192.52,192.62,192.5,192.59,72623
2024-01-26 13:08:00,192.59,192.65,192.55,192.59,67792
2024-01-26 13:09:00,192.59,192.71,192.57,192.65,58722
2024-01-26 13:10:00,192.64,192.66,192.6,192.65,33073
2024-01-26 13:11:00,192.65,192.69,192.62,192.67,38031
2024-01-26 13:12:00,192.68,192.68,192.61,192.68,30385
2024-01-26 13:13:00,192.68,192.68,192.53,192.59,71670
2024-01-26 13:14:00,192.59,192.6,192.49,192.5,59294
2024-01-26 13:15:00,192.51,192.53,192.41,192.49,80223
2024-01-26 13:16:00,192.49,192.58,192.44,192.56,56814
2024-01-26 13:17:00,192.56,192.6,192.51,192.51,38291
2024-01-26 13:18:00,192.5,192.54,192.47,192.49,38836
2024-01-26 13:19:00,192.49,192.57,192.47,192.55,43628
2024-01-26 13:20:00,192.55,192.62,192.51,192.59,43027
2024-01-26 13:21:00,192.59,192.65,192.57,192.6,44802
2024-01-26 13:22:00,192.6,192.72,192.6,192.69,49647
2024-01-26 13:23:00,192.68,192.7,192.68,192.69,35752
2024-01-26 13:24:00,192.7,192.7,192.61,192.63,31380
2024-01-26 13:25:00,192.63,192.72,192.63,192.66,53049
2024-01-26 13:26:00,192.66,192.76,192.66,192.71,74328
2024-01-26 13:27:00,192.71,192.75,192.68,192.71,27873
2024-01-26 13:28:00,192.7,192.71,192.57,192.57,86068
2024-01-26 13:29:00,192.56,192.66,192.52,192.66,63605
2024-01-26 13:30:00,192.66,192.73,192.6,192.6,84485
2024-01-26 13:31:00,192.6,192.64,192.55,192.62,55687
2024-01-26 13:32:00,192.62,192.66,192.57,192.59,37794
2024-01-26 13:33:00,192.58,192.59,192.51,192.51,47698
2024-01-26 13:34:00,192.51,192.68,192.5,192.68,42783
2024-01-26 13:35:00,192.68,192.73,192.66,192.67,44990
2024-01-26 13:36:00,192.66,192.67,192.59,192.62,34567
2024-01-26 13:37:00,192.61,192.65,192.58,192.65,30884
2024-01-26 13:38:00,192.65,192.65,192.6,192.62,28501
2024-01-26 13:39:00,192.61,192.61,192.57,192.58,36528
2024-01-26 13:40:00,192.58,192.58,192.42,192.42,65640
2024-01-26 13:41:00,192.42,192.47,192.35,192.4,60410
2024-01-26 13:42:00,192.41,192.41,192.32,192.36,64759
2024-01-26 13:43:00,192.36,192.36,192.31,192.32,56423
2024-01-26 13:44:00,192.33,192.36,192.31,192.31,58240
2024-01-26 13:45:00,192.31,192.37,192.27,192.36,73263
2024-01-26 13:46:00,192.36,192.36,192.28,192.29,49763
2024-01-26 13:47:00,192.31,192.39,192.28,192.37,75109
2024-01-26 13:48:00,192.37,192.42,192.35,192.38,109380
2024-01-26 13:49:00,192.38,192.4,192.33,192.33,55410
2024-01-26 13:50:00,192.33,192.37,192.3,192.34,55070
2024-01-26 13:51:00,192.34,192.36,192.29,192.32,32178
2024-01-26 13:52:00,192.31,192.33,192.27,192.32,30896
2024-01-26 13:53:00,192.33,192.38,192.3,192.34,43632
2024-01-26 13:54:00,192.33,192.41,192.29,192.36,50281
2024-01-26 13:55:00,192.37,192.42,192.34,192.35,51345
2024-01-26 13:56:00,192.35,192.42,192.31,192.39,46045
2024-01-26 13:57:00,192.38,192.48,192.37,192.45,45491
2024-01-26 13:58:00,192.45,192.47,192.43,192.45,35336
2024-01-26 13:59:00,192.45,192.47,192.41,192.45,28424
2024-01-26 14:00:00,192.46,192.51,192.43,192.47,51283
2024-01-26 14:01:00,192.46,192.56,192.45,192.56,62312
2024-01-26 14:02:00,192.56,192.59,192.5,192.59,40886
2024-01-26 14:03:00,192.59,192.64,192.56,192.59,67688
2024-01-26 14:04:00,192.59,192.65,192.57,192.57,100393
2024-01-26 14:05:00,192.56,192.62,192.54,192.54,54968
2024-01-26 14:06:00,192.55,192.62,192.54,192.56,29995
2024-01-26 14:07:00,192.56,192.59,192.49,192.51,45849
2024-01-26 14:08:00,192.51,192.55,192.5,192.53,24738
2024-01-26 14:09:00,192.54,192.55,192.49,192.53,51582
2024-01-26 14:10:00,192.53,192.54,192.46,192.52,32084
2024-01-26 14:11:00,192.53,192.56,192.49,192.55,25511
2024-01-26 14:12:00,192.55,192.56,192.43,192.47,46659
2024-01-26 14:13:00,192.47,192.48,192.41,192.46,28680
2024-01-26 14:14:00,192.46,192.47,192.41,192.41,27088
2024-01-26 14:15:00,192.42,192.51,192.4,192.49,53279
2024-01-26 14:16:00,192.49,192.54,192.46,192.49,37805
2024-01-26 14:17:00,192.49,192.52,192.47,192.48,35979
2024-01-26 14:18:00,192.48,192.5,192.44,192.44,21661
2024-01-26 14:19:00,192.44,192.46,192.4,192.44,46130
2024-01-26 14:20:00,192.44,192.46,192.42,192.45,28740
2024-01-26 14:21:00,192.44,192.45,192.36,192.4,55451
2024-01-26 14:22:00,192.4,192.52,192.38,192.52,25289
2024-01-26 14:23:00,192.52,192.53,192.44,192.45,28450
2024-01-26 14:24:00,192.45,192.45,192.34,192.35,23250
2024-01-26 14:25:00,192.35,192.43,192.34,192.43,45284
2024-01-26 14:26:00,192.42,192.45,192.39,192.39,37892
2024-01-26 14:27:00,192.39,192.44,192.37,192.44,35707
2024-01-26 14:28:00,192.43,192.5,192.4,192.5,39042
2024-01-26 14:29:00,192.49,192.53,192.46,192.48,41164
2024-01-26 14:30:00,192.48,192.51,192.38,192.43,50914
2024-01-26 14:31:00,192.43,192.45,192.38,192.43,32515
2024-01-26 14:32:00,192.43,192.44,192.38,192.4,19786
2024-01-26 14:33:00,192.4,192.44,192.37,192.43,32060
2024-01-26 14:34:00,192.43,192.47,192.39,192.47,34538
2024-01-26 14:35:00,192.47,192.53,192.45,192.51,33563
2024-01-26 14:36:00,192.51,192.61,192.5,192.6,39830
2024-01-26 14:37:00,192.61,192.61,192.55,192.59,45269
2024-01-26 14:38:00,192.58,192.62,192.57,192.59,21503
2024-01-26 14:39:00,192.59,192.65,192.59,192.63,41109
2024-01-26 14:40:00,192.63,192.68,192.61,192.65,60809
2024-01-26 14:41:00,192.64,192.75,192.61,192.74,58712
2024-01-26 14:42:00,192.74,192.78,192.71,192.71,60149
2024-01-26 14:43:00,192.71,192.76,192.68,192.74,32366
2024-01-26 14:44:00,192.73,192.82,192.72,192.82,30506
2024-01-26 14:45:00,192.83,192.84,192.77,192.79,82454
2024-01-26 14:46:00,192.79,192.88,192.78,192.88,46432
2024-01-26 14:47:00,192.87,192.88,192.8,192.81,32920
2024-01-26 14:48:00,192.81,192.88,192.81,192.84,46845
2024-01-26 14:49:00,192.84,192.87,192.81,192.81,38070
2024-01-26 14:50:00,192.81,192.87,192.8,192.83,34700
2024-01-26 14:51:00,192.84,192.97,192.84,192.94,82709
2024-01-26 14:52:00,192.96,192.97,192.9,192.93,34916
2024-01-26 14:53:00,192.93,192.95,192.84,192.85,34662
2024-01-26 14:54:00,192.85,192.88,192.79,192.82,44124
2024-01-26 14:55:00,192.83,192.88,192.78,192.78,67783
2024-01-26 14:56:00,192.78,192.81,192.73,192.81,54254
2024-01-26 14:57:00,192.8,192.82,192.75,192.81,47399
2024-01-26 14:58:00,192.81,192.9,192.8,192.89,55738
2024-01-26 14:59:00,192.89,192.94,192.87,192.91,51485
2024-01-26 15:00:00,192.92,192.97,192.9,192.94,56127
2024-01-26 15:01:00,192.94,192.97,192.9,192.91,31655
2024-01-26 15:02:00,192.91,192.98,192.9,192.97,51563
2024-01-26 15:03:00,192.96,192.96,192.9,192.93,30625
2024-01-26 15:04:00,192.94,192.97,192.89,192.91,36076
2024-01-26 15:05:00,192.9,192.9,192.79,192.81,52902
2024-01-26 15:06:00,192.82,192.86,192.8,192.84,92400
2024-01-26 15:07:00,192.84,192.85,192.74,192.77,45873
2024-01-26 15:08:00,192.76,192.86,192.76,192.8,45403
2024-01-26 15:09:00,192.81,192.82,192.73,192.8,55959
2024-01-26 15:10:00,192.8,192.87,192.78,192.86,44738
2024-01-26 15:11:00,192.86,192.86,192.76,192.79,29165
2024-01-26 15:12:00,192.8,192.82,192.78,192.81,37327
2024-01-26 15:13:00,192.8,192.87,192.77,192.85,30836
2024-01-26 15:14:00,192.84,192.88,192.8,192.88,30358
2024-01-26 15:15:00,192.87,192.92,192.86,192.89,31835
2024-01-26 15:16:00,192.89,192.91,192.86,192.91,32353
2024-01-26 15:17:00,192.91,192.92,192.85,192.85,29369
2024-01-26 15:18:00,192.85,192.88,192.79,192.82,46702
2024-01-26 15:19:00,192.82,192.83,192.74,192.74,48528
2024-01-26 15:20:00,192.75,192.75,192.62,192.62,67538
2024-01-26 15:21:00,192.63,192.64,192.48,192.48,82039
2024-01-26 15:22:00,192.49,192.5,192.4,192.42,78179
2024-01-26 15:23:00,192.43,192.47,192.41,192.43,92561
2024-01-26 15:24:00,192.43,192.47,192.41,192.47,58434
2024-01-26 15:25:00,192.46,192.51,192.43,192.44,64729
2024-01-26 15:26:00,192.44,192.45,192.36,192.38,69524
2024-01-26 15:27:00,192.37,192.42,192.34,192.4,56288
2024-01-26 15:28:00,192.4,192.44,192.35,192.37,54750
2024-01-26 15:29:00,192.36,192.45,192.34,192.43,51392
2024-01-26 15:30:00,192.43,192.47,192.35,192.41,81004
2024-01-26 15:31:00,192.42,192.46,192.38,192.44,74362
2024-01-26 15:32:00,192.44,192.47,192.38,192.4,74733
2024-01-26 15:33:00,192.41,192.42,192.26,192.27,95022
2024-01-26 15:34:00,192.27,192.35,192.27,192.34,79274
2024-01-26 15:35:00,192.33,192.38,192.3,192.32,83716
2024-01-26 15:36:00,192.31,192.32,192.21,192.21,123893
2024-01-26 15:37:00,192.22,192.3,192.21,192.24,97940
2024-01-26 15:38:00,192.24,192.24,192.09,192.11,109604
2024-01-26 15:39:00,192.1,192.21,192.1,192.13,91421
2024-01-26 15:40:00,192.12,192.12,192.04,192.09,127542
2024-01-26 15:41:00,192.09,192.1,192.03,192.06,74919
2024-01-26 15:42:00,192.06,192.19,192.04,192.17,87112
2024-01-26 15:43:00,192.16,192.19,192.04,192.16,118913
2024-01-26 15:44:00,192.16,192.19,192.04,192.1,88637
2024-01-26 15:45:00,192.11,192.17,192.02,192.05,134670
2024-01-26 15:46:00,192.04,192.11,192.04,192.11,111086
2024-01-26 15:47:00,192.1,192.14,192.08,192.1,90664
2024-01-26 15:48:00,192.1,192.11,192.06,192.09,99927
2024-01-26 15:49:00,192.09,192.12,192.07,192.1,96349
2024-01-26 15:50:00,192.1,192.15,192.07,192.13,159297
2024-01-26 15:51:00,192.12,192.15,192.08,192.09,152568
2024-01-26 15:52:00,192.09,192.1,191.94,191.98,300929
2024-01-26 15:53:00,191.98,192.11,191.97,192.09,159839
2024-01-26 15:54:00,192.1,192.19,192.04,192.17,229319
2024-01-26 15:55:00,192.17,192.59,192.17,192.3,473698
2024-01-26 15:56:00,192.29,192.3,192.26,192.27,231273
2024-01-26 15:57:00,192.27,192.42,192.27,192.3,375655
2024-01-26 15:58:00,192.3,192.39,192.25,192.26,478872
2024-01-26 15:59:00,192.26,192.41,192.15,192.41,1352640
2024-01-29 09:30:00,192.01,192.16,191.87,191.92,841850
2024-01-29 09:31:00,191.92,192.13,191.78,192.01,159866
2024-01-29 09:32:00,192.05,192.18,191.88,192.01,142167
2024-01-29 09:33:00,192.02,192.04,191.55,191.61,170435
2024-01-29 09:34:00,191.61,191.81,191.58,191.72,180612
2024-01-29 09:35:00,191.71,191.96,191.71,191.84,123487
2024-01-29 09:36:00,191.84,191.85,191.73,191.8,75054
2024-01-29 09:37:00,191.81,191.95,191.79,191.85,103665
2024-01-29 09:38:00,191.86,191.86,191.63,191.74,102044
2024-01-29 09:39:00,191.75,191.83,191.66,191.71,122775
2024-01-29 09:40:00,191.71,191.8,191.6,191.8,91536
2024-01-29 09:41:00,191.81,191.87,191.37,191.4,190085
2024-01-29 09:42:00,191.41,191.52,191.26,191.31,171332
2024-01-29 09:43:00,191.31,191.35,190.96,191.05,237382
2024-01-29 09:44:00,191.05,191.13,190.86,190.91,240441
2024-01-29 09:45:00,190.93,191.08,190.81,190.98,256017
2024-01-29 09:46:00,190.97,191.0,190.43,190.46,284947
2024-01-29 09:47:00,190.46,190.5,190.08,190.1,309702
2024-01-29 09:48:00,190.11,190.11,189.65,189.88,506610
2024-01-29 09:49:00,189.89,190.07,189.58,190.06,333883
2024-01-29 09:50:00,190.07,190.49,190.06,190.49,316013
2024-01-29 09:51:00,190.49,190.6,190.41,190.44,200107
2024-01-29 09:52:00,190.44,190.55,190.25,190.4,179529
2024-01-29 09:53:00,190.41,190.47,190.21,190.47,129464
2024-01-29 09:54:00,190.47,190.54,190.26,190.39,130052
2024-01-29 09:55:00,190.37,190.65,190.32,190.43,127322
2024-01-29 09:56:00,190.43,190.57,190.34,190.52,179291
2024-01-29 09:57:00,190.52,190.7,190.5,190.69,119654
2024-01-29 09:58:00,190.67,190.86,190.66,190.72,183698
2024-01-29 09:59:00,190.72,190.88,190.71,190.77,110442
2024-01-29 10:00:00,190.78,190.82,190.6,190.78,163442
2024-01-29 10:01:00,190.78,190.96,190.65,190.68,254409
2024-01-29 10:02:00,190.68,190.87,190.61,190.68,147498
2024-01-29 10:03:00,190.68,190.69,190.49,190.56,148255
2024-01-29 10:04:00,190.56,190.66,190.5,190.52,126823
2024-01-29 10:05:00,190.53,190.78,190.5,190.73,64212
2024-01-29 10:06:00,190.74,190.79,190.59,190.66,62599
2024-01-29 10:07:00,190.65,190.83,190.65,190.77,64577
2024-01-29 10:08:00,190.77,190.9,190.76,190.9,68559
2024-01-29 10:09:00,190.89,190.93,190.82,190.89,62039
2024-01-29 10:10:00,190.89,190.97,190.88,190.94,86738
2024-01-29 10:11:00,190.94,190.99,190.92,190.99,98262
2024-01-29 10:12:00,190.99,191.21,190.95,191.15,135431
2024-01-29 10:13:00,191.15,191.26,191.03,191.04,145827
2024-01-29 10:14:00,191.03,191.15,191.02,191.1,103298
2024-01-29 10:15:00,191.09,191.18,190.99,191.0,147529
2024-01-29 10:16:00,191.0,191.17,191.0,191.13,77976
2024-01-29 10:17:00,191.12,191.16,191.04,191.1,59464
2024-01-29 10:18:00,191.1,191.15,191.01,191.03,75116
2024-01-29 10:19:00,191.03,191.12,190.99,191.11,48163
2024-01-29 10:20:00,191.12,191.12,190.93,190.93,74685
2024-01-29 10:21:00,190.95,190.99,190.62,190.77,151595
2024-01-29 10:22:00,190.77,190.81,190.62,190.63,91441
2024-01-29 10:23:00,190.64,190.7,190.6,190.63,72024
2024-01-29 10:24:00,190.63,190.74,190.59,190.72,80521
2024-01-29 10:25:00,190.71,190.75,190.56,190.56,66652
2024-01-29 10:26:00,190.56,190.67,190.56,190.67,75475
2024-01-29 10:27:00,190.7,190.86,190.68,190.82,68021
2024-01-29 10:28:00,190.81,190.88,190.78,190.86,53648
2024-01-29 10:29:00,190.86,190.89,190.81,190.87,43590
2024-01-29 10:30:00,190.87,191.11,190.84,191.08,80920
2024-01-29 10:31:00,191.08,191.15,191.02,191.06,90741
2024-01-29 10:32:00,191.06,191.14,190.85,190.89,129091
2024-01-29 10:33:00,190.88,190.9,190.63,190.66,95429
2024-01-29 10:34:00,190.66,190.78,190.62,190.78,67030
2024-01-29 10:35:00,190.78,190.85,190.7,190.76,76853
2024-01-29 10:36:00,190.75,190.78,190.68,190.68,42878
2024-01-29 10:37:00,190.7,190.88,190.69,190.8,48500
2024-01-29 10:38:00,190.79,190.95,190.76,190.93,74491
2024-01-29 10:39:00,190.93,191.05,190.93,191.03,85585
2024-01-29 10:40:00,191.03,191.07,191.0,191.04,62626
2024-01-29 10:41:00,191.03,191.04,190.92,190.95,54199
2024-01-29 10:42:00,190.94,190.98,190.88,190.98,54833
2024-01-29 10:43:00,190.98,191.0,190.77,190.83,75316
2024-01-29 10:44:00,190.82,190.9,190.76,190.81,54463
2024-01-29 10:45:00,190.81,190.92,190.74,190.9,58825
2024-01-29 10:46:00,190.89,190.98,190.87,190.94,42388
2024-01-29 10:47:00,190.93,190.93,190.76,190.79,46274
2024-01-29 10:48:00,190.8,190.9,190.79,190.81,48633
2024-01-29 10:49:00,190.8,190.81,190.73,190.8,45147
2024-01-29 10:50:00,190.79,190.8,190.69,190.74,63731
2024-01-29 10:51:00,190.73,190.86,190.72,190.86,62896
2024-01-29 10:52:00,190.86,190.94,190.86,190.92,48724
2024-01-29 10:53:00,190.91,190.93,190.83,190.84,39418
2024-01-29 10:54:00,190.85,190.93,190.84,190.89,36941
2024-01-29 10:55:00,190.88,190.9,190.82,190.84,52150
2024-01-29 10:56:00,190.84,190.95,190.81,190.82,75584
2024-01-29 10:57:00,190.82,190.84,190.7,190.72,59329
2024-01-29 10:58:00,190.72,190.78,190.6,190.62,94646
2024-01-29 10:59:00,190.62,190.67,190.58,190.59,69152
2024-01-29 11:00:00,190.59,190.61,190.46,190.48,99939
2024-01-29 11:01:00,190.49,190.56,190.46,190.47,49313
2024-01-29 11:02:00,190.46,190.5,190.43,190.44,50346
2024-01-29 11:03:00,190.45,190.55,190.4,190.48,103770
2024-01-29 11:04:00,190.48,190.53,190.45,190.53,59901
2024-01-29 11:05:00,190.53,190.59,190.49,190.59,61451
2024-01-29 11:06:00,190.59,190.6,190.41,190.52,73575
2024-01-29 11:07:00,190.51,190.53,190.44,190.48,43237
2024-01-29 11:08:00,190.48,190.53,190.43,190.45,53491
2024-01-29 11:09:00,190.45,190.54,190.45,190.53,48308
2024-01-29 11:10:00,190.55,190.69,190.51,190.68,70873
2024-01-29 11:11:00,190.68,190.74,190.67,190.73,44144
2024-01-29 11:12:00,190.73,190.78,190.72,190.76,43735
2024-01-29 11:13:00,190.75,190.82,190.73,190.79,45550
2024-01-29 11:14:00,190.79,190.84,190.71,190.83,78042
2024-01-29 11:15:00,190.83,190.86,190.8,190.82,44160
2024-01-29 11:16:00,190.83,190.97,190.79,190.95,86337
2024-01-29 11:17:00,190.96,190.99,190.93,190.98,84365
2024-01-29 11:18:00,190.98,190.99,190.96,190.99,50620
2024-01-29 11:19:00,190.99,190.99,190.92,190.99,54641
2024-01-29 11:20:00,190.99,191.03,190.94,190.95,97144
2024-01-29 11:21:00,190.94,190.95,190.88,190.93,27791
2024-01-29 11:22:00,190.92,190.92,190.76,190.76,43597
2024-01-29 11:23:00,190.77,190.79,190.7,190.76,41140
2024-01-29 11:24:00,190.77,190.83,190.76,190.76,30211
2024-01-29 11:25:00,190.76,190.88,190.75,190.86,60716
2024-01-29 11:26:00,190.85,190.85,190.62,190.64,86713
2024-01-29 11:27:00,190.65,190.75,190.65,190.75,47253
2024-01-29 11:28:00,190.75,190.8,190.73,190.77,44767
2024-01-29 11:29:00,190.76,190.78,190.67,190.69,43274
2024-01-29 11:30:00,190.69,190.74,190.67,190.69,40866
2024-01-29 11:31:00,190.7,190.71,190.62,190.71,54606
2024-01-29 11:32:00,190.71,190.73,190.67,190.7,38165
2024-01-29 11:33:00,190.69,190.7,190.6,190.69,48805
2024-01-29 11:34:00,190.68,190.72,190.61,190.63,39867
2024-01-29 11:35:00,190.63,190.63,190.56,190.58,63678
2024-01-29 11:36:00,190.59,190.64,190.59,190.59,39857
2024-01-29 11:37:00,190.6,190.63,190.56,190.61,32476
2024-01-29 11:38:00,190.62,190.63,190.54,190.56,35408
2024-01-29 11:39:00,190.56,190.56,190.48,190.49,52589
2024-01-29 11:40:00,190.48,190.53,190.4,190.41,70155
2024-01-29 11:41:00,190.42,190.45,190.41,190.44,34496
2024-01-29 11:42:00,190.44,190.54,190.44,190.49,49742
2024-01-29 11:43:00,190.48,190.51,190.45,190.47,37549
2024-01-29 11:44:00,190.47,190.48,190.44,190.48,25726
2024-01-29 11:45:00,190.48,190.5,190.45,190.5,30801
2024-01-29 11:46:00,190.5,190.52,190.42,190.47,46594
2024-01-29 11:47:00,190.47,190.51,190.42,190.43,43865
2024-01-29 11:48:00,190.44,190.54,190.43,190.54,45584
2024-01-29 11:49:00,190.53,190.55,190.48,190.5,38755
2024-01-29 11:50:00,190.5,190.57,190.49,190.56,34897
2024-01-29 11:51:00,190.57,190.59,190.53,190.55,28888
2024-01-29 11:52:00,190.56,190.65,190.55,190.63,71976
2024-01-29 11:53:00,190.64,190.75,190.63,190.72,51651
2024-01-29 11:54:00,190.73,190.75,190.7,190.72,47463
2024-01-29 11:55:00,190.72,190.79,190.7,190.76,56680
2024-01-29 11:56:00,190.77,190.8,190.72,190.77,35634
2024-01-29 11:57:00,190.76,190.78,190.7,190.73,34178
2024-01-29 11:58:00,190.74,190.81,190.71,190.77,56047
2024-01-29 11:59:00,190.77,190.83,190.74,190.78,36894
2024-01-29 12:00:00,190.78,190.84,190.77,190.81,40965
2024-01-29 12:01:00,190.81,190.82,190.72,190.76,56723
2024-01-29 12:02:00,190.77,190.85,190.76,190.83,40314
2024-01-29 12:03:00,190.83,190.9,190.82,190.89,50373
2024-01-29 12:04:00,190.88,190.91,190.86,190.87,43672
2024-01-29 12:05:00,190.86,190.9,190.81,190.85,34886
2024-01-29 12:06:00,190.86,190.92,190.86,190.88,29952
2024-01-29 12:07:00,190.88,190.89,190.75,190.78,98521
2024-01-29 12:08:00,190.78,190.81,190.77,190.78,24757
2024-01-29 12:09:00,190.78,190.83,190.77,190.81,39921
2024-01-29 12:10:00,190.82,190.89,190.81,190.88,31858
2024-01-29 12:11:00,190.89,190.93,190.88,190.93,27127
2024-01-29 12:12:00,190.93,190.98,190.92,190.98,40691
2024-01-29 12:13:00,190.97,190.98,190.94,190.97,23908
2024-01-29 12:14:00,190.97,190.98,190.93,190.95,29098
2024-01-29 12:15:00,190.95,190.95,190.9,190.92,29403
2024-01-29 12:16:00,190.92,190.95,190.9,190.93,24861
2024-01-29 12:17:00,190.93,190.96,190.91,190.92,21097
2024-01-29 12:18:00,190.93,190.93,190.85,190.85,24537
2024-01-29 12:19:00,190.85,190.86,190.78,190.8,57707
2024-01-29 12:20:00,190.81,190.81,190.76,190.78,24206
2024-01-29 12:21:00,190.78,190.8,190.75,190.77,28536
2024-01-29 12:22:00,190.77,190.83,190.74,190.83,42492
2024-01-29 12:23:00,190.83,190.93,190.82,190.93,54525
2024-01-29 12:24:00,190.93,191.08,190.92,191.04,69479
2024-01-29 12:25:00,191.03,191.07,191.01,191.03,41168
2024-01-29 12:26:00,191.03,191.1,191.02,191.09,43550
2024-01-29 12:27:00,191.09,191.14,191.06,191.09,53213
2024-01-29 12:28:00,191.09,191.1,191.0,191.03,46977
2024-01-29 12:29:00,191.03,191.04,190.98,191.03,27471
2024-01-29 12:30:00,191.03,191.04,190.99,191.02,23256
2024-01-29 12:31:00,191.02,191.07,191.01,191.06,33809
2024-01-29 12:32:00,191.06,191.06,190.99,191.02,35453
2024-01-29 12:33:00,191.02,191.04,190.96,190.99,19950
2024-01-29 12:34:00,190.99,191.03,190.97,191.02,34317
2024-01-29 12:35:00,191.0,191.0,190.94,190.96,26153
2024-01-29 12:36:00,190.96,191.03,190.95,191.02,28064
2024-01-29 12:37:00,191.02,191.08,191.01,191.07,50277
2024-01-29 12:38:00,191.07,191.08,190.96,191.01,34930
2024-01-29 12:39:00,191.03,191.09,191.02,191.07,24146
2024-01-29 12:40:00,191.06,191.08,191.02,191.07,24403
2024-01-29 12:41:00,191.08,191.12,191.07,191.1,27933
2024-01-29 12:42:00,191.1,191.11,190.96,191.0,42576
2024-01-29 12:43:00,191.0,191.04,190.99,191.02,21961
2024-01-29 12:44:00,191.02,191.07,191.0,191.06,30051
2024-01-29 12:45:00,191.06,191.07,190.98,191.01,27665
2024-01-29 12:46:00,191.0,191.01,190.78,190.87,112972
2024-01-29 12:47:00,190.87,190.92,190.83,190.85,81803
2024-01-29 12:48:00,190.85,190.95,190.85,190.95,42200
2024-01-29 12:49:00,190.95,190.97,190.91,190.94,65795
2024-01-29 12:50:00,190.95,191.06,190.92,191.01,71139
2024-01-29 12:51:00,191.02,191.06,190.99,191.03,33719
2024-01-29 12:52:00,191.04,191.05,190.92,191.0,28478
2024-01-29 12:53:00,191.0,191.04,190.99,191.01,42406
2024-01-29 12:54:00,191.01,191.05,191.01,191.03,17109
2024-01-29 12:55:00,191.03,191.08,191.01,191.06,24082
2024-01-29 12:56:00,191.06,191.15,191.05,191.15,47696
2024-01-29 12:57:00,191.15,191.15,191.1,191.14,50724
2024-01-29 12:58:00,191.14,191.16,191.1,191.12,47997
2024-01-29 12:59:00,191.13,191.13,191.01,191.05,43774
2024-01-29 13:00:00,191.07,191.11,191.0,191.01,46660
2024-01-29 13:01:00,191.03,191.03,190.93,191.0,55870
2024-01-29 13:02:00,191.01,191.05,190.99,191.03,44440
2024-01-29 13:03:00,191.03,191.03,190.96,191.0,30759
2024-01-29 13:04:00,190.99,191.02,190.97,191.0,29057
2024-01-29 13:05:00,191.0,191.11,190.99,191.11,28824
2024-01-29 13:06:00,191.11,191.14,191.01,191.06,28175
2024-01-29 13:07:00,191.06,191.09,191.03,191.09,32823
2024-01-29 13:08:00,191.1,191.18,191.09,191.17,52676
2024-01-29 13:09:00,191.16,191.17,191.09,191.11,33051
2024-01-29 13:10:00,191.1,191.13,191.04,191.06,24697
2024-01-29 13:11:00,191.06,191.08,191.01,191.02,19927
2024-01-29 13:12:00,191.02,191.1,191.01,191.09,23885
2024-01-29 13:13:00,191.09,191.16,191.08,191.16,42944
2024-01-29 13:14:00,191.16,191.16,191.1,191.13,29521
2024-01-29 13:15:00,191.13,191.13,191.09,191.13,14283
2024-01-29 13:16:00,191.12,191.23,191.12,191.23,42416
2024-01-29 13:17:00,191.22,191.25,191.18,191.25,34181
2024-01-29 13:18:00,191.24,191.25,191.19,191.24,40870
2024-01-29 13:19:00,191.24,191.24,191.15,191.19,69853
2024-01-29 13:20:00,191.18,191.26,191.17,191.25,40239
2024-01-29 13:21:00,191.26,191.27,191.19,191.25,63465
2024-01-29 13:22:00,191.25,191.26,191.21,191.21,42462
2024-01-29 13:23:00,191.22,191.24,191.18,191.2,18579
2024-01-29 13:24:00,191.2,191.23,191.18,191.21,25241
2024-01-29 13:25:00,191.21,191.29,191.2,191.25,38982
2024-01-29 13:26:00,191.25,191.27,191.18,191.21,32998
2024-01-29 13:27:00,191.2,191.26,191.19,191.25,22693
2024-01-29 13:28:00,191.25,191.26,191.22,191.25,22016
2024-01-29 13:29:00,191.24,191.27,191.21,191.25,22592
2024-01-29 13:30:00,191.26,191.3,191.24,191.25,53077
2024-01-29 13:31:00,191.25,191.28,191.25,191.26,21582
2024-01-29 13:32:00,191.27,191.28,191.24,191.24,33275
2024-01-29 13:33:00,191.25,191.26,191.23,191.23,23464
2024-01-29 13:34:00,191.24,191.25,191.21,191.25,36624
2024-01-29 13:35:00,191.25,191.29,191.22,191.27,29034
2024-01-29 13:36:00,191.27,191.3,191.26,191.28,41379
2024-01-29 13:37:00,191.28,191.34,191.27,191.33,90352
2024-01-29 13:38:00,191.34,191.34,191.27,191.3,30500
2024-01-29 13:39:00,191.29,191.34,191.27,191.28,24253
2024-01-29 13:40:00,191.27,191.33,191.26,191.33,21012
2024-01-29 13:41:00,191.33,191.36,191.31,191.34,38473
2024-01-29 13:42:00,191.34,191.36,191.33,191.34,24639
2024-01-29 13:43:00,191.34,191.36,191.33,191.34,23920
2024-01-29 13:44:00,191.34,191.35,191.26,191.29,57296
2024-01-29 13:45:00,191.29,191.36,191.28,191.35,54913
2024-01-29 13:46:00,191.35,191.39,191.35,191.38,43529
2024-01-29 13:47:00,191.38,191.38,191.34,191.35,42846
2024-01-29 13:48:00,191.36,191.39,191.33,191.34,37743
2024-01-29 13:49:00,191.34,191.35,191.3,191.33,34448
2024-01-29 13:50:00,191.34,191.36,191.31,191.34,30210
2024-01-29 13:51:00,191.33,191.34,191.27,191.3,46704
2024-01-29 13:52:00,191.3,191.31,191.25,191.3,51184
2024-01-29 13:53:00,191.3,191.31,191.26,191.29,28617
2024-01-29 13:54:00,191.28,191.29,191.24,191.28,42215
2024-01-29 13:55:00,191.28,191.31,191.25,191.31,54801
2024-01-29 13:56:00,191.31,191.32,191.25,191.27,43946
2024-01-29 13:57:00,191.26,191.28,191.26,191.28,32710
2024-01-29 13:58:00,191.27,191.29,191.25,191.27,34550
2024-01-29 13:59:00,191.28,191.28,191.26,191.27,28479
2024-01-29 14:00:00,191.27,191.29,191.24,191.25,52259
2024-01-29 14:01:00,191.25,191.32,191.24,191.31,39140
2024-01-29 14:02:00,191.31,191.35,191.31,191.34,58178
2024-01-29 14:03:00,191.34,191.37,191.34,191.37,37132
2024-01-29 14:04:00,191.37,191.38,191.3,191.32,32284
2024-01-29 14:05:00,191.33,191.37,191.31,191.36,27536
2024-01-29 14:06:00,191.36,191.41,191.35,191.4,48806
2024-01-29 14:07:00,191.39,191.45,191.38,191.43,48124
2024-01-29 14:08:00,191.44,191.45,191.36,191.38,35160
2024-01-29 14:09:00,191.38,191.45,191.37,191.44,41436
2024-01-29 14:10:00,191.43,191.52,191.42,191.51,72994
2024-01-29 14:11:00,191.52,191.61,191.52,191.58,74703
2024-01-29 14:12:00,191.58,191.62,191.55,191.55,38035
2024-01-29 14:13:00,191.56,191.57,191.53,191.56,32458
2024-01-29 14:14:00,191.56,191.56,191.49,191.52,34885
2024-01-29 14:15:00,191.53,191.59,191.5,191.56,52020
2024-01-29 14:16:00,191.56,191.6,191.52,191.53,26369
2024-01-29 14:17:00,191.53,191.53,191.44,191.46,53778
2024-01-29 14:18:00,191.46,191.5,191.45,191.48,42370
2024-01-29 14:19:00,191.49,191.5,191.43,191.43,23028
2024-01-29 14:20:00,191.43,191.52,191.42,191.51,33500
2024-01-29 14:21:00,191.5,191.55,191.5,191.52,31342
2024-01-29 14:22:00,191.52,191.56,191.51,191.56,40550
2024-01-29 14:23:00,191.55,191.58,191.54,191.56,43187
2024-01-29 14:24:00,191.56,191.57,191.54,191.55,26513
2024-01-29 14:25:00,191.55,191.55,191.49,191.5,21124
2024-01-29 14:26:00,191.5,191.53,191.48,191.51,37478
2024-01-29 14:27:00,191.52,191.54,191.5,191.52,22522
2024-01-29 14:28:00,191.52,191.56,191.51,191.55,24551
2024-01-29 14:29:00,191.54,191.55,191.52,191.53,31828
2024-01-29 14:30:00,191.54,191.55,191.5,191.5,49288
2024-01-29 14:31:00,191.5,191.51,191.45,191.48,46465
2024-01-29 14:32:00,191.47,191.49,191.45,191.47,37748
2024-01-29 14:33:00,191.48,191.53,191.47,191.53,27603
2024-01-29 14:34:00,191.53,191.6,191.52,191.58,55451
2024-01-29 14:35:00,191.58,191.61,191.56,191.61,84613
2024-01-29 14:36:00,191.61,191.67,191.53,191.54,79991
2024-01-29 14:37:00,191.55,191.58,191.51,191.52,39644
2024-01-29 14:38:00,191.52,191.52,191.48,191.51,37219
2024-01-29 14:39:00,191.51,191.54,191.5,191.53,25078
2024-01-29 14:40:00,191.53,191.53,191.48,191.5,49241
2024-01-29 14:41:00,191.51,191.52,191.44,191.46,29969
2024-01-29 14:42:00,191.46,191.49,191.41,191.48,65126
2024-01-29 14:43:00,191.49,191.54,191.46,191.48,40217
2024-01-29 14:44:00,191.49,191.53,191.41,191.46,95304
2024-01-29 14:45:00,191.46,191.48,191.41,191.44,37750
2024-01-29 14:46:00,191.44,191.45,191.35,191.36,84893
2024-01-29 14:47:00,191.37,191.38,191.31,191.38,61246
2024-01-29 14:48:00,191.38,191.39,191.31,191.32,39491
2024-01-29 14:49:00,191.32,191.33,191.28,191.29,39436
2024-01-29 14:50:00,191.3,191.43,191.3,191.4,104920
2024-01-29 14:51:00,191.41,191.52,191.38,191.49,80511
2024-01-29 14:52:00,191.49,191.5,191.42,191.43,35488
2024-01-29 14:53:00,191.43,191.48,191.42,191.46,46412
2024-01-29 14:54:00,191.45,191.46,191.37,191.38,57575
2024-01-29 14:55:00,191.39,191.46,191.38,191.41,56825
2024-01-29 14:56:00,191.41,191.51,191.4,191.51,65729
2024-01-29 14:57:00,191.51,191.55,191.47,191.48,63882
2024-01-29 14:58:00,191.48,191.48,191.38,191.4,38748
2024-01-29 14:59:00,191.39,191.45,191.37,191.38,76290
2024-01-29 15:00:00,191.38,191.64,191.37,191.56,277327
2024-01-29 15:01:00,191.56,191.77,191.55,191.72,178761
2024-01-29 15:02:00,191.73,191.77,191.56,191.58,80484
2024-01-29 15:03:00,191.58,191.61,191.39,191.43,69630
2024-01-29 15:04:00,191.44,191.49,191.37,191.49,92187
2024-01-29 15:05:00,191.49,191.49,191.37,191.44,48971
2024-01-29 15:06:00,191.45,191.55,191.45,191.5,51930
2024-01-29 15:07:00,191.5,191.66,191.5,191.64,57040
2024-01-29 15:08:00,191.65,191.77,191.62,191.73,135272
2024-01-29 15:09:00,191.73,191.76,191.51,191.69,148748
2024-01-29 15:10:00,191.68,191.7,191.6,191.61,65248
2024-01-29 15:11:00,191.62,191.71,191.61,191.71,64637
2024-01-29 15:12:00,191.71,191.73,191.68,191.69,66787
2024-01-29 15:13:00,191.69,191.69,191.63,191.65,41366
2024-01-29 15:14:00,191.66,191.67,191.63,191.65,26794
2024-01-29 15:15:00,191.65,191.75,191.64,191.75,62098
2024-01-29 15:16:00,191.75,191.88,191.74,191.87,94569
2024-01-29 15:17:00,191.87,191.93,191.86,191.91,88197
2024-01-29 15:18:00,191.91,192.0,191.9,191.99,182611
2024-01-29 15:19:00,191.99,192.01,191.95,191.99,142639
2024-01-29 15:20:00,191.99,192.08,191.97,192.03,113627
2024-01-29 15:21:00,192.03,192.05,191.89,191.9,62905
2024-01-29 15:22:00,191.9,191.93,191.86,191.89,52474
2024-01-29 15:23:00,191.9,192.0,191.89,191.99,62986
2024-01-29 15:24:00,191.99,192.04,191.99,192.02,48268
2024-01-29 15:25:00,192.02,192.12,192.01,192.09,84104
2024-01-29 15:26:00,192.09,192.2,192.07,192.07,80708
2024-01-29 15:27:00,192.07,192.13,192.05,192.08,89815
2024-01-29 15:28:00,192.08,192.09,191.82,191.87,170169
2024-01-29 15:29:00,191.88,191.96,191.86,191.94,56611
2024-01-29 15:30:00,191.94,192.04,191.93,192.0,85504
2024-01-29 15:31:00,192.0,192.02,191.89,191.92,51765
2024-01-29 15:32:00,191.92,192.05,191.91,192.02,62529
2024-01-29 15:33:00,192.02,192.02,191.92,192.0,61678
2024-01-29 15:34:00,191.99,192.1,191.98,192.08,108641
2024-01-29 15:35:00,192.08,192.11,192.03,192.03,77419
2024-01-29 15:36:00,192.03,192.08,191.96,191.98,61900
2024-01-29 15:37:00,191.98,192.09,191.97,192.03,89168
2024-01-29 15:38:00,192.03,192.08,191.98,192.0,72988
2024-01-29 15:39:00,192.01,192.05,191.99,192.05,60446
2024-01-29 15:40:00,192.05,192.05,191.92,191.99,87901
2024-01-29 15:41:00,191.98,192.08,191.98,192.05,69334
2024-01-29 15:42:00,192.05,192.06,191.96,192.05,46307
2024-01-29 15:43:00,192.06,192.06,191.94,191.96,68522
2024-01-29 15:44:00,191.96,192.06,191.95,192.03,65062
2024-01-29 15:45:00,192.03,192.04,191.83,191.85,103343
2024-01-29 15:46:00,191.86,191.88,191.75,191.75,106803
2024-01-29 15:47:00,191.75,191.94,191.74,191.88,94871
2024-01-29 15:48:00,191.89,191.93,191.87,191.9,42991
2024-01-29 15:49:00,191.89,191.89,191.71,191.75,66718
2024-01-29 15:50:00,191.74,191.93,191.73,191.93,147393
2024-01-29 15:51:00,191.93,191.94,191.76,191.79,143560
2024-01-29 15:52:00,191.78,191.79,191.64,191.65,185839
2024-01-29 15:53:00,191.64,191.73,191.61,191.65,103266
2024-01-29 15:54:00,191.64,191.69,191.39,191.49,221978
2024-01-29 15:55:00,191.49,191.68,191.44,191.66,190403
2024-01-29 15:56:00,191.66,191.72,191.63,191.65,211274
2024-01-29 15:57:00,191.66,191.74,191.58,191.72,161676
2024-01-29 15:58:00,191.72,191.8,191.69,191.8,338734
2024-01-29 15:59:00,191.8,191.85,191.71,191.78,597801
2024-01-30 09:30:00,190.95,191.11,190.68,191.06,814805
2024-01-30 09:31:00,191.07,191.35,190.95,191.32,222054
2024-01-30 09:32:00,191.33,191.48,191.08,191.09,193473
2024-01-30 09:33:00,191.1,191.57,191.07,191.57,160630
2024-01-30 09:34:00,191.56,191.8,191.49,191.55,165131
2024-01-30 09:35:00,191.53,191.64,191.4,191.45,144268
2024-01-30 09:36:00,191.43,191.57,191.25,191.56,92421
2024-01-30 09:37:00,191.56,191.6,191.41,191.44,109723
2024-01-30 09:38:00,191.44,191.62,191.39,191.55,107181
2024-01-30 09:39:00,191.55,191.58,191.39,191.53,95088
2024-01-30 09:40:00,191.54,191.57,191.21,191.25,97417
2024-01-30 09:41:00,191.26,191.26,191.04,191.08,152814
2024-01-30 09:42:00,191.09,191.27,191.03,191.23,108896
2024-01-30 09:43:00,191.22,191.39,191.13,191.24,125040
2024-01-30 09:44:00,191.26,191.36,191.16,191.18,73426
2024-01-30 09:45:00,191.18,191.21,191.03,191.17,99746
2024-01-30 09:46:00,191.18,191.23,191.14,191.16,45538
2024-01-30 09:47:00,191.16,191.17,190.98,191.09,105671
2024-01-30 09:48:00,191.09,191.14,191.01,191.05,131560
2024-01-30 09:49:00,191.06,191.18,191.03,191.03,100632
2024-01-30 09:50:00,191.02,191.12,191.01,191.08,97295
2024-01-30 09:51:00,191.08,191.17,191.05,191.13,126579
2024-01-30 09:52:00,191.12,191.25,191.01,191.06,102810
2024-01-30 09:53:00,191.05,191.19,191.04,191.12,121643
2024-01-30 09:54:00,191.11,191.12,190.93,191.02,184976
2024-01-30 09:55:00,191.02,191.03,190.93,190.97,135367
2024-01-30 09:56:00,190.96,191.17,190.91,191.17,140631
2024-01-30 09:57:00,191.17,191.25,191.15,191.19,100570
2024-01-30 09:58:00,191.18,191.18,190.99,191.03,76070
2024-01-30 09:59:00,191.02,191.11,191.01,191.11,91275
2024-01-30 10:00:00,191.1,191.17,190.85,190.94,116776
2024-01-30 10:01:00,190.94,190.94,190.68,190.76,109572
2024-01-30 10:02:00,190.75,191.07,190.74,190.99,122507
2024-01-30 10:03:00,191.0,191.1,190.82,190.94,95076
2024-01-30 10:04:00,190.93,191.07,190.9,191.0,56690
2024-01-30 10:05:00,191.0,191.01,190.88,190.96,51462
2024-01-30 10:06:00,190.96,191.17,190.92,191.04,84733
2024-01-30 10:07:00,191.03,191.13,190.98,191.12,99864
2024-01-30 10:08:00,191.12,191.13,190.98,191.05,48808
2024-01-30 10:09:00,191.06,191.09,190.93,191.0,65694
2024-01-30 10:10:00,191.01,191.09,190.96,190.99,64674
2024-01-30 10:11:00,190.99,191.01,190.89,191.01,76165
2024-01-30 10:12:00,191.01,191.14,190.95,190.99,113481
2024-01-30 10:13:00,191.0,191.04,190.93,190.96,47374
2024-01-30 10:14:00,190.96,191.01,190.83,190.91,77483
2024-01-30 10:15:00,190.91,190.91,190.79,190.89,67681
2024-01-30 10:16:00,190.91,190.93,190.76,190.81,57280
2024-01-30 10:17:00,190.8,190.88,190.68,190.88,101672
2024-01-30 10:18:00,190.88,191.08,190.85,191.06,105461
2024-01-30 10:19:00,191.06,191.1,190.97,191.07,82388
2024-01-30 10:20:00,191.08,191.1,190.95,191.03,87860
2024-01-30 10:21:00,191.04,191.07,191.0,191.03,64416
2024-01-30 10:22:00,191.03,191.03,190.96,190.98,45662
2024-01-30 10:23:00,190.97,190.99,190.89,190.97,91990
2024-01-30 10:24:00,190.97,190.97,190.85,190.89,44146
2024-01-30 10:25:00,190.89,190.95,190.11,190.18,411287
2024-01-30 10:26:00,190.2,190.48,189.9,190.04,589724
2024-01-30 10:27:00,190.05,190.39,189.78,189.9,381159
2024-01-30 10:28:00,189.88,190.09,189.54,189.56,446216
2024-01-30 10:29:00,189.56,189.96,189.46,189.95,475029
2024-01-30 10:30:00,189.93,190.03,189.88,189.91,215536
2024-01-30 10:31:00,189.91,190.16,189.71,190.03,206377
2024-01-30 10:32:00,190.02,190.25,189.93,189.94,185930
2024-01-30 10:33:00,189.93,190.1,189.89,190.05,111561
2024-01-30 10:34:00,190.05,190.09,189.63,189.65,186328
2024-01-30 10:35:00,189.64,189.73,189.17,189.34,352641
2024-01-30 10:36:00,189.32,189.5,189.29,189.44,204920
2024-01-30 10:37:00,189.43,189.66,189.39,189.58,175219
2024-01-30 10:38:00,189.6,189.67,189.47,189.51,167504
2024-01-30 10:39:00,189.51,189.53,189.32,189.47,146469
2024-01-30 10:40:00,189.47,189.73,189.4,189.48,186951
2024-01-30 10:41:00,189.47,189.64,189.34,189.56,141629
2024-01-30 10:42:00,189.55,189.65,189.47,189.48,114767
2024-01-30 10:43:00,189.46,189.46,189.23,189.25,174123
2024-01-30 10:44:00,189.25,189.26,189.0,189.01,307221
2024-01-30 10:45:00,189.02,189.09,188.85,189.07,331733
2024-01-30 10:46:00,189.06,189.08,188.8,188.87,218713
2024-01-30 10:47:00,188.86,188.89,188.65,188.89,237465
2024-01-30 10:48:00,188.89,188.99,188.86,188.98,124109
2024-01-30 10:49:00,188.98,189.03,188.92,188.98,127946
2024-01-30 10:50:00,188.97,189.13,188.91,189.13,101296
2024-01-30 10:51:00,189.14,189.24,189.08,189.18,156683
2024-01-30 10:52:00,189.18,189.23,188.82,188.82,161260
2024-01-30 10:53:00,188.83,188.83,188.48,188.53,267288
2024-01-30 10:54:00,188.53,188.58,188.25,188.27,286744
2024-01-30 10:55:00,188.27,188.5,188.22,188.37,258415
2024-01-30 10:56:00,188.38,188.4,188.28,188.39,232134
2024-01-30 10:57:00,188.39,188.47,188.32,188.41,193086
2024-01-30 10:58:00,188.41,188.47,188.31,188.42,156648
2024-01-30 10:59:00,188.42,188.6,188.31,188.49,175257
2024-01-30 11:00:00,188.49,188.56,188.35,188.49,134503
2024-01-30 11:01:00,188.48,188.49,188.19,188.21,256494
2024-01-30 11:02:00,188.22,188.48,188.14,188.44,196068
2024-01-30 11:03:00,188.45,188.48,188.32,188.47,98360
2024-01-30 11:04:00,188.47,188.56,188.28,188.31,148290
2024-01-30 11:05:00,188.32,188.5,188.31,188.38,108431
2024-01-30 11:06:00,188.37,188.37,188.2,188.2,144116
2024-01-30 11:07:00,188.21,188.21,188.02,188.07,215823
2024-01-30 11:08:00,188.08,188.1,187.96,188.06,219495
2024-01-30 11:09:00,188.07,188.07,187.88,187.92,179136
2024-01-30 11:10:00,187.93,188.0,187.86,187.89,151131
2024-01-30 11:11:00,187.89,188.15,187.87,188.13,178080
2024-01-30 11:12:00,188.15,188.47,188.15,188.26,254629
2024-01-30 11:13:00,188.26,188.32,188.06,188.12,173337
2024-01-30 11:14:00,188.12,188.25,188.08,188.23,121920
2024-01-30 11:15:00,188.24,188.44,188.17,188.42,148940
2024-01-30 11:16:00,188.41,188.53,188.32,188.45,166532
2024-01-30 11:17:00,188.46,188.65,188.31,188.64,161301
2024-01-30 11:18:00,188.64,188.7,188.59,188.66,112692
2024-01-30 11:19:00,188.66,188.74,188.57,188.6,105465
2024-01-30 11:20:00,188.6,188.77,188.52,188.69,99818
2024-01-30 11:21:00,188.69,188.79,188.65,188.66,102588
2024-01-30 11:22:00,188.65,188.81,188.63,188.68,123936
2024-01-30 11:23:00,188.69,188.69,188.56,188.58,94272
2024-01-30 11:24:00,188.58,188.77,188.52,188.69,93606
2024-01-30 11:25:00,188.69,188.7,188.42,188.47,114972
2024-01-30 11:26:00,188.48,188.7,188.47,188.68,102098
2024-01-30 11:27:00,188.68,188.77,188.65,188.75,137073
2024-01-30 11:28:00,188.75,188.82,188.56,188.56,145463
2024-01-30 11:29:00,188.56,188.79,188.52,188.65,93478
2024-01-30 11:30:00,188.66,188.77,188.65,188.77,56205
2024-01-30 11:31:00,188.76,188.91,188.76,188.89,153054
2024-01-30 11:32:00,188.88,188.93,188.8,188.84,64764
2024-01-30 11:33:00,188.84,188.93,188.81,188.85,95134
2024-01-30 11:34:00,188.83,188.92,188.83,188.89,50721
2024-01-30 11:35:00,188.9,188.94,188.83,188.84,57421
2024-01-30 11:36:00,188.83,188.92,188.82,188.86,77412
2024-01-30 11:37:00,188.85,188.87,188.71,188.76,82299
2024-01-30 11:38:00,188.75,188.85,188.7,188.74,59680
2024-01-30 11:39:00,188.73,188.91,188.73,188.87,64966
2024-01-30 11:40:00,188.88,188.89,188.76,188.76,42327
2024-01-30 11:41:00,188.76,188.82,188.73,188.78,43202
2024-01-30 11:42:00,188.78,188.91,188.77,188.8,50496
2024-01-30 11:43:00,188.81,188.81,188.69,188.75,61198
2024-01-30 11:44:00,188.74,188.77,188.67,188.77,65461
2024-01-30 11:45:00,188.76,188.79,188.64,188.72,95313
2024-01-30 11:46:00,188.73,188.81,188.7,188.81,57099
2024-01-30 11:47:00,188.81,188.84,188.74,188.82,73575
2024-01-30 11:48:00,188.81,188.9,188.77,188.9,47722
2024-01-30 11:49:00,188.89,188.93,188.82,188.85,79974
2024-01-30 11:50:00,188.84,188.89,188.84,188.85,35884
2024-01-30 11:51:00,188.86,188.9,188.77,188.88,68479
2024-01-30 11:52:00,188.88,188.89,188.8,188.82,74892
2024-01-30 11:53:00,188.83,188.84,188.71,188.71,61738
2024-01-30 11:54:00,188.72,188.75,188.62,188.66,81586
2024-01-30 11:55:00,188.66,188.69,188.58,188.59,71393
2024-01-30 11:56:00,188.59,188.8,188.57,188.75,55815
2024-01-30 11:57:00,188.75,188.8,188.7,188.75,46421
2024-01-30 11:58:00,188.75,188.77,188.63,188.67,42005
2024-01-30 11:59:00,188.66,188.76,188.63,188.72,47668
2024-01-30 12:00:00,188.73,188.8,188.72,188.76,53615
2024-01-30 12:01:00,188.77,188.82,188.75,188.81,55691
2024-01-30 12:02:00,188.82,188.91,188.77,188.91,76116
2024-01-30 12:03:00,188.91,188.93,188.75,188.77,59797
2024-01-30 12:04:00,188.76,188.88,188.76,188.86,53019
2024-01-30 12:05:00,188.86,188.93,188.83,188.88,58250
2024-01-30 12:06:00,188.89,188.89,188.75,188.8,38255
2024-01-30 12:07:00,188.81,188.9,188.8,188.81,69828
2024-01-30 12:08:00,188.82,188.85,188.81,188.84,33441
2024-01-30 12:09:00,188.83,188.83,188.67,188.74,80078
2024-01-30 12:10:00,188.74,188.83,188.66,188.81,48579
2024-01-30 12:11:00,188.82,188.89,188.79,188.83,44636
2024-01-30 12:12:00,188.82,188.82,188.67,188.72,111119
2024-01-30 12:13:00,188.71,188.74,188.64,188.69,93544
2024-01-30 12:14:00,188.69,188.73,188.64,188.73,72096
2024-01-30 12:15:00,188.74,188.77,188.52,188.55,88291
2024-01-30 12:16:00,188.55,188.56,188.39,188.43,124630
2024-01-30 12:17:00,188.43,188.53,188.43,188.5,81279
2024-01-30 12:18:00,188.49,188.51,188.39,188.47,62240
2024-01-30 12:19:00,188.46,188.51,188.39,188.44,56930
2024-01-30 12:20:00,188.44,188.61,188.43,188.58,62545
2024-01-30 12:21:00,188.57,188.6,188.5,188.59,42267
2024-01-30 12:22:00,188.59,188.61,188.52,188.53,44964
2024-01-30 12:23:00,188.53,188.53,188.36,188.41,80617
2024-01-30 12:24:00,188.41,188.43,188.37,188.38,46065
2024-01-30 12:25:00,188.38,188.49,188.31,188.42,96233
2024-01-30 12:26:00,188.42,188.42,188.35,188.35,54366
2024-01-30 12:27:00,188.36,188.4,188.23,188.33,92323
2024-01-30 12:28:00,188.33,188.57,188.31,188.49,107302
2024-01-30 12:29:00,188.5,188.52,188.38,188.41,52755
2024-01-30 12:30:00,188.4,188.49,188.31,188.39,78443
2024-01-30 12:31:00,188.39,188.47,188.38,188.4,67051
2024-01-30 12:32:00,188.4,188.42,188.27,188.29,93841
2024-01-30 12:33:00,188.29,188.34,188.09,188.1,99517
2024-01-30 12:34:00,188.1,188.21,188.09,188.17,85040
2024-01-30 12:35:00,188.17,188.23,188.13,188.22,76274
2024-01-30 12:36:00,188.22,188.24,188.12,188.21,58802
2024-01-30 12:37:00,188.2,188.22,188.16,188.19,68683
2024-01-30 12:38:00,188.2,188.3,188.19,188.27,74298
2024-01-30 12:39:00,188.28,188.29,188.17,188.28,57484
2024-01-30 12:40:00,188.28,188.28,188.18,188.23,77111
2024-01-30 12:41:00,188.23,188.27,188.16,188.25,81931
2024-01-30 12:42:00,188.27,188.27,188.16,188.21,58872
2024-01-30 12:43:00,188.22,188.24,188.15,188.16,42958
2024-01-30 12:44:00,188.18,188.23,188.13,188.14,57018
2024-01-30 12:45:00,188.15,188.22,188.14,188.15,49287
2024-01-30 12:46:00,188.15,188.17,188.07,188.09,55982
2024-01-30 12:47:00,188.09,188.17,188.06,188.14,91140
2024-01-30 12:48:00,188.13,188.24,188.13,188.14,71141
2024-01-30 12:49:00,188.14,188.25,188.11,188.23,34652
2024-01-30 12:50:00,188.23,188.24,188.09,188.13,42141
2024-01-30 12:51:00,188.13,188.25,188.12,188.21,58211
2024-01-30 12:52:00,188.21,188.21,188.11,188.12,81476
2024-01-30 12:53:00,188.11,188.12,188.06,188.06,44840
2024-01-30 12:54:00,188.06,188.08,188.02,188.03,48379
2024-01-30 12:55:00,188.03,188.05,187.99,187.99,143985
2024-01-30 12:56:00,188.0,188.04,187.98,188.03,54558
2024-01-30 12:57:00,188.03,188.06,188.01,188.03,47171
2024-01-30 12:58:00,188.03,188.03,187.98,187.99,49063
2024-01-30 12:59:00,187.98,187.99,187.87,187.87,106333
2024-01-30 13:00:00,187.87,187.9,187.71,187.75,201098
2024-01-30 13:01:00,187.74,187.83,187.68,187.8,135503
2024-01-30 13:02:00,187.81,187.82,187.68,187.74,73019
2024-01-30 13:03:00,187.73,187.93,187.72,187.92,94661
2024-01-30 13:04:00,187.93,187.93,187.88,187.89,53718
2024-01-30 13:05:00,187.9,188.02,187.89,187.96,66425
2024-01-30 13:06:00,187.97,188.09,187.97,188.05,90687
2024-01-30 13:07:00,188.05,188.15,188.02,188.14,68015
2024-01-30 13:08:00,188.13,188.23,188.11,188.15,54727
2024-01-30 13:09:00,188.15,188.22,188.14,188.21,37388
2024-01-30 13:10:00,188.22,188.28,188.18,188.22,104732
2024-01-30 13:11:00,188.21,188.24,188.17,188.21,51481
2024-01-30 13:12:00,188.22,188.25,188.19,188.21,42972
2024-01-30 13:13:00,188.21,188.22,188.07,188.14,57971
2024-01-30 13:14:00,188.13,188.21,188.12,188.18,43284
2024-01-30 13:15:00,188.19,188.33,188.15,188.28,67126
2024-01-30 13:16:00,188.28,188.35,188.27,188.28,74516
2024-01-30 13:17:00,188.29,188.34,188.27,188.28,48117
2024-01-30 13:18:00,188.28,188.33,188.25,188.28,59883
2024-01-30 13:19:00,188.27,188.31,188.24,188.29,45228
2024-01-30 13:20:00,188.28,188.29,188.22,188.26,26258
2024-01-30 13:21:00,188.27,188.32,188.23,188.25,34265
2024-01-30 13:22:00,188.23,188.31,188.22,188.3,43842
2024-01-30 13:23:00,188.31,188.34,188.28,188.29,37340
2024-01-30 13:24:00,188.28,188.34,188.27,188.29,35270
2024-01-30 13:25:00,188.3,188.4,188.27,188.4,44053
2024-01-30 13:26:00,188.4,188.48,188.38,188.46,51731
2024-01-30 13:27:00,188.46,188.49,188.43,188.47,38427
2024-01-30 13:28:00,188.47,188.54,188.47,188.52,77027
2024-01-30 13:29:00,188.52,188.57,188.48,188.56,60392
2024-01-30 13:30:00,188.56,188.64,188.5,188.53,88830
2024-01-30 13:31:00,188.52,188.55,188.39,188.41,62476
2024-01-30 13:32:00,188.41,188.46,188.4,188.45,42768
2024-01-30 13:33:00,188.45,188.5,188.44,188.45,37769
2024-01-30 13:34:00,188.45,188.5,188.42,188.5,36443
2024-01-30 13:35:00,188.49,188.53,188.44,188.5,45024
2024-01-30 13:36:00,188.51,188.56,188.48,188.49,44358
2024-01-30 13:37:00,188.48,188.51,188.44,188.48,42491
2024-01-30 13:38:00,188.5,188.51,188.42,188.44,38099
2024-01-30 13:39:00,188.44,188.45,188.37,188.38,36194
2024-01-30 13:40:00,188.39,188.39,188.34,188.38,63308
2024-01-30 13:41:00,188.37,188.38,188.32,188.35,38347
2024-01-30 13:42:00,188.36,188.38,188.26,188.27,35848
2024-01-30 13:43:00,188.27,188.27,188.12,188.13,67486
2024-01-30 13:44:00,188.13,188.21,188.13,188.18,62383
2024-01-30 13:45:00,188.19,188.2,188.11,188.12,44754
2024-01-30 13:46:00,188.11,188.18,188.11,188.18,48589
2024-01-30 13:47:00,188.18,188.18,188.12,188.12,37023
2024-01-30 13:48:00,188.12,188.14,188.07,188.08,38595
2024-01-30 13:49:00,188.08,188.11,188.02,188.03,63198
2024-01-30 13:50:00,188.04,188.09,187.99,188.02,93328
2024-01-30 13:51:00,188.02,188.19,188.01,188.12,49806
2024-01-30 13:52:00,188.13,188.16,188.07,188.08,37909
2024-01-30 13:53:00,188.07,188.13,188.06,188.13,34798
2024-01-30 13:54:00,188.12,188.12,188.06,188.08,73584
2024-01-30 13:55:00,188.08,188.17,188.07,188.11,90453
2024-01-30 13:56:00,188.11,188.14,188.06,188.12,38967
2024-01-30 13:57:00,188.12,188.12,188.02,188.06,67536
2024-01-30 13:58:00,188.06,188.08,188.01,188.03,39540
2024-01-30 13:59:00,188.03,188.06,188.0,188.02,39382
2024-01-30 14:00:00,188.02,188.04,187.98,188.01,64968
2024-01-30 14:01:00,188.0,188.02,187.88,187.93,81356
2024-01-30 14:02:00,187.93,187.94,187.86,187.87,57637
2024-01-30 14:03:00,187.86,187.87,187.82,187.82,72530
2024-01-30 14:04:00,187.83,187.83,187.73,187.82,78820
2024-01-30 14:05:00,187.81,187.82,187.71,187.78,91965
2024-01-30 14:06:00,187.78,187.78,187.57,187.59,138535
2024-01-30 14:07:00,187.6,187.71,187.57,187.58,114155
2024-01-30 14:08:00,187.59,187.71,187.52,187.71,122130
2024-01-30 14:09:00,187.7,187.75,187.57,187.59,93335
2024-01-30 14:10:00,187.59,187.69,187.57,187.58,100987
2024-01-30 14:11:00,187.57,187.68,187.49,187.67,128434
2024-01-30 14:12:00,187.69,187.72,187.53,187.58,84988
2024-01-30 14:13:00,187.58,187.75,187.57,187.73,80834
2024-01-30 14:14:00,187.73,187.8,187.73,187.75,89116
2024-01-30 14:15:00,187.76,187.82,187.76,187.81,73262
2024-01-30 14:16:00,187.8,187.82,187.71,187.74,64467
2024-01-30 14:17:00,187.74,187.74,187.6,187.64,76895
2024-01-30 14:18:00,187.65,187.65,187.54,187.56,55569
2024-01-30 14:19:00,187.56,187.59,187.53,187.53,60419
2024-01-30 14:20:00,187.54,187.56,187.49,187.52,58178
2024-01-30 14:21:00,187.52,187.56,187.47,187.55,116008
2024-01-30 14:22:00,187.55,187.66,187.54,187.66,78353
2024-01-30 14:23:00,187.65,187.74,187.64,187.74,44566
2024-01-30 14:24:00,187.74,187.82,187.73,187.78,56062
2024-01-30 14:25:00,187.77,187.8,187.72,187.74,57128
2024-01-30 14:26:00,187.74,187.8,187.74,187.76,47578
2024-01-30 14:27:00,187.76,187.84,187.76,187.84,55910
2024-01-30 14:28:00,187.84,187.9,187.82,187.87,69409
2024-01-30 14:29:00,187.86,187.87,187.8,187.84,29033
2024-01-30 14:30:00,187.84,187.9,187.81,187.83,37469
2024-01-30 14:31:00,187.83,187.87,187.77,187.79,69426
2024-01-30 14:32:00,187.79,187.84,187.78,187.81,39034
2024-01-30 14:33:00,187.81,187.83,187.79,187.82,44400
2024-01-30 14:34:00,187.82,187.84,187.8,187.82,42328
2024-01-30 14:35:00,187.83,187.84,187.8,187.8,59199
2024-01-30 14:36:00,187.81,187.94,187.81,187.91,86422
2024-01-30 14:37:00,187.92,187.96,187.89,187.94,31483
2024-01-30 14:38:00,187.95,187.96,187.85,187.87,54844
2024-01-30 14:39:00,187.87,187.89,187.82,187.88,43247
2024-01-30 14:40:00,187.88,187.97,187.87,187.95,59099
2024-01-30 14:41:00,187.94,187.98,187.91,187.92,40184
2024-01-30 14:42:00,187.92,187.95,187.88,187.93,30587
2024-01-30 14:43:00,187.93,188.01,187.92,187.99,75438
2024-01-30 14:44:00,187.98,187.99,187.88,187.96,44888
2024-01-30 14:45:00,187.96,188.0,187.92,187.99,36065
2024-01-30 14:46:00,187.98,188.0,187.93,187.96,48175
2024-01-30 14:47:00,187.95,188.01,187.94,187.98,51039
2024-01-30 14:48:00,187.98,188.06,187.98,188.06,61267
2024-01-30 14:49:00,188.06,188.11,188.04,188.06,42581
2024-01-30 14:50:00,188.06,188.16,188.06,188.15,53263
2024-01-30 14:51:00,188.15,188.18,188.12,188.17,49255
2024-01-30 14:52:00,188.16,188.27,188.15,188.27,47310
2024-01-30 14:53:00,188.26,188.27,188.15,188.19,59080
2024-01-30 14:54:00,188.19,188.19,188.14,188.18,28502
2024-01-30 14:55:00,188.18,188.22,188.13,188.21,49026
2024-01-30 14:56:00,188.22,188.28,188.21,188.22,40525
2024-01-30 14:57:00,188.22,188.23,188.08,188.11,70721
2024-01-30 14:58:00,188.11,188.19,188.1,188.15,32465
2024-01-30 14:59:00,188.14,188.27,188.12,188.23,55855
2024-01-30 15:00:00,188.23,188.27,188.2,188.2,50917
2024-01-30 15:01:00,188.21,188.23,188.15,188.15,50288
2024-01-30 15:02:00,188.16,188.21,188.07,188.09,48647
2024-01-30 15:03:00,188.1,188.12,188.03,188.09,50519
2024-01-30 15:04:00,188.09,188.12,187.98,187.98,62426
2024-01-30 15:05:00,187.99,187.99,187.91,187.92,88599
2024-01-30 15:06:00,187.92,188.14,187.9,188.11,124922
2024-01-30 15:07:00,188.12,188.17,188.05,188.05,49767
2024-01-30 15:08:00,188.05,188.06,187.97,188.0,54619
2024-01-30 15:09:00,188.0,188.0,187.91,187.93,66973
2024-01-30 15:10:00,187.92,188.01,187.92,187.93,62449
2024-01-30 15:11:00,187.92,188.02,187.92,187.99,53886
2024-01-30 15:12:00,187.98,188.05,187.96,188.05,48977
2024-01-30 15:13:00,188.05,188.16,188.03,188.15,78885
2024-01-30 15:14:00,188.15,188.15,188.04,188.04,65181
2024-01-30 15:15:00,188.04,188.05,187.95,187.96,76847
2024-01-30 15:16:00,187.95,187.97,187.88,187.96,63956
2024-01-30 15:17:00,187.96,188.02,187.92,188.0,59348
2024-01-30 15:18:00,188.0,188.02,187.84,187.89,138315
2024-01-30 15:19:00,187.89,187.94,187.87,187.93,86682
2024-01-30 15:20:00,187.93,188.03,187.91,187.95,68326
2024-01-30 15:21:00,187.96,187.97,187.85,187.91,81396
2024-01-30 15:22:00,187.91,188.0,187.9,187.93,71912
2024-01-30 15:23:00,187.93,187.99,187.89,187.95,51435
2024-01-30 15:24:00,187.95,187.96,187.9,187.94,48452
2024-01-30 15:25:00,187.94,187.95,187.87,187.9,47927
2024-01-30 15:26:00,187.89,188.06,187.89,188.05,67353
2024-01-30 15:27:00,188.05,188.13,188.04,188.09,73931
2024-01-30 15:28:00,188.09,188.21,188.08,188.15,86637
2024-01-30 15:29:00,188.15,188.15,188.04,188.07,45572
2024-01-30 15:30:00,188.06,188.12,188.01,188.02,70429
2024-01-30 15:31:00,188.03,188.09,187.97,188.04,57251
2024-01-30 15:32:00,188.05,188.07,187.99,188.02,51282
2024-01-30 15:33:00,188.03,188.03,187.87,187.89,138256
2024-01-30 15:34:00,187.9,187.92,187.84,187.84,66698
2024-01-30 15:35:00,187.84,187.93,187.83,187.92,75344
2024-01-30 15:36:00,187.93,187.95,187.87,187.94,67568
2024-01-30 15:37:00,187.94,187.95,187.83,187.87,80820
2024-01-30 15:38:00,187.87,187.92,187.8,187.91,145995
2024-01-30 15:39:00,187.9,188.04,187.88,187.99,88483
2024-01-30 15:40:00,187.99,187.99,187.85,187.9,79876
2024-01-30 15:41:00,187.9,188.02,187.89,187.91,135183
2024-01-30 15:42:00,187.91,188.05,187.89,188.05,94132
2024-01-30 15:43:00,188.06,188.14,187.98,188.1,84387
2024-01-30 15:44:00,188.11,188.14,187.95,187.96,113827
2024-01-30 15:45:00,187.95,188.01,187.88,188.0,91122
2024-01-30 15:46:00,188.0,188.06,187.96,188.06,85562
2024-01-30 15:47:00,188.06,188.09,187.97,188.09,106658
2024-01-30 15:48:00,188.09,188.1,188.05,188.05,89550
2024-01-30 15:49:00,188.05,188.08,188.0,188.02,88216
2024-01-30 15:50:00,188.03,188.07,187.96,188.04,122323
2024-01-30 15:51:00,188.05,188.05,187.95,188.0,125999
2024-01-30 15:52:00,188.0,188.09,187.96,188.04,126335
2024-01-30 15:53:00,188.04,188.05,187.91,187.96,166108
2024-01-30 15:54:00,187.96,188.02,187.86,187.92,200904
2024-01-30 15:55:00,187.92,188.01,187.87,187.95,248067
2024-01-30 15:56:00,187.95,188.07,187.95,188.02,200740
2024-01-30 15:57:00,188.01,188.08,187.85,187.92,293779
2024-01-30 15:58:00,187.92,188.04,187.91,188.01,298176
2024-01-30 15:59:00,188.02,188.11,187.97,187.99,629144
2024-01-31 09:30:00,187.13,187.15,185.78,186.29,1144067
2024-01-31 09:31:00,186.28,186.43,185.82,186.04,232638
2024-01-31 09:32:00,186.03,186.38,185.9,186.07,243041
2024-01-31 09:33:00,186.12,186.48,185.97,186.47,181745
2024-01-31 09:34:00,186.46,186.81,186.34,186.39,170939
2024-01-31 09:35:00,186.35,186.57,186.32,186.46,154074
2024-01-31 09:36:00,186.46,186.5,186.31,186.42,201733
2024-01-31 09:37:00,186.43,186.45,186.13,186.14,163574
2024-01-31 09:38:00,186.14,186.17,185.84,185.93,180553
2024-01-31 09:39:00,185.94,186.03,185.7,185.94,145404
2024-01-31 09:40:00,185.96,186.2,185.92,186.09,251053
2024-01-31 09:41:00,186.08,186.19,185.98,186.15,209353
2024-01-31 09:42:00,186.15,186.21,185.99,186.03,111798
2024-01-31 09:43:00,186.03,186.04,185.65,185.67,189574
2024-01-31 09:44:00,185.68,185.74,185.3,185.32,190924
2024-01-31 09:45:00,185.34,185.43,185.19,185.22,218338
2024-01-31 09:46:00,185.23,185.24,185.05,185.12,224545
2024-01-31 09:47:00,185.13,185.19,185.02,185.03,128134
2024-01-31 09:48:00,185.03,185.2,184.79,185.18,328636
2024-01-31 09:49:00,185.18,185.27,185.04,185.18,204062
2024-01-31 09:50:00,185.2,185.31,185.05,185.09,138144
2024-01-31 09:51:00,185.1,185.28,184.98,185.09,178918
2024-01-31 09:52:00,185.09,185.28,185.08,185.18,120724
2024-01-31 09:53:00,185.18,185.22,185.0,185.12,128877
2024-01-31 09:54:00,185.12,185.21,185.01,185.03,126914
2024-01-31 09:55:00,185.02,185.22,185.02,185.09,159984
2024-01-31 09:56:00,185.08,185.15,184.95,184.98,222528
2024-01-31 09:57:00,184.96,185.09,184.89,184.94,147635
2024-01-31 09:58:00,184.95,185.06,184.89,185.03,134197
2024-01-31 09:59:00,185.03,185.25,184.98,185.2,183405
2024-01-31 10:00:00,185.19,185.25,185.0,185.24,150075
2024-01-31 10:01:00,185.24,185.55,185.24,185.45,212355
2024-01-31 10:02:00,185.45,185.59,185.38,185.45,168973
2024-01-31 10:03:00,185.45,185.61,185.4,185.56,90215
2024-01-31 10:04:00,185.56,185.75,185.55,185.67,114710
2024-01-31 10:05:00,185.66,185.74,185.56,185.72,102598
2024-01-31 10:06:00,185.73,185.78,185.57,185.65,89300
2024-01-31 10:07:00,185.64,185.7,185.46,185.49,87755
2024-01-31 10:08:00,185.48,185.71,185.46,185.7,125370
2024-01-31 10:09:00,185.71,185.72,185.52,185.53,96560
2024-01-31 10:10:00,185.54,185.66,185.48,185.5,91015
2024-01-31 10:11:00,185.5,185.54,185.36,185.37,98137
2024-01-31 10:12:00,185.38,185.45,185.29,185.35,104123
2024-01-31 10:13:00,185.34,185.39,185.18,185.19,89586
2024-01-31 10:14:00,185.19,185.27,185.08,185.13,121510
2024-01-31 10:15:00,185.13,185.3,185.11,185.29,99580
2024-01-31 10:16:00,185.29,185.69,185.28,185.61,125727
2024-01-31 10:17:00,185.61,185.69,185.5,185.56,98861
2024-01-31 10:18:00,185.55,185.68,185.46,185.64,66876
2024-01-31 10:19:00,185.65,185.66,185.53,185.64,72432
2024-01-31 10:20:00,185.64,185.67,185.49,185.5,63154
2024-01-31 10:21:00,185.5,185.6,185.36,185.37,75544
2024-01-31 10:22:00,185.39,185.48,185.3,185.38,89651
2024-01-31 10:23:00,185.39,185.39,185.22,185.25,81679
2024-01-31 10:24:00,185.25,185.34,185.15,185.2,65090
2024-01-31 10:25:00,185.21,185.23,185.08,185.2,96755
2024-01-31 10:26:00,185.21,185.28,185.11,185.17,81281
2024-01-31 10:27:00,185.17,185.21,185.06,185.11,66152
2024-01-31 10:28:00,185.1,185.1,184.95,185.0,102300
2024-01-31 10:29:00,184.99,185.08,184.95,185.02,89188
2024-01-31 10:30:00,185.02,185.09,184.95,185.0,78018
2024-01-31 10:31:00,184.99,185.02,184.96,184.97,96126
2024-01-31 10:32:00,184.97,185.04,184.9,185.02,104765
2024-01-31 10:33:00,185.01,185.13,184.91,184.99,110302
2024-01-31 10:34:00,184.99,185.1,184.97,185.05,59252
2024-01-31 10:35:00,185.05,185.12,185.01,185.09,69285
2024-01-31 10:36:00,185.1,185.11,184.97,184.98,72281
2024-01-31 10:37:00,184.97,185.0,184.9,184.95,117908
2024-01-31 10:38:00,184.94,185.1,184.91,185.09,104703
2024-01-31 10:39:00,185.08,185.17,185.03,185.12,79112
2024-01-31 10:40:00,185.11,185.21,185.1,185.17,138793
2024-01-31 10:41:00,185.17,185.31,185.16,185.29,109133
2024-01-31 10:42:00,185.28,185.36,185.27,185.34,83274
2024-01-31 10:43:00,185.34,185.36,185.21,185.31,75518
2024-01-31 10:44:00,185.31,185.4,185.25,185.4,72029
2024-01-31 10:45:00,185.39,185.44,185.31,185.39,77255
2024-01-31 10:46:00,185.4,185.42,185.31,185.32,62555
2024-01-31 10:47:00,185.33,185.38,185.25,185.31,65169
2024-01-31 10:48:00,185.3,185.31,185.25,185.27,65892
2024-01-31 10:49:00,185.28,185.29,185.12,185.15,75763
2024-01-31 10:50:00,185.15,185.18,185.02,185.03,76392
2024-01-31 10:51:00,185.03,185.06,184.96,184.97,83778
2024-01-31 10:52:00,184.97,185.03,184.97,184.99,59340
2024-01-31 10:53:00,185.0,185.09,184.96,185.03,77650
2024-01-31 10:54:00,185.03,185.11,185.01,185.03,57500
2024-01-31 10:55:00,185.03,185.1,185.03,185.06,40009
2024-01-31 10:56:00,185.06,185.16,185.04,185.16,45163
2024-01-31 10:57:00,185.16,185.25,185.15,185.25,74746
2024-01-31 10:58:00,185.25,185.31,185.12,185.18,83258
2024-01-31 10:59:00,185.19,185.34,185.17,185.29,47136
2024-01-31 11:00:00,185.3,185.48,185.29,185.43,104746
2024-01-31 11:01:00,185.44,185.53,185.42,185.52,61285
2024-01-31 11:02:00,185.53,185.61,185.51,185.59,60588
2024-01-31 11:03:00,185.59,185.7,185.59,185.62,93807
2024-01-31 11:04:00,185.61,185.62,185.53,185.58,43619
2024-01-31 11:05:00,185.58,185.64,185.55,185.56,49944
2024-01-31 11:06:00,185.56,185.61,185.52,185.54,51410
2024-01-31 11:07:00,185.55,185.59,185.48,185.49,36331
2024-01-31 11:08:00,185.49,185.56,185.42,185.53,63126
2024-01-31 11:09:00,185.54,185.6,185.48,185.59,41339
2024-01-31 11:10:00,185.59,185.61,185.51,185.55,28674
2024-01-31 11:11:00,185.55,185.62,185.54,185.55,35191
2024-01-31 11:12:00,185.56,185.56,185.47,185.51,38310
2024-01-31 11:13:00,185.5,185.68,185.49,185.66,46597
2024-01-31 11:14:00,185.67,185.72,185.64,185.69,63592
2024-01-31 11:15:00,185.68,185.82,185.61,185.81,65978
2024-01-31 11:16:00,185.81,185.87,185.76,185.77,67686
2024-01-31 11:17:00,185.77,185.85,185.76,185.84,72942
2024-01-31 11:18:00,185.84,185.85,185.65,185.68,71261
2024-01-31 11:19:00,185.68,185.76,185.67,185.72,61657
2024-01-31 11:20:00,185.73,185.76,185.57,185.6,54458
2024-01-31 11:21:00,185.61,185.75,185.6,185.68,65273
2024-01-31 11:22:00,185.69,185.75,185.63,185.64,33913
2024-01-31 11:23:00,185.63,185.71,185.62,185.65,37002
2024-01-31 11:24:00,185.64,185.66,185.47,185.51,64519
2024-01-31 11:25:00,185.51,185.51,185.42,185.46,53603
2024-01-31 11:26:00,185.47,185.49,185.37,185.48,62431
2024-01-31 11:27:00,185.47,185.57,185.44,185.56,36717
2024-01-31 11:28:00,185.57,185.69,185.55,185.66,35935
2024-01-31 11:29:00,185.65,185.73,185.62,185.72,51719
2024-01-31 11:30:00,185.72,185.75,185.61,185.62,46972
2024-01-31 11:31:00,185.62,185.77,185.53,185.75,72936
2024-01-31 11:32:00,185.73,185.76,185.58,185.6,44185
2024-01-31 11:33:00,185.59,185.63,185.51,185.54,39776
2024-01-31 11:34:00,185.53,185.59,185.51,185.58,40425
2024-01-31 11:35:00,185.57,185.57,185.42,185.46,93688
2024-01-31 11:36:00,185.48,185.53,185.43,185.53,46011
2024-01-31 11:37:00,185.53,185.58,185.49,185.58,34703
2024-01-31 11:38:00,185.59,185.61,185.51,185.53,52587
2024-01-31 11:39:00,185.52,185.61,185.51,185.57,25507
2024-01-31 11:40:00,185.57,185.59,185.46,185.48,42195
2024-01-31 11:41:00,185.48,185.52,185.44,185.52,39902
2024-01-31 11:42:00,185.53,185.61,185.5,185.55,34627
2024-01-31 11:43:00,185.56,185.6,185.53,185.58,24272
2024-01-31 11:44:00,185.58,185.65,185.56,185.62,48480
2024-01-31 11:45:00,185.63,185.7,185.55,185.65,45140
2024-01-31 11:46:00,185.64,185.7,185.61,185.69,54451
2024-01-31 11:47:00,185.7,185.71,185.59,185.69,49823
2024-01-31 11:48:00,185.69,185.7,185.54,185.57,58228
2024-01-31 11:49:00,185.58,185.58,185.5,185.55,58217
2024-01-31 11:50:00,185.55,185.56,185.49,185.5,36905
2024-01-31 11:51:00,185.53,185.63,185.5,185.61,63541
2024-01-31 11:52:00,185.61,185.64,185.48,185.49,47500
2024-01-31 11:53:00,185.49,185.52,185.42,185.5,42755
2024-01-31 11:54:00,185.5,185.58,185.49,185.56,34289
2024-01-31 11:55:00,185.57,185.72,185.56,185.71,56156
2024-01-31 11:56:00,185.7,185.86,185.67,185.84,46405
2024-01-31 11:57:00,185.84,185.85,185.74,185.77,59948
2024-01-31 11:58:00,185.77,185.79,185.71,185.76,33893
2024-01-31 11:59:00,185.74,185.74,185.66,185.69,31322
2024-01-31 12:00:00,185.69,185.72,185.61,185.66,42162
2024-01-31 12:01:00,185.65,185.7,185.62,185.69,41446
2024-01-31 12:02:00,185.7,185.8,185.66,185.79,48636
2024-01-31 12:03:00,185.79,185.79,185.68,185.74,35639
2024-01-31 12:04:00,185.75,185.82,185.74,185.8,31788
2024-01-31 12:05:00,185.79,185.82,185.76,185.8,42919
2024-01-31 12:06:00,185.8,185.8,185.71,185.76,36449
2024-01-31 12:07:00,185.77,185.83,185.72,185.83,35022
2024-01-31 12:08:00,185.83,185.89,185.81,185.85,59479
2024-01-31 12:09:00,185.84,185.95,185.82,185.92,48784
2024-01-31 12:10:00,185.93,185.93,185.88,185.89,55059
2024-01-31 12:11:00,185.89,185.95,185.88,185.9,49949
2024-01-31 12:12:00,185.89,185.96,185.86,185.94,52061
2024-01-31 12:13:00,185.93,185.97,185.9,185.92,37679
2024-01-31 12:14:00,185.92,185.97,185.88,185.95,45778
2024-01-31 12:15:00,185.97,185.98,185.88,185.91,59007
2024-01-31 12:16:00,185.91,185.92,185.83,185.91,58903
2024-01-31 12:17:00,185.9,185.94,185.86,185.86,41180
2024-01-31 12:18:00,185.87,185.88,185.84,185.88,22094
2024-01-31 12:19:00,185.88,185.94,185.87,185.91,24571
2024-01-31 12:20:00,185.9,185.96,185.87,185.96,36864
2024-01-31 12:21:00,185.96,186.0,185.93,185.97,68824
2024-01-31 12:22:00,185.98,185.98,185.84,185.94,39677
2024-01-31 12:23:00,185.93,185.96,185.92,185.95,20299
2024-01-31 12:24:00,185.95,186.0,185.91,185.92,29574
2024-01-31 12:25:00,185.93,186.01,185.91,186.0,76326
2024-01-31 12:26:00,186.0,186.03,185.97,186.0,52227
2024-01-31 12:27:00,186.01,186.07,186.01,186.06,39865
2024-01-31 12:28:00,186.06,186.11,186.05,186.07,28584
2024-01-31 12:29:00,186.07,186.11,186.05,186.09,33140
2024-01-31 12:30:00,186.08,186.15,186.05,186.1,38256
2024-01-31 12:31:00,186.09,186.11,185.99,186.04,63522
2024-01-31 12:32:00,186.03,186.12,186.01,186.07,64977
2024-01-31 12:33:00,186.07,186.11,186.01,186.09,34663
2024-01-31 12:34:00,186.09,186.11,186.04,186.09,33999
2024-01-31 12:35:00,186.08,186.18,186.05,186.13,31254
2024-01-31 12:36:00,186.12,186.13,185.99,186.01,42402
2024-01-31 12:37:00,186.0,186.04,185.84,185.89,107805
2024-01-31 12:38:00,185.89,185.9,185.83,185.86,34573
2024-01-31 12:39:00,185.85,185.95,185.85,185.91,31365
2024-01-31 12:40:00,185.9,185.93,185.87,185.92,28006
2024-01-31 12:41:00,185.92,185.95,185.89,185.9,23252
2024-01-31 12:42:00,185.9,185.99,185.9,185.99,54884
2024-01-31 12:43:00,185.99,186.11,185.96,186.08,61662
2024-01-31 12:44:00,186.07,186.1,186.03,186.04,35378
2024-01-31 12:45:00,186.03,186.1,186.02,186.04,27352
2024-01-31 12:46:00,186.05,186.1,186.03,186.06,43848
2024-01-31 12:47:00,186.06,186.07,185.97,185.97,41285
2024-01-31 12:48:00,185.97,185.98,185.91,185.93,37411
2024-01-31 12:49:00,185.93,186.06,185.92,186.03,43605
2024-01-31 12:50:00,186.03,186.1,186.03,186.09,21045
2024-01-31 12:51:00,186.08,186.18,186.03,186.14,67748
2024-01-31 12:52:00,186.13,186.19,186.1,186.18,42660
2024-01-31 12:53:00,186.18,186.25,186.15,186.17,73083
2024-01-31 12:54:00,186.17,186.31,186.13,186.27,49297
2024-01-31 12:55:00,186.27,186.29,186.18,186.24,62050
2024-01-31 12:56:00,186.24,186.24,186.15,186.2,33279
2024-01-31 12:57:00,186.21,186.27,186.18,186.23,35940
2024-01-31 12:58:00,186.23,186.33,186.22,186.31,58848
2024-01-31 12:59:00,186.3,186.34,186.3,186.33,32543
2024-01-31 13:00:00,186.33,186.4,186.32,186.39,33531
2024-01-31 13:01:00,186.39,186.42,186.33,186.42,64060
2024-01-31 13:02:00,186.41,186.44,186.37,186.42,49339
2024-01-31 13:03:00,186.43,186.44,186.34,186.36,33517
2024-01-31 13:04:00,186.37,186.42,186.36,186.38,40434
2024-01-31 13:05:00,186.37,186.44,186.34,186.42,43421
2024-01-31 13:06:00,186.41,186.41,186.26,186.3,45092
2024-01-31 13:07:00,186.3,186.37,186.29,186.36,32627
2024-01-31 13:08:00,186.36,186.39,186.29,186.31,33864
2024-01-31 13:09:00,186.3,186.31,186.22,186.26,42525
2024-01-31 13:10:00,186.25,186.28,186.17,186.2,53454
2024-01-31 13:11:00,186.21,186.25,186.19,186.22,39262
2024-01-31 13:12:00,186.21,186.23,186.15,186.21,46501
2024-01-31 13:13:00,186.21,186.21,186.17,186.2,21241
2024-01-31 13:14:00,186.2,186.23,186.14,186.19,33609
2024-01-31 13:15:00,186.2,186.3,186.19,186.3,67368
2024-01-31 13:16:00,186.3,186.33,186.2,186.21,78398
2024-01-31 13:17:00,186.2,186.23,186.18,186.2,30907
2024-01-31 13:18:00,186.21,186.31,186.18,186.3,39609
2024-01-31 13:19:00,186.3,186.34,186.28,186.31,32708
2024-01-31 13:20:00,186.32,186.35,186.23,186.23,47608
2024-01-31 13:21:00,186.24,186.24,186.16,186.22,46929
2024-01-31 13:22:00,186.23,186.26,186.2,186.21,27052
2024-01-31 13:23:00,186.2,186.23,186.13,186.14,62256
2024-01-31 13:24:00,186.14,186.2,186.07,186.09,59482
2024-01-31 13:25:00,186.09,186.16,186.09,186.12,23112
2024-01-31 13:26:00,186.13,186.17,186.08,186.11,34302
2024-01-31 13:27:00,186.11,186.17,186.1,186.11,24335
2024-01-31 13:28:00,186.12,186.17,186.09,186.15,20709
2024-01-31 13:29:00,186.15,186.17,186.09,186.16,26853
2024-01-31 13:30:00,186.17,186.26,186.15,186.25,41907
2024-01-31 13:31:00,186.26,186.31,186.22,186.25,63025
2024-01-31 13:32:00,186.25,186.28,186.21,186.28,32857
2024-01-31 13:33:00,186.28,186.33,186.25,186.33,38897
2024-01-31 13:34:00,186.33,186.36,186.26,186.27,48788
2024-01-31 13:35:00,186.27,186.35,186.27,186.31,32872
2024-01-31 13:36:00,186.31,186.33,186.24,186.33,28279
2024-01-31 13:37:00,186.33,186.35,186.31,186.35,33969
2024-01-31 13:38:00,186.34,186.35,186.25,186.26,39925
2024-01-31 13:39:00,186.27,186.28,186.19,186.2,42169
2024-01-31 13:40:00,186.2,186.21,186.16,186.18,35229
2024-01-31 13:41:00,186.19,186.29,186.17,186.26,48918
2024-01-31 13:42:00,186.26,186.28,186.2,186.23,26917
2024-01-31 13:43:00,186.23,186.27,186.17,186.26,47841
2024-01-31 13:44:00,186.27,186.33,186.23,186.32,39029
2024-01-31 13:45:00,186.34,186.39,186.31,186.39,44471
2024-01-31 13:46:00,186.4,186.43,186.39,186.43,50950
2024-01-31 13:47:00,186.44,186.51,186.43,186.5,50992
2024-01-31 13:48:00,186.5,186.5,186.46,186.47,55981
2024-01-31 13:49:00,186.47,186.52,186.42,186.52,52170
2024-01-31 13:50:00,186.53,186.53,186.36,186.37,54744
2024-01-31 13:51:00,186.38,186.5,186.37,186.49,46631
2024-01-31 13:52:00,186.49,186.49,186.44,186.45,34264
2024-01-31 13:53:00,186.44,186.45,186.41,186.43,26629
2024-01-31 13:54:00,186.44,186.47,186.36,186.38,45063
2024-01-31 13:55:00,186.38,186.38,186.3,186.36,72777
2024-01-31 13:56:00,186.35,186.35,186.29,186.32,49379
2024-01-31 13:57:00,186.31,186.34,186.23,186.29,43865
2024-01-31 13:58:00,186.3,186.33,186.22,186.23,30519
2024-01-31 13:59:00,186.21,186.23,186.1,186.18,67263
2024-01-31 14:00:00,186.17,186.32,185.35,185.61,170438
2024-01-31 14:01:00,185.58,185.67,185.35,185.52,107794
2024-01-31 14:02:00,185.54,185.54,185.26,185.5,114819
2024-01-31 14:03:00,185.48,185.78,185.34,185.75,122759
2024-01-31 14:04:00,185.72,185.74,185.48,185.61,39327
2024-01-31 14:05:00,185.6,185.93,185.59,185.83,125278
2024-01-31 14:06:00,185.83,185.89,185.68,185.75,53512
2024-01-31 14:07:00,185.75,185.83,185.66,185.78,53966
2024-01-31 14:08:00,185.82,185.84,185.67,185.73,40154
2024-01-31 14:09:00,185.73,185.81,185.67,185.76,40336
2024-01-31 14:10:00,185.79,185.83,185.67,185.8,59967
2024-01-31 14:11:00,185.8,185.84,185.65,185.75,73146
2024-01-31 14:12:00,185.78,185.9,185.74,185.84,43531
2024-01-31 14:13:00,185.85,185.96,185.81,185.89,74227
2024-01-31 14:14:00,185.9,185.99,185.81,185.88,121701
2024-01-31 14:15:00,185.88,185.89,185.72,185.84,54394
2024-01-31 14:16:00,185.83,185.88,185.76,185.84,68003
2024-01-31 14:17:00,185.83,185.83,185.71,185.72,42607
2024-01-31 14:18:00,185.71,185.72,185.57,185.6,79805
2024-01-31 14:19:00,185.6,185.64,185.51,185.56,73333
2024-01-31 14:20:00,185.58,185.6,185.51,185.57,58090
2024-01-31 14:21:00,185.57,185.58,185.49,185.56,55380
2024-01-31 14:22:00,185.53,185.62,185.49,185.52,57026
2024-01-31 14:23:00,185.53,185.54,185.44,185.52,53873
2024-01-31 14:24:00,185.51,185.58,185.47,185.56,98089
2024-01-31 14:25:00,185.55,185.66,185.51,185.64,42432
2024-01-31 14:26:00,185.66,185.69,185.61,185.69,53633
2024-01-31 14:27:00,185.69,185.75,185.63,185.64,41374
2024-01-31 14:28:00,185.63,185.68,185.56,185.59,43879
2024-01-31 14:29:00,185.6,185.68,185.56,185.67,29096
2024-01-31 14:30:00,185.67,185.73,185.59,185.6,51635
2024-01-31 14:31:00,185.59,185.86,185.54,185.79,100489
2024-01-31 14:32:00,185.8,185.98,185.77,185.93,67478
2024-01-31 14:33:00,185.93,185.99,185.82,185.89,87298
2024-01-31 14:34:00,185.89,185.9,185.77,185.87,35070
2024-01-31 14:35:00,185.88,186.08,185.69,185.76,120622
2024-01-31 14:36:00,185.74,185.78,185.6,185.67,76173
2024-01-31 14:37:00,185.67,185.72,185.46,185.69,84515
2024-01-31 14:38:00,185.69,186.23,185.66,186.13,144776
2024-01-31 14:39:00,186.14,186.52,186.09,186.4,141762
2024-01-31 14:40:00,186.43,186.53,186.33,186.41,106645
2024-01-31 14:41:00,186.43,186.52,186.36,186.48,88418
2024-01-31 14:42:00,186.48,186.59,186.42,186.55,103689
2024-01-31 14:43:00,186.55,186.67,186.46,186.61,109445
2024-01-31 14:44:00,186.63,186.79,186.53,186.66,119395
2024-01-31 14:45:00,186.68,186.94,186.67,186.82,135065
2024-01-31 14:46:00,186.83,186.87,186.68,186.83,71823
2024-01-31 14:47:00,186.81,186.84,186.53,186.59,87991
2024-01-31 14:48:00,186.6,186.68,186.51,186.61,81467
2024-01-31 14:49:00,186.62,186.69,186.44,186.47,56760
2024-01-31 14:50:00,186.47,186.54,186.1,186.26,104893
2024-01-31 14:51:00,186.28,186.31,186.13,186.13,52850
2024-01-31 14:52:00,186.14,186.18,185.93,186.03,82306
2024-01-31 14:53:00,186.04,186.19,186.0,186.15,68318
2024-01-31 14:54:00,186.14,186.26,186.1,186.13,48316
2024-01-31 14:55:00,186.13,186.31,186.03,186.28,43230
2024-01-31 14:56:00,186.29,186.3,186.11,186.14,55758
2024-01-31 14:57:00,186.09,186.29,186.09,186.25,41710
2024-01-31 14:58:00,186.26,186.26,186.08,186.13,41597
2024-01-31 14:59:00,186.11,186.11,185.91,185.97,74773
2024-01-31 15:00:00,185.98,186.03,185.76,185.87,84256
2024-01-31 15:01:00,185.9,185.96,185.58,185.61,110107
2024-01-31 15:02:00,185.62,185.64,185.29,185.34,170205
2024-01-31 15:03:00,185.36,185.42,185.21,185.36,112679
2024-01-31 15:04:00,185.36,185.38,185.15,185.32,131092
2024-01-31 15:05:00,185.32,185.38,185.14,185.28,87579
2024-01-31 15:06:00,185.27,185.32,185.07,185.31,133742
2024-01-31 15:07:00,185.28,185.49,185.09,185.48,148629
2024-01-31 15:08:00,185.49,185.61,185.29,185.51,118587
2024-01-31 15:09:00,185.52,185.58,185.4,185.53,81712
2024-01-31 15:10:00,185.52,185.72,185.45,185.47,82782
2024-01-31 15:11:00,185.48,185.5,185.27,185.39,72340
2024-01-31 15:12:00,185.39,185.49,185.27,185.47,77602
2024-01-31 15:13:00,185.48,185.54,185.29,185.5,59483
2024-01-31 15:14:00,185.49,185.58,185.42,185.5,53920
2024-01-31 15:15:00,185.5,185.57,185.35,185.54,64123
2024-01-31 15:16:00,185.53,185.59,185.3,185.36,76403
2024-01-31 15:17:00,185.37,185.45,185.25,185.29,77598
2024-01-31 15:18:00,185.28,185.29,185.1,185.14,81195
2024-01-31 15:19:00,185.14,185.26,185.06,185.06,95411
2024-01-31 15:20:00,185.09,185.38,185.03,185.36,104215
2024-01-31 15:21:00,185.36,185.53,185.32,185.42,111859
2024-01-31 15:22:00,185.4,185.49,185.28,185.39,87369
2024-01-31 15:23:00,185.39,185.49,185.29,185.44,72279
2024-01-31 15:24:00,185.44,185.51,185.31,185.31,73200
2024-01-31 15:25:00,185.31,185.35,185.21,185.22,64007
2024-01-31 15:26:00,185.21,185.41,185.2,185.38,64038
2024-01-31 15:27:00,185.38,185.59,185.31,185.59,63324
2024-01-31 15:28:00,185.58,185.65,185.42,185.46,88599
2024-01-31 15:29:00,185.46,185.55,185.43,185.52,66550
2024-01-31 15:30:00,185.52,185.59,185.39,185.39,68277
2024-01-31 15:31:00,185.4,185.48,185.33,185.43,64698
2024-01-31 15:32:00,185.44,185.44,185.2,185.27,64318
2024-01-31 15:33:00,185.26,185.35,185.08,185.09,93718
2024-01-31 15:34:00,185.08,185.12,185.02,185.12,139567
2024-01-31 15:35:00,185.11,185.12,185.01,185.04,69642
2024-01-31 15:36:00,185.04,185.21,185.02,185.18,121836
2024-01-31 15:37:00,185.18,185.25,185.06,185.17,88351
2024-01-31 15:38:00,185.17,185.23,185.13,185.22,75837
2024-01-31 15:39:00,185.21,185.35,185.16,185.32,69748
2024-01-31 15:40:00,185.31,185.41,185.21,185.35,68359
2024-01-31 15:41:00,185.36,185.36,185.23,185.28,68100
2024-01-31 15:42:00,185.3,185.34,185.24,185.31,63277
2024-01-31 15:43:00,185.32,185.35,185.18,185.27,80540
2024-01-31 15:44:00,185.27,185.27,185.1,185.12,59072
2024-01-31 15:45:00,185.11,185.24,185.11,185.2,123159
2024-01-31 15:46:00,185.21,185.28,185.16,185.21,82619
2024-01-31 15:47:00,185.21,185.32,185.13,185.3,123139
2024-01-31 15:48:00,185.29,185.3,185.16,185.22,70624
2024-01-31 15:49:00,185.22,185.26,185.15,185.19,108857
2024-01-31 15:50:00,185.2,185.23,185.0,185.23,269159
2024-01-31 15:51:00,185.23,185.26,185.13,185.2,141652
2024-01-31 15:52:00,185.2,185.2,184.95,185.02,285003
2024-01-31 15:53:00,185.01,185.07,184.85,184.85,171712
2024-01-31 15:54:00,184.86,185.05,184.74,185.03,371167
2024-01-31 15:55:00,185.03,185.24,184.99,185.14,386801
2024-01-31 15:56:00,185.14,185.26,185.09,185.12,247698
2024-01-31 15:57:00,185.12,185.23,184.99,185.17,365241
2024-01-31 15:58:00,185.17,185.18,184.97,185.02,337304
2024-01-31 15:59:00,185.02,185.02,184.5,184.5,767755
2024-02-01 09:30:00,184.01,184.36,183.81,184.28,1065980
2024-02-01 09:31:00,184.28,184.46,183.96,184.21,269872
2024-02-01 09:32:00,184.2,184.88,184.01,184.49,259842
2024-02-01 09:33:00,184.48,185.08,184.39,184.96,214295
2024-02-01 09:34:00,184.97,185.21,184.79,185.02,241206
2024-02-01 09:35:00,185.03,185.29,184.93,185.22,186926
2024-02-01 09:36:00,185.23,185.23,184.82,184.95,176105
2024-02-01 09:37:00,184.95,185.22,184.75,185.06,154281
2024-02-01 09:38:00,185.06,185.21,184.88,184.94,146778
2024-02-01 09:39:00,184.95,185.34,184.94,185.16,201106
2024-02-01 09:40:00,185.15,185.34,184.87,185.33,154387
2024-02-01 09:41:00,185.32,185.35,185.07,185.33,165414
2024-02-01 09:42:00,185.34,185.64,185.32,185.49,226133
2024-02-01 09:43:00,185.5,185.62,185.35,185.57,121385
2024-02-01 09:44:00,185.57,185.64,185.21,185.22,129403
2024-02-01 09:45:00,185.21,185.23,184.65,184.88,262331
2024-02-01 09:46:00,184.89,185.16,184.89,185.02,95166
2024-02-01 09:47:00,185.03,185.09,184.7,184.94,116609
2024-02-01 09:48:00,184.97,185.0,184.72,184.79,104638
2024-02-01 09:49:00,184.78,184.92,184.73,184.8,86386
2024-02-01 09:50:00,184.81,184.89,184.68,184.71,126998
2024-02-01 09:51:00,184.71,184.93,184.62,184.9,87979
2024-02-01 09:52:00,184.91,185.05,184.77,184.96,82921
2024-02-01 09:53:00,184.97,185.15,184.94,185.02,94808
2024-02-01 09:54:00,185.03,185.2,184.99,185.03,90658
2024-02-01 09:55:00,185.03,185.15,184.95,185.05,91304
2024-02-01 09:56:00,185.02,185.15,184.97,185.04,109770
2024-02-01 09:57:00,185.06,185.16,184.99,185.06,87780
2024-02-01 09:58:00,185.06,185.25,185.04,185.22,88513
2024-02-01 09:59:00,185.22,185.5,185.2,185.5,136385
2024-02-01 10:00:00,185.46,185.48,184.9,185.11,147038
2024-02-01 10:01:00,185.09,185.43,185.06,185.24,90439
2024-02-01 10:02:00,185.23,185.42,185.22,185.41,86867
2024-02-01 10:03:00,185.42,185.6,185.33,185.58,109757
2024-02-01 10:04:00,185.56,185.85,185.56,185.79,143314
2024-02-01 10:05:00,185.8,185.9,185.65,185.76,112579
2024-02-01 10:06:00,185.78,185.89,185.71,185.75,92566
2024-02-01 10:07:00,185.76,185.99,185.7,185.81,125161
2024-02-01 10:08:00,185.81,185.96,185.74,185.76,104082
2024-02-01 10:09:00,185.74,185.94,185.71,185.89,92553
2024-02-01 10:10:00,185.9,185.91,185.66,185.68,81894
2024-02-01 10:11:00,185.68,185.79,185.61,185.74,144632
2024-02-01 10:12:00,185.76,185.82,185.64,185.67,68518
2024-02-01 10:13:00,185.65,185.73,185.64,185.66,59661
2024-02-01 10:14:00,185.67,185.78,185.64,185.74,92239
2024-02-01 10:15:00,185.74,185.96,185.73,185.96,79044
2024-02-01 10:16:00,185.95,185.98,185.89,185.92,122222
2024-02-01 10:17:00,185.92,185.92,185.76,185.78,84368
2024-02-01 10:18:00,185.79,185.84,185.67,185.69,95398
2024-02-01 10:19:00,185.71,185.79,185.67,185.76,72707
2024-02-01 10:20:00,185.77,185.84,185.65,185.71,123057
2024-02-01 10:21:00,185.73,185.77,185.57,185.6,90147
2024-02-01 10:22:00,185.61,185.78,185.58,185.74,78557
2024-02-01 10:23:00,185.74,185.85,185.67,185.78,82491
2024-02-01 10:24:00,185.78,185.99,185.76,185.98,83497
2024-02-01 10:25:00,185.98,185.99,185.86,185.9,105526
2024-02-01 10:26:00,185.9,186.04,185.88,185.97,140736
2024-02-01 10:27:00,185.99,186.04,185.89,185.96,94471
2024-02-01 10:28:00,185.97,186.07,185.9,186.06,100250
2024-02-01 10:29:00,186.05,186.18,185.93,186.11,101796
2024-02-01 10:30:00,186.12,186.13,185.93,186.02,116543
2024-02-01 10:31:00,186.01,186.05,185.95,186.05,72393
2024-02-01 10:32:00,186.05,186.06,185.93,185.99,55218
2024-02-01 10:33:00,185.98,186.1,185.96,186.03,73922
2024-02-01 10:34:00,186.02,186.11,186.01,186.09,71087
2024-02-01 10:35:00,186.09,186.2,186.03,186.14,92500
2024-02-01 10:36:00,186.16,186.26,186.14,186.25,102762
2024-02-01 10:37:00,186.26,186.28,186.07,186.2,102116
2024-02-01 10:38:00,186.2,186.27,186.11,186.25,80750
2024-02-01 10:39:00,186.25,186.26,186.14,186.16,68327
2024-02-01 10:40:00,186.16,186.25,186.13,186.24,62050
2024-02-01 10:41:00,186.24,186.3,186.08,186.15,119901
2024-02-01 10:42:00,186.18,186.18,186.0,186.11,91311
2024-02-01 10:43:00,186.11,186.27,186.1,186.11,99895
2024-02-01 10:44:00,186.11,186.25,186.05,186.06,69681
2024-02-01 10:45:00,186.07,186.17,186.02,186.1,101392
2024-02-01 10:46:00,186.12,186.12,185.99,186.08,82124
2024-02-01 10:47:00,186.1,186.31,186.09,186.18,121521
2024-02-01 10:48:00,186.18,186.21,186.09,186.11,71644
2024-02-01 10:49:00,186.1,186.1,186.01,186.02,82780
2024-02-01 10:50:00,186.01,186.04,185.81,185.82,109238
2024-02-01 10:51:00,185.82,185.9,185.72,185.82,91455
2024-02-01 10:52:00,185.83,185.85,185.6,185.63,103709
2024-02-01 10:53:00,185.63,185.73,185.53,185.57,93165
2024-02-01 10:54:00,185.58,185.62,185.41,185.45,115575
2024-02-01 10:55:00,185.46,185.56,185.43,185.56,75478
2024-02-01 10:56:00,185.56,185.59,185.4,185.42,86312
2024-02-01 10:57:00,185.43,185.5,185.39,185.44,70480
2024-02-01 10:58:00,185.45,185.53,185.42,185.47,55593
2024-02-01 10:59:00,185.46,185.47,185.35,185.37,72273
2024-02-01 11:00:00,185.37,185.47,185.29,185.44,97939
2024-02-01 11:01:00,185.44,185.55,185.38,185.53,59509
2024-02-01 11:02:00,185.54,185.56,185.46,185.5,42434
2024-02-01 11:03:00,185.5,185.57,185.49,185.56,55735
2024-02-01 11:04:00,185.55,185.62,185.5,185.54,61742
2024-02-01 11:05:00,185.55,185.74,185.49,185.72,75230
2024-02-01 11:06:00,185.72,185.96,185.68,185.92,83884
2024-02-01 11:07:00,185.91,186.07,185.9,186.06,97231
2024-02-01 11:08:00,186.06,186.07,185.88,185.93,79794
2024-02-01 11:09:00,185.92,185.97,185.83,185.91,82407
2024-02-01 11:10:00,185.91,186.03,185.87,185.88,77742
2024-02-01 11:11:00,185.88,185.95,185.85,185.93,49468
2024-02-01 11:12:00,185.93,185.93,185.68,185.72,95142
2024-02-01 11:13:00,185.71,185.79,185.7,185.75,57562
2024-02-01 11:14:00,185.76,185.89,185.75,185.82,52213
2024-02-01 11:15:00,185.82,185.91,185.81,185.86,74011
2024-02-01 11:16:00,185.86,185.9,185.77,185.81,57915
2024-02-01 11:17:00,185.81,185.83,185.72,185.75,36043
2024-02-01 11:18:00,185.76,185.82,185.69,185.73,52312
2024-02-01 11:19:00,185.74,185.77,185.7,185.72,65305
2024-02-01 11:20:00,185.72,185.81,185.69,185.76,48137
2024-02-01 11:21:00,185.79,185.81,185.72,185.8,38950
2024-02-01 11:22:00,185.8,185.91,185.78,185.84,76472
2024-02-01 11:23:00,185.85,185.86,185.72,185.78,52731
2024-02-01 11:24:00,185.8,185.83,185.6,185.63,71085
2024-02-01 11:25:00,185.63,185.69,185.53,185.55,89759
2024-02-01 11:26:00,185.56,185.63,185.48,185.49,78731
2024-02-01 11:27:00,185.49,185.52,185.42,185.45,73519
2024-02-01 11:28:00,185.45,185.47,185.35,185.38,61696
2024-02-01 11:29:00,185.38,185.48,185.34,185.4,83643
2024-02-01 11:30:00,185.39,185.48,185.38,185.41,76502
2024-02-01 11:31:00,185.41,185.5,185.36,185.5,60530
2024-02-01 11:32:00,185.51,185.68,185.49,185.66,95207
2024-02-01 11:33:00,185.68,185.75,185.66,185.73,95134
2024-02-01 11:34:00,185.72,185.9,185.71,185.85,195049
2024-02-01 11:35:00,185.86,185.89,185.65,185.67,72236
2024-02-01 11:36:00,185.68,185.8,185.67,185.78,59512
2024-02-01 11:37:00,185.77,185.84,185.59,185.59,91902
2024-02-01 11:38:00,185.59,185.69,185.59,185.67,35572
2024-02-01 11:39:00,185.68,185.8,185.66,185.78,36716
2024-02-01 11:40:00,185.78,185.81,185.72,185.72,55593
2024-02-01 11:41:00,185.74,185.81,185.67,185.69,39363
2024-02-01 11:42:00,185.68,185.72,185.65,185.71,36226
2024-02-01 11:43:00,185.7,185.76,185.68,185.69,30557
2024-02-01 11:44:00,185.7,185.72,185.63,185.67,55325
2024-02-01 11:45:00,185.67,185.73,185.66,185.69,44463
2024-02-01 11:46:00,185.69,185.72,185.64,185.72,64761
2024-02-01 11:47:00,185.73,185.75,185.58,185.59,64792
2024-02-01 11:48:00,185.59,185.69,185.56,185.69,55258
2024-02-01 11:49:00,185.67,185.69,185.57,185.67,38998
2024-02-01 11:50:00,185.67,185.79,185.66,185.77,59723
2024-02-01 11:51:00,185.76,185.82,185.68,185.69,53474
2024-02-01 11:52:00,185.69,185.75,185.66,185.72,35817
2024-02-01 11:53:00,185.71,185.87,185.7,185.85,65336
2024-02-01 11:54:00,185.85,185.85,185.79,185.85,27051
2024-02-01 11:55:00,185.84,185.86,185.72,185.73,49351
2024-02-01 11:56:00,185.73,185.74,185.62,185.67,66887
2024-02-01 11:57:00,185.67,185.83,185.67,185.81,55352
2024-02-01 11:58:00,185.81,185.82,185.66,185.7,30338
2024-02-01 11:59:00,185.7,185.7,185.62,185.68,72482
2024-02-01 12:00:00,185.68,185.76,185.66,185.7,65171
2024-02-01 12:01:00,185.69,185.81,185.67,185.73,61557
2024-02-01 12:02:00,185.73,185.87,185.72,185.84,41001
2024-02-01 12:03:00,185.85,185.93,185.78,185.91,76068
2024-02-01 12:04:00,185.92,185.99,185.9,185.92,88295
2024-02-01 12:05:00,185.92,186.05,185.92,186.03,94517
2024-02-01 12:06:00,186.03,186.18,186.03,186.18,109230
2024-02-01 12:07:00,186.18,186.28,186.12,186.25,96017
2024-02-01 12:08:00,186.26,186.27,186.21,186.26,67281
2024-02-01 12:09:00,186.26,186.3,186.22,186.23,118180
2024-02-01 12:10:00,186.23,186.25,186.13,186.19,77630
2024-02-01 12:11:00,186.18,186.2,186.11,186.13,77376
2024-02-01 12:12:00,186.13,186.14,185.96,185.99,141793
2024-02-01 12:13:00,185.98,186.02,185.96,186.0,42286
2024-02-01 12:14:00,186.0,186.03,185.97,186.0,90637
2024-02-01 12:15:00,186.01,186.02,185.98,186.01,56365
2024-02-01 12:16:00,186.02,186.03,185.92,185.93,66230
2024-02-01 12:17:00,185.94,186.0,185.88,185.97,70905
2024-02-01 12:18:00,185.96,186.07,185.92,185.99,102050
2024-02-01 12:19:00,186.0,186.08,185.98,186.04,39046
2024-02-01 12:20:00,186.05,186.09,186.0,186.04,49633
2024-02-01 12:21:00,186.04,186.1,186.01,186.03,58501
2024-02-01 12:22:00,186.03,186.04,185.95,186.04,38501
2024-02-01 12:23:00,186.04,186.06,186.01,186.05,36107
2024-02-01 12:24:00,186.05,186.1,186.0,186.08,46179
2024-02-01 12:25:00,186.08,186.09,186.0,186.03,35440
2024-02-01 12:26:00,186.03,186.08,185.97,185.97,63530
2024-02-01 12:27:00,185.96,185.98,185.85,185.91,67694
2024-02-01 12:28:00,185.9,185.97,185.83,185.87,33067
2024-02-01 12:29:00,185.87,185.92,185.81,185.89,33222
2024-02-01 12:30:00,185.89,185.92,185.82,185.85,33623
2024-02-01 12:31:00,185.84,185.85,185.72,185.72,75074
2024-02-01 12:32:00,185.72,185.79,185.67,185.71,75449
2024-02-01 12:33:00,185.71,185.77,185.64,185.71,44043
2024-02-01 12:34:00,185.71,185.74,185.64,185.72,37660
2024-02-01 12:35:00,185.73,185.83,185.68,185.8,49887
2024-02-01 12:36:00,185.79,185.86,185.74,185.78,62255
2024-02-01 12:37:00,185.78,185.88,185.76,185.87,60426
2024-02-01 12:38:00,185.87,185.92,185.83,185.91,68993
2024-02-01 12:39:00,185.9,185.94,185.82,185.87,53268
2024-02-01 12:40:00,185.87,185.91,185.77,185.85,45734
2024-02-01 12:41:00,185.86,185.94,185.82,185.85,60429
2024-02-01 12:42:00,185.84,185.92,185.83,185.85,59811
2024-02-01 12:43:00,185.84,185.86,185.76,185.77,57657
2024-02-01 12:44:00,185.78,185.88,185.77,185.83,49017
2024-02-01 12:45:00,185.82,186.01,185.82,185.99,90302
2024-02-01 12:46:00,186.0,186.05,185.91,185.99,74907
2024-02-01 12:47:00,185.99,186.0,185.86,185.94,50267
2024-02-01 12:48:00,185.95,186.02,185.94,185.99,39517
2024-02-01 12:49:00,185.98,186.09,185.95,186.06,37433
2024-02-01 12:50:00,186.06,186.19,186.05,186.16,67049
2024-02-01 12:51:00,186.16,186.19,186.11,186.16,56145
2024-02-01 12:52:00,186.17,186.3,186.15,186.3,170463
2024-02-01 12:53:00,186.3,186.34,186.24,186.33,73913
2024-02-01 12:54:00,186.33,186.35,186.31,186.34,58112
2024-02-01 12:55:00,186.34,186.44,186.28,186.43,88117
2024-02-01 12:56:00,186.43,186.43,186.34,186.39,71393
2024-02-01 12:57:00,186.39,186.41,186.15,186.18,129062
2024-02-01 12:58:00,186.18,186.19,185.98,186.04,127184
2024-02-01 12:59:00,186.05,186.14,186.03,186.12,66252
2024-02-01 13:00:00,186.13,186.19,186.0,186.02,58381
2024-02-01 13:01:00,186.01,186.02,185.89,185.94,54900
2024-02-01 13:02:00,185.92,186.0,185.88,185.96,37494
2024-02-01 13:03:00,185.97,185.98,185.87,185.87,51667
2024-02-01 13:04:00,185.87,185.9,185.74,185.78,50983
2024-02-01 13:05:00,185.79,185.81,185.68,185.77,86054
2024-02-01 13:06:00,185.77,185.8,185.64,185.65,38396
2024-02-01 13:07:00,185.65,185.7,185.59,185.62,50938
2024-02-01 13:08:00,185.63,185.7,185.58,185.65,63705
2024-02-01 13:09:00,185.64,185.71,185.57,185.71,40420
2024-02-01 13:10:00,185.71,185.79,185.68,185.78,56175
2024-02-01 13:11:00,185.78,185.93,185.78,185.92,63339
2024-02-01 13:12:00,185.92,185.94,185.84,185.92,94602
2024-02-01 13:13:00,185.92,186.0,185.89,185.96,50384
2024-02-01 13:14:00,185.96,186.06,185.96,185.99,52886
2024-02-01 13:15:00,185.98,186.07,185.95,185.95,40997
2024-02-01 13:16:00,185.97,186.03,185.96,185.98,39141
2024-02-01 13:17:00,185.99,186.0,185.88,185.94,57099
2024-02-01 13:18:00,185.94,185.96,185.78,185.79,53039
2024-02-01 13:19:00,185.79,185.9,185.76,185.87,39976
2024-02-01 13:20:00,185.86,185.89,185.74,185.79,74519
2024-02-01 13:21:00,185.78,185.85,185.78,185.84,58626
2024-02-01 13:22:00,185.84,185.86,185.78,185.8,32594
2024-02-01 13:23:00,185.81,185.83,185.69,185.74,42387
2024-02-01 13:24:00,185.74,185.75,185.66,185.75,62911
2024-02-01 13:25:00,185.76,185.84,185.67,185.81,42808
2024-02-01 13:26:00,185.81,185.85,185.7,185.77,36600
2024-02-01 13:27:00,185.79,185.79,185.66,185.73,39850
2024-02-01 13:28:00,185.74,185.81,185.72,185.77,44270
2024-02-01 13:29:00,185.78,185.81,185.65,185.73,43599
2024-02-01 13:30:00,185.74,185.79,185.65,185.75,37849
2024-02-01 13:31:00,185.75,185.89,185.75,185.85,51385
2024-02-01 13:32:00,185.84,185.89,185.76,185.83,45239
2024-02-01 13:33:00,185.83,185.84,185.77,185.81,53586
2024-02-01 13:34:00,185.82,185.9,185.77,185.8,51343
2024-02-01 13:35:00,185.79,185.86,185.78,185.78,53610
2024-02-01 13:36:00,185.79,185.85,185.65,185.68,66731
2024-02-01 13:37:00,185.68,185.68,185.29,185.36,129021
2024-02-01 13:38:00,185.38,185.45,185.26,185.45,77506
2024-02-01 13:39:00,185.46,185.51,185.38,185.43,49430
2024-02-01 13:40:00,185.43,185.54,185.41,185.49,34222
2024-02-01 13:41:00,185.48,185.5,185.28,185.32,66886
2024-02-01 13:42:00,185.31,185.38,185.29,185.37,106723
2024-02-01 13:43:00,185.39,185.41,185.31,185.36,47734
2024-02-01 13:44:00,185.36,185.44,185.32,185.38,54922
2024-02-01 13:45:00,185.38,185.5,185.38,185.5,94659
2024-02-01 13:46:00,185.5,185.65,185.5,185.58,67892
2024-02-01 13:47:00,185.58,185.69,185.56,185.68,61486
2024-02-01 13:48:00,185.69,185.75,185.68,185.74,54401
2024-02-01 13:49:00,185.74,185.81,185.71,185.8,39361
2024-02-01 13:50:00,185.78,185.85,185.78,185.78,53575
2024-02-01 13:51:00,185.78,185.81,185.68,185.72,67423
2024-02-01 13:52:00,185.73,185.88,185.7,185.87,37346
2024-02-01 13:53:00,185.87,185.9,185.84,185.88,53181
2024-02-01 13:54:00,185.89,185.95,185.89,185.94,42097
2024-02-01 13:55:00,185.92,185.94,185.85,185.86,53583
2024-02-01 13:56:00,185.85,185.96,185.85,185.91,38953
2024-02-01 13:57:00,185.91,185.96,185.88,185.88,58429
2024-02-01 13:58:00,185.87,185.87,185.76,185.81,37484
2024-02-01 13:59:00,185.81,185.84,185.74,185.8,36547
2024-02-01 14:00:00,185.8,185.92,185.8,185.91,41331
2024-02-01 14:01:00,185.91,185.92,185.82,185.91,26623
2024-02-01 14:02:00,185.91,185.93,185.84,185.84,40897
2024-02-01 14:03:00,185.84,185.89,185.81,185.81,67011
2024-02-01 14:04:00,185.81,185.89,185.79,185.88,52092
2024-02-01 14:05:00,185.87,185.93,185.86,185.88,68130
2024-02-01 14:06:00,185.89,185.97,185.87,185.96,91393
2024-02-01 14:07:00,185.96,185.97,185.9,185.91,53750
2024-02-01 14:08:00,185.91,186.01,185.9,185.99,69461
2024-02-01 14:09:00,185.98,186.1,185.96,186.09,70871
2024-02-01 14:10:00,186.09,186.11,186.03,186.06,85218
2024-02-01 14:11:00,186.06,186.06,185.61,185.65,193598
2024-02-01 14:12:00,185.63,185.7,185.55,185.6,77853
2024-02-01 14:13:00,185.58,185.78,185.58,185.78,45190
2024-02-01 14:14:00,185.77,185.85,185.75,185.81,44064
2024-02-01 14:15:00,185.82,185.91,185.76,185.89,76213
2024-02-01 14:16:00,185.89,185.95,185.86,185.91,74648
2024-02-01 14:17:00,185.92,186.0,185.91,186.0,50624
2024-02-01 14:18:00,186.0,186.03,185.93,186.0,43519
2024-02-01 14:19:00,186.0,186.07,185.99,186.07,48757
2024-02-01 14:20:00,186.07,186.12,186.04,186.08,57544
2024-02-01 14:21:00,186.08,186.11,186.02,186.11,55384
2024-02-01 14:22:00,186.1,186.13,186.07,186.12,75838
2024-02-01 14:23:00,186.12,186.13,185.99,186.01,64985
2024-02-01 14:24:00,186.0,186.08,186.0,186.05,41443
2024-02-01 14:25:00,186.06,186.13,186.05,186.12,67585
2024-02-01 14:26:00,186.13,186.16,186.06,186.09,45369
2024-02-01 14:27:00,186.09,186.11,185.9,185.97,70597
2024-02-01 14:28:00,185.96,186.08,185.96,186.03,41681
2024-02-01 14:29:00,186.03,186.05,185.97,185.98,35814
2024-02-01 14:30:00,185.98,186.01,185.88,186.0,52198
2024-02-01 14:31:00,186.0,186.09,185.92,186.09,46949
2024-02-01 14:32:00,186.09,186.11,186.01,186.04,55419
2024-02-01 14:33:00,186.05,186.08,185.98,186.02,54131
2024-02-01 14:34:00,186.03,186.06,185.98,186.05,44173
2024-02-01 14:35:00,186.06,186.19,186.05,186.19,103252
2024-02-01 14:36:00,186.19,186.22,186.16,186.19,39092
2024-02-01 14:37:00,186.19,186.25,186.15,186.18,55171
2024-02-01 14:38:00,186.17,186.21,186.15,186.2,44411
2024-02-01 14:39:00,186.2,186.28,186.15,186.17,83563
2024-02-01 14:40:00,186.17,186.28,186.16,186.25,55751
2024-02-01 14:41:00,186.25,186.29,186.24,186.28,53286
2024-02-01 14:42:00,186.28,186.3,186.25,186.3,55256
2024-02-01 14:43:00,186.3,186.43,186.29,186.41,128971
2024-02-01 14:44:00,186.42,186.43,186.28,186.31,88776
2024-02-01 14:45:00,186.31,186.43,186.31,186.42,63942
2024-02-01 14:46:00,186.42,186.49,186.37,186.49,65458
2024-02-01 14:47:00,186.49,186.57,186.48,186.55,119411
2024-02-01 14:48:00,186.54,186.58,186.48,186.49,79610
2024-02-01 14:49:00,186.49,186.49,186.32,186.42,110213
2024-02-01 14:50:00,186.43,186.52,186.42,186.5,77953
2024-02-01 14:51:00,186.49,186.53,186.46,186.51,68148
2024-02-01 14:52:00,186.52,186.55,186.48,186.54,47569
2024-02-01 14:53:00,186.54,186.56,186.47,186.55,79205
2024-02-01 14:54:00,186.56,186.57,186.42,186.46,68811
2024-02-01 14:55:00,186.46,186.55,186.45,186.53,72718
2024-02-01 14:56:00,186.53,186.6,186.43,186.44,92630
2024-02-01 14:57:00,186.44,186.58,186.43,186.56,59792
2024-02-01 14:58:00,186.57,186.62,186.54,186.58,68351
2024-02-01 14:59:00,186.58,186.58,186.47,186.48,113146
2024-02-01 15:00:00,186.47,186.51,186.39,186.41,71909
2024-02-01 15:01:00,186.4,186.44,186.32,186.32,58960
2024-02-01 15:02:00,186.33,186.36,186.28,186.32,129477
2024-02-01 15:03:00,186.32,186.45,186.3,186.44,72501
2024-02-01 15:04:00,186.45,186.54,186.42,186.49,104914
2024-02-01 15:05:00,186.49,186.53,186.48,186.52,52628
2024-02-01 15:06:00,186.53,186.54,186.46,186.47,69734
2024-02-01 15:07:00,186.48,186.5,186.43,186.45,58725
2024-02-01 15:08:00,186.45,186.51,186.45,186.5,71568
2024-02-01 15:09:00,186.5,186.63,186.48,186.61,157391
2024-02-01 15:10:00,186.61,186.62,186.34,186.49,153961
2024-02-01 15:11:00,186.49,186.55,186.45,186.52,99532
2024-02-01 15:12:00,186.51,186.55,186.42,186.52,146619
2024-02-01 15:13:00,186.51,186.69,186.51,186.66,143272
2024-02-01 15:14:00,186.67,186.7,186.57,186.62,154288
2024-02-01 15:15:00,186.62,186.69,186.57,186.61,118670
2024-02-01 15:16:00,186.61,186.67,186.6,186.65,66408
2024-02-01 15:17:00,186.65,186.71,186.55,186.62,125062
2024-02-01 15:18:00,186.63,186.69,186.58,186.66,74289
2024-02-01 15:19:00,186.66,186.71,186.63,186.69,74076
2024-02-01 15:20:00,186.68,186.7,186.62,186.64,59596
2024-02-01 15:21:00,186.64,186.65,186.57,186.62,80197
2024-02-01 15:22:00,186.62,186.68,186.59,186.64,78613
2024-02-01 15:23:00,186.64,186.71,186.63,186.7,78160
2024-02-01 15:24:00,186.69,186.74,186.69,186.71,87574
2024-02-01 15:25:00,186.72,186.76,186.67,186.72,129552
2024-02-01 15:26:00,186.72,186.8,186.66,186.69,101446
2024-02-01 15:27:00,186.69,186.69,186.58,186.6,74244
2024-02-01 15:28:00,186.61,186.65,186.58,186.63,61209
2024-02-01 15:29:00,186.64,186.68,186.63,186.66,67686
2024-02-01 15:30:00,186.65,186.7,186.6,186.61,70048
2024-02-01 15:31:00,186.61,186.61,186.5,186.57,79104
2024-02-01 15:32:00,186.58,186.7,186.57,186.65,92664
2024-02-01 15:33:00,186.64,186.65,186.5,186.53,74583
2024-02-01 15:34:00,186.53,186.61,186.53,186.58,52814
2024-02-01 15:35:00,186.56,186.63,186.54,186.62,52745
2024-02-01 15:36:00,186.62,186.64,186.58,186.63,59281
2024-02-01 15:37:00,186.63,186.69,186.59,186.67,102722
2024-02-01 15:38:00,186.67,186.67,186.62,186.64,68247
2024-02-01 15:39:00,186.64,186.79,186.63,186.77,147098
2024-02-01 15:40:00,186.76,186.91,186.74,186.87,181114
2024-02-01 15:41:00,186.86,186.89,186.83,186.86,109190
2024-02-01 15:42:00,186.86,186.88,186.77,186.78,107562
2024-02-01 15:43:00,186.78,186.86,186.72,186.85,131079
2024-02-01 15:44:00,186.85,186.89,186.77,186.82,148382
2024-02-01 15:45:00,186.81,186.83,186.7,186.79,95553
2024-02-01 15:46:00,186.79,186.83,186.66,186.74,180757
2024-02-01 15:47:00,186.74,186.75,186.64,186.67,133057
2024-02-01 15:48:00,186.67,186.72,186.36,186.59,247402
2024-02-01 15:49:00,186.59,186.6,186.46,186.53,139084
2024-02-01 15:50:00,186.53,186.66,186.43,186.5,280030
2024-02-01 15:51:00,186.49,186.72,186.44,186.69,273693
2024-02-01 15:52:00,186.68,186.75,186.56,186.64,252104
2024-02-01 15:53:00,186.63,186.68,186.55,186.61,180420
2024-02-01 15:54:00,186.62,186.64,186.5,186.6,280123
2024-02-01 15:55:00,186.59,186.69,186.58,186.68,277885
2024-02-01 15:56:00,186.69,186.69,186.54,186.6,316508
2024-02-01 15:57:00,186.61,186.79,186.57,186.79,315508
2024-02-01 15:58:00,186.78,186.79,186.65,186.76,368870
2024-02-01 15:59:00,186.75,186.95,186.69,186.89,830791
2024-02-02 09:30:00,179.87,180.53,179.25,180.33,3353343
2024-02-02 09:31:00,180.33,181.4,180.05,181.29,936195
2024-02-02 09:32:00,181.27,181.93,180.6,181.05,943001
2024-02-02 09:33:00,181.02,181.48,180.65,181.21,571090
2024-02-02 09:34:00,181.21,182.4,181.16,181.55,545314
2024-02-02 09:35:00,181.58,182.1,181.4,182.05,526241
2024-02-02 09:36:00,182.05,182.21,181.0,182.17,563927
2024-02-02 09:37:00,182.17,182.51,181.52,182.48,605642
2024-02-02 09:38:00,182.48,182.9,182.28,182.53,579063
2024-02-02 09:39:00,182.53,182.57,181.8,182.18,463587
2024-02-02 09:40:00,182.19,182.39,181.98,182.02,402871
2024-02-02 09:41:00,182.03,182.43,181.96,182.36,365291
2024-02-02 09:42:00,182.37,182.7,182.06,182.64,454727
2024-02-02 09:43:00,182.64,182.95,182.5,182.78,425758
2024-02-02 09:44:00,182.78,182.87,182.33,182.57,354957
2024-02-02 09:45:00,182.57,182.97,182.34,182.89,471674
2024-02-02 09:46:00,182.89,183.31,182.74,183.21,559046
2024-02-02 09:47:00,183.24,183.72,183.2,183.23,663014
2024-02-02 09:48:00,183.24,183.29,182.97,183.15,373456
2024-02-02 09:49:00,183.16,183.45,182.98,183.19,481682
2024-02-02 09:50:00,183.19,183.21,183.01,183.12,390799
2024-02-02 09:51:00,183.09,183.2,182.99,183.09,356558
2024-02-02 09:52:00,183.08,183.1,182.46,182.51,525987
2024-02-02 09:53:00,182.52,182.6,182.02,182.12,471756
2024-02-02 09:54:00,182.12,183.05,182.07,182.41,444695
2024-02-02 09:55:00,182.42,182.5,182.14,182.27,211354
2024-02-02 09:56:00,182.27,182.28,182.01,182.09,293166
2024-02-02 09:57:00,182.1,182.36,182.01,182.32,319434
2024-02-02 09:58:00,182.33,182.4,182.27,182.29,169179
2024-02-02 09:59:00,182.3,182.63,182.26,182.48,242151
2024-02-02 10:00:00,182.5,182.85,182.44,182.76,290060
2024-02-02 10:01:00,182.76,183.05,182.63,183.01,208186
2024-02-02 10:02:00,183.01,183.2,182.84,183.13,317851
2024-02-02 10:03:00,183.12,183.14,182.76,182.94,215250
2024-02-02 10:04:00,182.95,183.17,182.92,182.95,212588
2024-02-02 10:05:00,182.95,183.2,182.92,183.2,276646
2024-02-02 10:06:00,183.2,183.2,183.08,183.15,193799
2024-02-02 10:07:00,183.15,183.2,182.89,182.9,241123
2024-02-02 10:08:00,182.9,183.19,182.84,183.07,162844
2024-02-02 10:09:00,183.06,183.11,182.8,182.96,201881
2024-02-02 10:10:00,182.97,183.15,182.84,183.08,209155
2024-02-02 10:11:00,183.07,183.2,182.91,182.94,221757
2024-02-02 10:12:00,182.94,183.1,182.9,182.99,143160
2024-02-02 10:13:00,182.99,183.03,182.89,182.98,136461
2024-02-02 10:14:00,182.98,183.77,182.94,183.59,475282
2024-02-02 10:15:00,183.58,183.72,183.42,183.64,225573
2024-02-02 10:16:00,183.67,183.97,183.64,183.85,328971
2024-02-02 10:17:00,183.85,183.92,183.71,183.87,200770
2024-02-02 10:18:00,183.89,184.14,183.79,183.93,362633
2024-02-02 10:19:00,183.93,184.0,183.87,183.94,167747
2024-02-02 10:20:00,183.95,184.01,183.79,183.86,204864
2024-02-02 10:21:00,183.85,183.97,183.67,183.68,205563
2024-02-02 10:22:00,183.68,184.06,183.66,183.98,252992
2024-02-02 10:23:00,183.98,184.01,183.9,184.0,178338
2024-02-02 10:24:00,184.0,184.17,183.7,183.76,326344
2024-02-02 10:25:00,183.75,183.81,183.41,183.45,304591
2024-02-02 10:26:00,183.44,183.61,183.36,183.46,184116
2024-02-02 10:27:00,183.45,183.55,183.36,183.51,157028
2024-02-02 10:28:00,183.51,183.56,183.24,183.48,241764
2024-02-02 10:29:00,183.49,183.54,183.29,183.31,147016
2024-02-02 10:30:00,183.33,183.45,183.27,183.32,86703
2024-02-02 10:31:00,183.33,183.55,183.3,183.49,136356
2024-02-02 10:32:00,183.48,183.58,183.33,183.36,196696
2024-02-02 10:33:00,183.37,183.41,183.17,183.19,132246
2024-02-02 10:34:00,183.19,183.41,183.16,183.41,111379
2024-02-02 10:35:00,183.41,183.55,183.27,183.55,118292
2024-02-02 10:36:00,183.55,183.78,183.54,183.63,163208
2024-02-02 10:37:00,183.62,183.78,183.62,183.75,132674
2024-02-02 10:38:00,183.75,184.1,183.73,184.03,183336
2024-02-02 10:39:00,184.04,184.55,184.03,184.41,313387
2024-02-02 10:40:00,184.41,184.63,184.36,184.52,189857
2024-02-02 10:41:00,184.53,184.78,184.46,184.72,246053
2024-02-02 10:42:00,184.71,184.86,184.71,184.78,188776
2024-02-02 10:43:00,184.78,184.96,184.74,184.96,219035
2024-02-02 10:44:00,184.96,185.01,184.89,184.97,362439
2024-02-02 10:45:00,184.96,185.0,184.62,184.77,209851
2024-02-02 10:46:00,184.75,185.08,184.73,185.03,235185
2024-02-02 10:47:00,185.05,185.2,184.95,185.15,252371
2024-02-02 10:48:00,185.15,185.19,185.06,185.12,147420
2024-02-02 10:49:00,185.13,185.19,184.94,184.95,208824
2024-02-02 10:50:00,184.96,185.18,184.91,185.1,150942
2024-02-02 10:51:00,185.11,185.34,185.1,185.23,241813
2024-02-02 10:52:00,185.22,185.45,185.21,185.43,172216
2024-02-02 10:53:00,185.43,185.45,185.25,185.27,229302
2024-02-02 10:54:00,185.26,185.43,185.25,185.33,130466
2024-02-02 10:55:00,185.33,185.64,185.32,185.59,181135
2024-02-02 10:56:00,185.59,185.64,185.5,185.64,244312
2024-02-02 10:57:00,185.64,185.92,185.6,185.92,326155
2024-02-02 10:58:00,185.92,185.94,185.54,185.56,499759
2024-02-02 10:59:00,185.56,185.78,185.49,185.67,258514
2024-02-02 11:00:00,185.67,185.73,185.63,185.64,156773
2024-02-02 11:01:00,185.65,185.65,185.3,185.33,225786
2024-02-02 11:02:00,185.34,185.42,185.15,185.21,200820
2024-02-02 11:03:00,185.21,185.3,185.13,185.14,190595
2024-02-02 11:04:00,185.14,185.33,185.13,185.16,126546
2024-02-02 11:05:00,185.18,185.5,185.17,185.47,123823
2024-02-02 11:06:00,185.47,185.68,185.46,185.64,139050
2024-02-02 11:07:00,185.64,185.83,185.55,185.77,153319
2024-02-02 11:08:00,185.76,185.85,185.68,185.79,146662
2024-02-02 11:09:00,185.8,185.81,185.62,185.75,99238
2024-02-02 11:10:00,185.77,186.14,185.73,186.13,277290
2024-02-02 11:11:00,186.13,186.37,186.08,186.34,225507
2024-02-02 11:12:00,186.35,186.52,186.3,186.5,280177
2024-02-02 11:13:00,186.49,186.8,186.48,186.69,335091
2024-02-02 11:14:00,186.7,186.72,186.38,186.51,409086
2024-02-02 11:15:00,186.52,186.66,186.4,186.59,261760
2024-02-02 11:16:00,186.57,186.9,186.56,186.86,312271
2024-02-02 11:17:00,186.86,187.0,186.76,186.92,312422
2024-02-02 11:18:00,186.91,186.96,186.69,186.72,280634
2024-02-02 11:19:00,186.73,186.77,186.19,186.41,282112
2024-02-02 11:20:00,186.41,186.61,186.09,186.2,252995
2024-02-02 11:21:00,186.2,186.39,186.06,186.36,206478
2024-02-02 11:22:00,186.36,186.7,186.26,186.6,228584
2024-02-02 11:23:00,186.61,186.87,186.55,186.72,208934
2024-02-02 11:24:00,186.74,186.74,186.55,186.6,141455
2024-02-02 11:25:00,186.6,186.7,186.53,186.66,133509
2024-02-02 11:26:00,186.64,186.65,186.39,186.56,309434
2024-02-02 11:27:00,186.54,186.62,186.32,186.62,120600
2024-02-02 11:28:00,186.62,186.8,186.55,186.69,139186
2024-02-02 11:29:00,186.69,187.33,186.68,187.0,316530
2024-02-02 11:30:00,187.01,187.1,186.99,187.06,220481
2024-02-02 11:31:00,187.07,187.09,186.71,186.74,196781
2024-02-02 11:32:00,186.74,186.78,186.53,186.54,143645
2024-02-02 11:33:00,186.53,186.6,186.24,186.44,172481
2024-02-02 11:34:00,186.44,186.6,186.39,186.5,86177
2024-02-02 11:35:00,186.5,186.55,186.37,186.54,147875
2024-02-02 11:36:00,186.55,186.72,186.43,186.54,314126
2024-02-02 11:37:00,186.53,186.53,186.31,186.31,104599
2024-02-02 11:38:00,186.32,186.45,186.31,186.42,67869
2024-02-02 11:39:00,186.42,186.49,186.35,186.4,83297
2024-02-02 11:40:00,186.41,186.43,186.23,186.24,110920
2024-02-02 11:41:00,186.25,186.38,186.07,186.34,168290
2024-02-02 11:42:00,186.34,186.34,186.19,186.24,112307
2024-02-02 11:43:00,186.22,186.24,186.05,186.13,174939
2024-02-02 11:44:00,186.13,186.15,186.05,186.06,160965
2024-02-02 11:45:00,186.07,186.17,186.05,186.13,113030
2024-02-02 11:46:00,186.12,186.19,186.06,186.07,121055
2024-02-02 11:47:00,186.08,186.11,186.0,186.07,136350
2024-02-02 11:48:00,186.08,186.16,186.01,186.02,128109
2024-02-02 11:49:00,186.01,186.08,185.93,185.98,165235
2024-02-02 11:50:00,185.98,186.09,185.93,185.98,206320
2024-02-02 11:51:00,185.99,186.01,185.85,185.97,152278
2024-02-02 11:52:00,185.96,186.08,185.95,186.05,182618
2024-02-02 11:53:00,186.04,186.19,186.01,186.09,139532
2024-02-02 11:54:00,186.08,186.1,185.9,186.03,104650
2024-02-02 11:55:00,186.05,186.06,185.92,185.92,80830
2024-02-02 11:56:00,185.94,186.11,185.83,186.07,258552
2024-02-02 11:57:00,186.08,186.46,186.07,186.34,225646
2024-02-02 11:58:00,186.35,186.35,186.17,186.22,96992
2024-02-02 11:59:00,186.23,186.35,186.19,186.33,79052
2024-02-02 12:00:00,186.34,186.34,186.18,186.32,152026
2024-02-02 12:01:00,186.31,186.4,186.22,186.35,72584
2024-02-02 12:02:00,186.35,186.43,186.32,186.39,94796
2024-02-02 12:03:00,186.39,186.44,186.31,186.38,86340
2024-02-02 12:04:00,186.37,186.53,186.34,186.53,130364
2024-02-02 12:05:00,186.53,186.6,186.43,186.5,107872
2024-02-02 12:06:00,186.49,186.61,186.49,186.61,91438
2024-02-02 12:07:00,186.6,186.61,186.48,186.52,117774
2024-02-02 12:08:00,186.52,186.56,186.38,186.43,110961
2024-02-02 12:09:00,186.44,186.5,186.33,186.41,109831
2024-02-02 12:10:00,186.42,186.5,186.38,186.49,77293
2024-02-02 12:11:00,186.49,186.57,186.42,186.53,110600
2024-02-02 12:12:00,186.54,186.76,186.5,186.51,176957
2024-02-02 12:13:00,186.5,186.55,186.28,186.28,120978
2024-02-02 12:14:00,186.28,186.37,186.22,186.35,79928
2024-02-02 12:15:00,186.34,186.42,186.27,186.42,88645
2024-02-02 12:16:00,186.43,186.65,186.42,186.65,139319
2024-02-02 12:17:00,186.65,186.75,186.54,186.57,134394
2024-02-02 12:18:00,186.57,186.58,186.44,186.58,60196
2024-02-02 12:19:00,186.58,186.67,186.4,186.49,59413
2024-02-02 12:20:00,186.49,186.55,186.48,186.54,62933
2024-02-02 12:21:00,186.55,186.56,186.38,186.5,67175
2024-02-02 12:22:00,186.5,186.56,186.44,186.51,78183
2024-02-02 12:23:00,186.52,186.56,186.49,186.51,73298
2024-02-02 12:24:00,186.53,186.54,186.47,186.53,63614
2024-02-02 12:25:00,186.53,186.56,186.43,186.48,65138
2024-02-02 12:26:00,186.49,186.6,186.49,186.58,90070
2024-02-02 12:27:00,186.57,186.83,186.56,186.73,156208
2024-02-02 12:28:00,186.72,186.97,186.72,186.88,160122
2024-02-02 12:29:00,186.9,187.1,186.87,187.02,180246
2024-02-02 12:30:00,187.03,187.12,186.83,186.84,168329
2024-02-02 12:31:00,186.84,186.85,186.72,186.74,159193
2024-02-02 12:32:00,186.75,186.78,186.61,186.64,113823
2024-02-02 12:33:00,186.63,186.66,186.57,186.59,105513
2024-02-02 12:34:00,186.58,186.65,186.54,186.55,104419
2024-02-02 12:35:00,186.55,186.63,186.53,186.62,92214
2024-02-02 12:36:00,186.62,186.65,186.5,186.57,92037
2024-02-02 12:37:00,186.58,186.59,186.5,186.54,51267
2024-02-02 12:38:00,186.53,186.59,186.5,186.51,58827
2024-02-02 12:39:00,186.52,186.6,186.46,186.6,318179
2024-02-02 12:40:00,186.59,186.6,186.49,186.52,45114
2024-02-02 12:41:00,186.51,186.52,186.39,186.43,91728
2024-02-02 12:42:00,186.43,186.43,186.23,186.23,106173
2024-02-02 12:43:00,186.22,186.24,185.92,185.96,209980
2024-02-02 12:44:00,185.96,186.0,185.51,185.67,371469
2024-02-02 12:45:00,185.68,185.77,185.52,185.64,177054
2024-02-02 12:46:00,185.66,185.68,185.41,185.5,213676
2024-02-02 12:47:00,185.51,185.68,185.46,185.66,96083
2024-02-02 12:48:00,185.66,185.8,185.66,185.74,129172
2024-02-02 12:49:00,185.75,185.77,185.62,185.68,104960
2024-02-02 12:50:00,185.68,185.75,185.58,185.7,140903
2024-02-02 12:51:00,185.68,185.68,185.32,185.33,159849
2024-02-02 12:52:00,185.34,185.44,185.31,185.34,100603
2024-02-02 12:53:00,185.35,185.45,185.28,185.43,95113
2024-02-02 12:54:00,185.43,185.5,185.37,185.4,78921
2024-02-02 12:55:00,185.4,185.44,185.28,185.43,99552
2024-02-02 12:56:00,185.44,185.46,185.28,185.31,94505
2024-02-02 12:57:00,185.3,185.32,185.12,185.13,130894
2024-02-02 12:58:00,185.13,185.24,185.12,185.19,107457
2024-02-02 12:59:00,185.19,185.3,185.17,185.28,117726
2024-02-02 13:00:00,185.28,185.48,185.27,185.46,175704
2024-02-02 13:01:00,185.45,185.53,185.35,185.37,84122
2024-02-02 13:02:00,185.36,185.43,185.2,185.3,115612
2024-02-02 13:03:00,185.3,185.35,185.22,185.28,91546
2024-02-02 13:04:00,185.28,185.32,185.21,185.3,65758
2024-02-02 13:05:00,185.3,185.37,185.25,185.35,82471
2024-02-02 13:06:00,185.34,185.47,185.33,185.41,86740
2024-02-02 13:07:00,185.41,185.41,185.26,185.31,59189
2024-02-02 13:08:00,185.31,185.32,185.1,185.11,105721
2024-02-02 13:09:00,185.1,185.12,184.85,184.92,232348
2024-02-02 13:10:00,184.93,185.14,184.92,185.03,144605
2024-02-02 13:11:00,185.03,185.15,184.93,185.14,116571
2024-02-02 13:12:00,185.14,185.36,185.14,185.34,165954
2024-02-02 13:13:00,185.34,185.69,185.32,185.56,172531
2024-02-02 13:14:00,185.57,185.6,185.5,185.57,73523
2024-02-02 13:15:00,185.56,185.56,185.31,185.45,108808
2024-02-02 13:16:00,185.46,185.52,185.42,185.47,52338
2024-02-02 13:17:00,185.48,185.66,185.47,185.62,71103
2024-02-02 13:18:00,185.61,185.78,185.59,185.77,85858
2024-02-02 13:19:00,185.76,185.82,185.67,185.74,89090
2024-02-02 13:20:00,185.74,185.86,185.73,185.83,114341
2024-02-02 13:21:00,185.82,185.87,185.79,185.82,92468
2024-02-02 13:22:00,185.83,185.93,185.79,185.8,106286
2024-02-02 13:23:00,185.81,185.95,185.79,185.84,118849
2024-02-02 13:24:00,185.84,185.95,185.82,185.95,78815
2024-02-02 13:25:00,185.94,185.95,185.83,185.92,152616
2024-02-02 13:26:00,185.91,185.92,185.79,185.85,126948
2024-02-02 13:27:00,185.85,185.95,185.84,185.86,69365
2024-02-02 13:28:00,185.86,186.02,185.86,186.02,87922
2024-02-02 13:29:00,186.02,186.16,185.99,186.03,68749
2024-02-02 13:30:00,186.04,186.06,185.94,186.06,63904
2024-02-02 13:31:00,186.06,186.16,185.98,186.0,91711
2024-02-02 13:32:00,186.0,186.12,185.92,186.02,60367
2024-02-02 13:33:00,186.01,186.02,185.78,185.82,96309
2024-02-02 13:34:00,185.81,185.9,185.72,185.81,77243
2024-02-02 13:35:00,185.81,185.96,185.79,185.94,105258
2024-02-02 13:36:00,185.94,185.96,185.86,185.89,73958
2024-02-02 13:37:00,185.89,185.93,185.79,185.89,119516
2024-02-02 13:38:00,185.9,186.15,185.89,186.13,99849
2024-02-02 13:39:00,186.13,186.23,186.13,186.18,107580
2024-02-02 13:40:00,186.18,186.24,186.15,186.22,116321
2024-02-02 13:41:00,186.22,186.22,186.05,186.05,83934
2024-02-02 13:42:00,186.06,186.07,185.96,186.04,50721
2024-02-02 13:43:00,186.03,186.1,185.9,185.94,58667
2024-02-02 13:44:00,185.95,186.06,185.95,186.05,52404
2024-02-02 13:45:00,186.06,186.14,185.99,186.06,63426
2024-02-02 13:46:00,186.06,186.09,186.03,186.09,45477
2024-02-02 13:47:00,186.07,186.13,185.99,185.99,68467
2024-02-02 13:48:00,186.0,186.01,185.84,185.91,95120
2024-02-02 13:49:00,185.9,185.91,185.76,185.88,100687
2024-02-02 13:50:00,185.88,185.99,185.88,185.96,55840
2024-02-02 13:51:00,185.96,185.99,185.88,185.9,39186
2024-02-02 13:52:00,185.88,185.94,185.85,185.91,44624
2024-02-02 13:53:00,185.92,185.97,185.91,185.93,35440
2024-02-02 13:54:00,185.93,185.93,185.76,185.8,57767
2024-02-02 13:55:00,185.81,185.81,185.72,185.74,55675
2024-02-02 13:56:00,185.75,185.79,185.66,185.69,64353
2024-02-02 13:57:00,185.68,185.79,185.66,185.79,58898
2024-02-02 13:58:00,185.79,185.92,185.79,185.88,54425
2024-02-02 13:59:00,185.87,185.93,185.82,185.92,42640
2024-02-02 14:00:00,185.93,185.98,185.91,185.97,61889
2024-02-02 14:01:00,185.98,186.02,185.92,185.96,77630
2024-02-02 14:02:00,185.96,186.09,185.95,186.08,97770
2024-02-02 14:03:00,186.08,186.1,185.95,185.98,72664
2024-02-02 14:04:00,185.99,186.04,185.87,185.88,52601
2024-02-02 14:05:00,185.88,185.89,185.81,185.85,75493
2024-02-02 14:06:00,185.87,185.91,185.78,185.8,70077
2024-02-02 14:07:00,185.79,185.8,185.67,185.7,57270
2024-02-02 14:08:00,185.69,185.79,185.69,185.73,72657
2024-02-02 14:09:00,185.73,185.79,185.72,185.77,67315
2024-02-02 14:10:00,185.77,185.83,185.76,185.78,68063
2024-02-02 14:11:00,185.77,185.78,185.69,185.73,47363
2024-02-02 14:12:00,185.72,185.73,185.67,185.71,35394
2024-02-02 14:13:00,185.71,185.78,185.66,185.78,59370
2024-02-02 14:14:00,185.75,185.97,185.75,185.87,98154
2024-02-02 14:15:00,185.87,185.87,185.79,185.81,47032
2024-02-02 14:16:00,185.83,185.89,185.75,185.88,61575
2024-02-02 14:17:00,185.88,185.94,185.86,185.93,36633
2024-02-02 14:18:00,185.93,185.98,185.82,185.94,105110
2024-02-02 14:19:00,185.94,185.94,185.74,185.74,80930
2024-02-02 14:20:00,185.74,185.8,185.72,185.77,69034
2024-02-02 14:21:00,185.77,185.79,185.67,185.71,63791
2024-02-02 14:22:00,185.71,185.74,185.59,185.69,79389
2024-02-02 14:23:00,185.69,185.79,185.69,185.78,63173
2024-02-02 14:24:00,185.78,185.93,185.76,185.91,82176
2024-02-02 14:25:00,185.91,185.95,185.9,185.94,40190
2024-02-02 14:26:00,185.94,186.03,185.94,185.99,66983
2024-02-02 14:27:00,185.98,186.06,185.93,186.03,78495
2024-02-02 14:28:00,186.03,186.14,186.03,186.12,76699
2024-02-02 14:29:00,186.11,186.14,186.06,186.08,58237
2024-02-02 14:30:00,186.09,186.18,186.08,186.18,69272
2024-02-02 14:31:00,186.18,186.31,186.17,186.27,155677
2024-02-02 14:32:00,186.27,186.49,186.2,186.49,140145
2024-02-02 14:33:00,186.48,186.53,186.46,186.48,98311
2024-02-02 14:34:00,186.48,186.5,186.36,186.47,72821
2024-02-02 14:35:00,186.46,186.56,186.3,186.31,126094
2024-02-02 14:36:00,186.32,186.36,186.23,186.25,92959
2024-02-02 14:37:00,186.26,186.32,186.23,186.3,48619
2024-02-02 14:38:00,186.32,186.42,186.31,186.37,69222
2024-02-02 14:39:00,186.37,186.37,186.25,186.35,59966
2024-02-02 14:40:00,186.36,186.42,186.28,186.42,71504
2024-02-02 14:41:00,186.41,186.48,186.4,186.46,88847
2024-02-02 14:42:00,186.45,186.5,186.41,186.45,67054
2024-02-02 14:43:00,186.44,186.47,186.39,186.4,43797
2024-02-02 14:44:00,186.4,186.44,186.24,186.29,75113
2024-02-02 14:45:00,186.28,186.5,186.23,186.41,114553
2024-02-02 14:46:00,186.41,186.5,186.41,186.49,52421
2024-02-02 14:47:00,186.49,186.61,186.48,186.6,76051
2024-02-02 14:48:00,186.6,186.62,186.44,186.49,89282
2024-02-02 14:49:00,186.48,186.61,186.48,186.59,61274
2024-02-02 14:50:00,186.59,186.73,186.58,186.73,102578
2024-02-02 14:51:00,186.73,186.83,186.71,186.8,105410
2024-02-02 14:52:00,186.79,186.87,186.79,186.85,71526
2024-02-02 14:53:00,186.86,186.86,186.73,186.82,103595
2024-02-02 14:54:00,186.83,186.84,186.74,186.76,74113
2024-02-02 14:55:00,186.75,186.81,186.71,186.73,74251
2024-02-02 14:56:00,186.74,186.83,186.65,186.8,82289
2024-02-02 14:57:00,186.81,186.83,186.77,186.81,65747
2024-02-02 14:58:00,186.82,186.95,186.81,186.92,109019
2024-02-02 14:59:00,186.92,187.02,186.91,186.98,135100
2024-02-02 15:00:00,186.99,187.07,186.95,186.98,106507
2024-02-02 15:01:00,186.97,187.0,186.89,187.0,76534
2024-02-02 15:02:00,187.0,187.0,186.8,186.87,97410
2024-02-02 15:03:00,186.85,186.91,186.8,186.84,97831
2024-02-02 15:04:00,186.84,186.91,186.78,186.81,138475
2024-02-02 15:05:00,186.81,186.86,186.77,186.86,171457
2024-02-02 15:06:00,186.86,186.88,186.76,186.77,91163
2024-02-02 15:07:00,186.76,186.76,186.62,186.66,159891
2024-02-02 15:08:00,186.64,186.67,186.59,186.6,91993
2024-02-02 15:09:00,186.63,186.71,186.59,186.63,106126
2024-02-02 15:10:00,186.63,186.78,186.6,186.78,100636
2024-02-02 15:11:00,186.77,186.85,186.62,186.64,133351
2024-02-02 15:12:00,186.64,186.68,186.49,186.51,135641
2024-02-02 15:13:00,186.51,186.52,186.45,186.48,104915
2024-02-02 15:14:00,186.48,186.55,186.46,186.52,100885
2024-02-02 15:15:00,186.53,186.69,186.51,186.66,80967
2024-02-02 15:16:00,186.66,186.78,186.66,186.76,106189
2024-02-02 15:17:00,186.76,186.77,186.66,186.69,75351
2024-02-02 15:18:00,186.68,186.82,186.65,186.81,316375
2024-02-02 15:19:00,186.81,186.89,186.75,186.88,93966
2024-02-02 15:20:00,186.88,186.89,186.75,186.85,86623
2024-02-02 15:21:00,186.84,186.85,186.75,186.82,99571
2024-02-02 15:22:00,186.82,186.83,186.72,186.77,115064
2024-02-02 15:23:00,186.77,186.77,186.57,186.62,136297
2024-02-02 15:24:00,186.62,186.67,186.49,186.49,127163
2024-02-02 15:25:00,186.5,186.61,186.45,186.58,146167
2024-02-02 15:26:00,186.58,186.71,186.56,186.71,91149
2024-02-02 15:27:00,186.7,186.78,186.66,186.71,150742
2024-02-02 15:28:00,186.73,186.77,186.66,186.76,88986
2024-02-02 15:29:00,186.76,186.77,186.7,186.73,74584
2024-02-02 15:30:00,186.74,186.74,186.66,186.68,79528
2024-02-02 15:31:00,186.68,186.69,186.52,186.53,99959
2024-02-02 15:32:00,186.53,186.57,186.38,186.44,128045
2024-02-02 15:33:00,186.44,186.44,186.28,186.31,119826
2024-02-02 15:34:00,186.31,186.32,186.17,186.3,133310
2024-02-02 15:35:00,186.3,186.42,186.23,186.39,111421
2024-02-02 15:36:00,186.4,186.55,186.36,186.54,136854
2024-02-02 15:37:00,186.54,186.57,186.45,186.49,120481
2024-02-02 15:38:00,186.5,186.5,186.45,186.47,117372
2024-02-02 15:39:00,186.48,186.56,186.46,186.54,101600
2024-02-02 15:40:00,186.55,186.61,186.5,186.58,172695
2024-02-02 15:41:00,186.58,186.63,186.5,186.54,112648
2024-02-02 15:42:00,186.56,186.56,186.49,186.53,102559
2024-02-02 15:43:00,186.53,186.55,186.48,186.5,146774
2024-02-02 15:44:00,186.5,186.54,186.42,186.43,143192
2024-02-02 15:45:00,186.42,186.56,186.41,186.56,213579
2024-02-02 15:46:00,186.56,186.59,186.37,186.52,218488
2024-02-02 15:47:00,186.52,186.55,186.42,186.44,161797
2024-02-02 15:48:00,186.43,186.68,186.43,186.63,143920
2024-02-02 15:49:00,186.65,186.65,186.5,186.52,135582
2024-02-02 15:50:00,186.51,186.59,186.45,186.58,176294
2024-02-02 15:51:00,186.57,186.74,186.53,186.74,179632
2024-02-02 15:52:00,186.74,186.77,186.65,186.75,312797
2024-02-02 15:53:00,186.74,186.75,186.6,186.69,252884
2024-02-02 15:54:00,186.68,186.82,186.54,186.63,381690
2024-02-02 15:55:00,186.63,186.89,186.44,186.47,301794
2024-02-02 15:56:00,186.47,186.49,186.4,186.42,224333
2024-02-02 15:57:00,186.41,186.42,186.27,186.38,306943
2024-02-02 15:58:00,186.38,186.43,186.23,186.27,435616
2024-02-02 15:59:00,186.27,186.27,185.83,185.84,1304924
2024-02-05 09:30:00,188.13,188.28,187.11,187.15,1586214
2024-02-05 09:31:00,187.21,187.87,187.12,187.4,391266
2024-02-05 09:32:00,187.4,187.5,186.94,187.06,257473
2024-02-05 09:33:00,187.11,187.77,187.05,187.57,279031
2024-02-05 09:34:00,187.57,187.74,187.19,187.26,287664
2024-02-05 09:35:00,187.28,187.51,186.81,186.84,243092
2024-02-05 09:36:00,186.85,187.01,186.71,186.78,211264
2024-02-05 09:37:00,186.79,187.16,186.79,186.9,245641
2024-02-05 09:38:00,186.89,186.89,186.27,186.35,197622
2024-02-05 09:39:00,186.34,186.48,186.2,186.39,214604
2024-02-05 09:40:00,186.38,186.4,186.06,186.07,241774
2024-02-05 09:41:00,186.08,186.22,185.93,186.09,353298
2024-02-05 09:42:00,186.09,186.21,185.96,186.06,196801
2024-02-05 09:43:00,186.05,186.25,185.96,186.23,137616
2024-02-05 09:44:00,186.24,186.3,186.03,186.03,201859
2024-02-05 09:45:00,186.04,186.04,185.84,185.94,276518
2024-02-05 09:46:00,185.95,186.11,185.89,185.91,340349
2024-02-05 09:47:00,185.91,186.07,185.89,186.05,154161
2024-02-05 09:48:00,186.04,186.22,185.98,186.12,294040
2024-02-05 09:49:00,186.11,186.36,186.04,186.34,214421
2024-02-05 09:50:00,186.35,186.51,186.26,186.41,188171
2024-02-05 09:51:00,186.41,186.51,186.39,186.41,153340
2024-02-05 09:52:00,186.43,186.45,186.26,186.43,120386
2024-02-05 09:53:00,186.45,186.55,186.34,186.49,129908
2024-02-05 09:54:00,186.47,186.58,186.4,186.41,124186
2024-02-05 09:55:00,186.41,186.59,186.39,186.53,158240
2024-02-05 09:56:00,186.53,186.55,186.42,186.53,115179
2024-02-05 09:57:00,186.54,186.63,186.46,186.56,152057
2024-02-05 09:58:00,186.56,186.73,186.56,186.66,130991
2024-02-05 09:59:00,186.65,186.66,186.51,186.58,147717
2024-02-05 10:00:00,186.56,186.77,186.42,186.52,243467
2024-02-05 10:01:00,186.53,186.57,186.37,186.47,119855
2024-02-05 10:02:00,186.48,186.74,186.46,186.6,184836
2024-02-05 10:03:00,186.62,186.79,186.56,186.69,143000
2024-02-05 10:04:00,186.69,186.84,186.69,186.71,156478
2024-02-05 10:05:00,186.72,187.11,186.72,187.11,388965
2024-02-05 10:06:00,187.11,187.45,187.03,187.43,299522
2024-02-05 10:07:00,187.42,187.42,187.1,187.16,228648
2024-02-05 10:08:00,187.17,187.45,187.13,187.45,212286
2024-02-05 10:09:00,187.46,187.54,187.3,187.37,161827
2024-02-05 10:10:00,187.39,187.93,187.39,187.9,245723
2024-02-05 10:11:00,187.9,188.21,187.88,188.06,453929
2024-02-05 10:12:00,188.06,188.12,187.85,187.98,218711
2024-02-05 10:13:00,187.97,188.02,187.85,187.96,260274
2024-02-05 10:14:00,187.97,188.24,187.82,188.24,202634
2024-02-05 10:15:00,188.25,188.36,187.81,187.86,302062
2024-02-05 10:16:00,187.83,187.86,187.56,187.59,375412
2024-02-05 10:17:00,187.58,187.63,187.51,187.55,310341
2024-02-05 10:18:00,187.55,187.58,187.12,187.32,226578
2024-02-05 10:19:00,187.31,187.55,187.11,187.45,246876
2024-02-05 10:20:00,187.45,187.48,187.29,187.43,96103
2024-02-05 10:21:00,187.42,187.47,187.01,187.02,167831
2024-02-05 10:22:00,187.02,187.02,186.61,186.63,273879
2024-02-05 10:23:00,186.63,186.78,186.52,186.77,161482
2024-02-05 10:24:00,186.77,186.95,186.76,186.94,145842
2024-02-05 10:25:00,186.95,186.98,186.7,186.76,213260
2024-02-05 10:26:00,186.76,186.89,186.64,186.67,91476
2024-02-05 10:27:00,186.64,186.68,186.53,186.56,75022
2024-02-05 10:28:00,186.56,186.74,186.54,186.67,82330
2024-02-05 10:29:00,186.67,186.75,186.63,186.7,107223
2024-02-05 10:30:00,186.67,186.74,186.55,186.59,98238
2024-02-05 10:31:00,186.59,186.63,186.26,186.39,233154
2024-02-05 10:32:00,186.4,186.41,186.26,186.28,125250
2024-02-05 10:33:00,186.29,186.46,186.26,186.38,140882
2024-02-05 10:34:00,186.38,186.52,186.37,186.5,70284
2024-02-05 10:35:00,186.52,186.68,186.4,186.47,165317
2024-02-05 10:36:00,186.46,186.58,186.38,186.38,78395
2024-02-05 10:37:00,186.38,186.6,186.38,186.52,76481
2024-02-05 10:38:00,186.52,186.69,186.52,186.6,74095
2024-02-05 10:39:00,186.6,186.65,186.55,186.63,67302
2024-02-05 10:40:00,186.63,186.65,186.3,186.31,93829
2024-02-05 10:41:00,186.31,186.39,186.26,186.35,98128
2024-02-05 10:42:00,186.34,186.36,186.15,186.15,130217
2024-02-05 10:43:00,186.17,186.39,186.15,186.31,122932
2024-02-05 10:44:00,186.32,186.39,186.19,186.28,80053
2024-02-05 10:45:00,186.27,186.3,186.11,186.15,137288
2024-02-05 10:46:00,186.15,186.3,186.15,186.22,78908
2024-02-05 10:47:00,186.22,186.3,186.21,186.23,72612
2024-02-05 10:48:00,186.24,186.39,186.17,186.38,140461
2024-02-05 10:49:00,186.37,186.5,186.29,186.49,79281
2024-02-05 10:50:00,186.49,186.55,186.46,186.5,106416
2024-02-05 10:51:00,186.5,186.56,186.42,186.5,100659
2024-02-05 10:52:00,186.49,186.53,186.44,186.5,69227
2024-02-05 10:53:00,186.49,186.53,186.44,186.51,53821
2024-02-05 10:54:00,186.5,186.67,186.49,186.63,105387
2024-02-05 10:55:00,186.62,186.72,186.59,186.72,68771
2024-02-05 10:56:00,186.71,186.98,186.71,186.98,144606
2024-02-05 10:57:00,186.97,186.99,186.85,186.89,100553
2024-02-05 10:58:00,186.89,186.99,186.85,186.97,109726
2024-02-05 10:59:00,186.98,187.06,186.86,186.9,105562
2024-02-05 11:00:00,186.89,186.91,186.78,186.88,92736
2024-02-05 11:01:00,186.89,187.11,186.81,187.09,102551
2024-02-05 11:02:00,187.09,187.18,187.01,187.1,134489
2024-02-05 11:03:00,187.09,187.14,187.05,187.13,75082
2024-02-05 11:04:00,187.12,187.16,187.07,187.16,108784
2024-02-05 11:05:00,187.16,187.19,187.02,187.11,134607
2024-02-05 11:06:00,187.11,187.24,187.06,187.1,109127
2024-02-05 11:07:00,187.09,187.3,187.09,187.27,81363
2024-02-05 11:08:00,187.27,187.29,187.16,187.19,89583
2024-02-05 11:09:00,187.19,187.35,187.19,187.29,93868
2024-02-05 11:10:00,187.3,187.36,187.28,187.33,69578
2024-02-05 11:11:00,187.33,187.41,187.32,187.4,111614
2024-02-05 11:12:00,187.4,187.59,187.36,187.53,142936
2024-02-05 11:13:00,187.55,187.55,187.39,187.42,102883
2024-02-05 11:14:00,187.43,187.46,187.32,187.41,115806
2024-02-05 11:15:00,187.41,187.49,187.39,187.46,91031
2024-02-05 11:16:00,187.46,187.51,187.37,187.48,93620
2024-02-05 11:17:00,187.48,187.59,187.47,187.57,103216
2024-02-05 11:18:00,187.56,187.59,187.47,187.55,82592
2024-02-05 11:19:00,187.56,187.72,187.55,187.71,94339
2024-02-05 11:20:00,187.71,187.76,187.64,187.7,85652
2024-02-05 11:21:00,187.69,187.76,187.55,187.71,131652
2024-02-05 11:22:00,187.71,187.73,187.47,187.49,96657
2024-02-05 11:23:00,187.5,187.52,187.39,187.4,135071
2024-02-05 11:24:00,187.41,187.43,187.29,187.34,115138
2024-02-05 11:25:00,187.34,187.45,187.32,187.34,100396
2024-02-05 11:26:00,187.32,187.38,187.3,187.3,95875
2024-02-05 11:27:00,187.3,187.38,187.28,187.36,94386
2024-02-05 11:28:00,187.35,187.36,187.27,187.29,73953
2024-02-05 11:29:00,187.29,187.29,187.21,187.25,81134
2024-02-05 11:30:00,187.25,187.5,187.23,187.44,95933
2024-02-05 11:31:00,187.44,187.45,187.38,187.39,65872
2024-02-05 11:32:00,187.4,187.49,187.37,187.46,100585
2024-02-05 11:33:00,187.45,187.47,187.27,187.31,97068
2024-02-05 11:34:00,187.31,187.48,187.31,187.48,63669
2024-02-05 11:35:00,187.48,187.5,187.37,187.39,61494
2024-02-05 11:36:00,187.38,187.42,187.3,187.4,65671
2024-02-05 11:37:00,187.39,187.52,187.34,187.51,87953
2024-02-05 11:38:00,187.52,187.6,187.51,187.58,73645
2024-02-05 11:39:00,187.59,187.64,187.56,187.58,74322
2024-02-05 11:40:00,187.59,187.59,187.51,187.51,64622
2024-02-05 11:41:00,187.51,187.55,187.39,187.45,127296
2024-02-05 11:42:00,187.43,187.47,187.27,187.37,119636
2024-02-05 11:43:00,187.37,187.37,187.27,187.29,87818
2024-02-05 11:44:00,187.29,187.34,187.23,187.34,73790
2024-02-05 11:45:00,187.34,187.62,187.34,187.56,114412
2024-02-05 11:46:00,187.57,187.67,187.54,187.6,95831
2024-02-05 11:47:00,187.61,187.63,187.51,187.59,59740
2024-02-05 11:48:00,187.59,187.74,187.57,187.66,115153
2024-02-05 11:49:00,187.66,187.73,187.65,187.7,63706
2024-02-05 11:50:00,187.7,187.76,187.64,187.76,53170
2024-02-05 11:51:00,187.76,187.81,187.75,187.79,104383
2024-02-05 11:52:00,187.78,187.86,187.77,187.86,114980
2024-02-05 11:53:00,187.86,187.98,187.84,187.98,141176
2024-02-05 11:54:00,187.99,187.99,187.84,187.84,91798
2024-02-05 11:55:00,187.83,187.97,187.81,187.96,95238
2024-02-05 11:56:00,187.97,188.03,187.95,188.02,190049
2024-02-05 11:57:00,188.02,188.06,187.96,188.06,86683
2024-02-05 11:58:00,188.06,188.07,188.01,188.06,83606
2024-02-05 11:59:00,188.06,188.11,187.97,187.99,142538
2024-02-05 12:00:00,187.98,187.98,187.89,187.94,156938
2024-02-05 12:01:00,187.94,188.04,187.89,188.01,157856
2024-02-05 12:02:00,188.0,188.07,187.98,188.07,65340
2024-02-05 12:03:00,188.08,188.17,188.04,188.09,130464
2024-02-05 12:04:00,188.09,188.12,188.02,188.08,72517
2024-02-05 12:05:00,188.09,188.19,188.09,188.18,64737
2024-02-05 12:06:00,188.18,188.22,188.08,188.1,91652
2024-02-05 12:07:00,188.11,188.15,188.1,188.14,66507
2024-02-05 12:08:00,188.15,188.29,188.14,188.28,128399
2024-02-05 12:09:00,188.28,188.42,188.25,188.36,152621
2024-02-05 12:10:00,188.37,188.46,188.35,188.44,132329
2024-02-05 12:11:00,188.44,188.49,188.29,188.3,150250
2024-02-05 12:12:00,188.3,188.32,188.2,188.21,150429
2024-02-05 12:13:00,188.21,188.23,188.13,188.18,99644
2024-02-05 12:14:00,188.18,188.25,188.13,188.13,109276
2024-02-05 12:15:00,188.14,188.18,188.1,188.14,65885
2024-02-05 12:16:00,188.14,188.3,188.13,188.17,90495
2024-02-05 12:17:00,188.17,188.17,188.12,188.15,47906
2024-02-05 12:18:00,188.14,188.19,188.12,188.19,50651
2024-02-05 12:19:00,188.19,188.26,188.18,188.2,84890
2024-02-05 12:20:00,188.21,188.24,188.15,188.24,38222
2024-02-05 12:21:00,188.23,188.25,188.05,188.18,162029
2024-02-05 12:22:00,188.18,188.26,188.13,188.14,77256
2024-02-05 12:23:00,188.15,188.22,188.14,188.17,46316
2024-02-05 12:24:00,188.17,188.31,188.12,188.28,84954
2024-02-05 12:25:00,188.29,188.29,188.17,188.21,51384
2024-02-05 12:26:00,188.2,188.26,188.16,188.24,58195
2024-02-05 12:27:00,188.23,188.33,188.21,188.31,70928
2024-02-05 12:28:00,188.32,188.36,188.31,188.36,71323
2024-02-05 12:29:00,188.36,188.43,188.34,188.43,115675
2024-02-05 12:30:00,188.43,188.58,188.42,188.58,162150
2024-02-05 12:31:00,188.58,188.62,188.51,188.62,104762
2024-02-05 12:32:00,188.62,188.78,188.61,188.75,253488
2024-02-05 12:33:00,188.75,188.84,188.71,188.83,149803
2024-02-05 12:34:00,188.84,188.85,188.78,188.8,202490
2024-02-05 12:35:00,188.81,188.81,188.65,188.68,98443
2024-02-05 12:36:00,188.68,188.74,188.61,188.65,128589
2024-02-05 12:37:00,188.66,188.8,188.62,188.8,105667
2024-02-05 12:38:00,188.8,188.93,188.77,188.91,165296
2024-02-05 12:39:00,188.92,189.02,188.92,189.0,136272
2024-02-05 12:40:00,189.0,189.09,189.0,189.0,114000
2024-02-05 12:41:00,189.0,189.11,188.97,189.04,120851
2024-02-05 12:42:00,189.05,189.09,188.83,188.87,93399
2024-02-05 12:43:00,188.87,189.1,188.86,189.09,171754
2024-02-05 12:44:00,189.1,189.19,189.08,189.19,130197
2024-02-05 12:45:00,189.19,189.22,189.11,189.13,109867
2024-02-05 12:46:00,189.12,189.16,189.03,189.09,153561
2024-02-05 12:47:00,189.08,189.11,189.0,189.03,118773
2024-02-05 12:48:00,189.02,189.13,189.01,189.05,86532
2024-02-05 12:49:00,189.05,189.18,189.04,189.11,71118
2024-02-05 12:50:00,189.11,189.19,189.08,189.18,112994
2024-02-05 12:51:00,189.18,189.2,189.07,189.09,133085
2024-02-05 12:52:00,189.09,189.15,189.01,189.03,82296
2024-02-05 12:53:00,189.02,189.09,189.01,189.07,108364
2024-02-05 12:54:00,189.08,189.22,189.08,189.19,133751
2024-02-05 12:55:00,189.2,189.25,189.11,189.22,121194
2024-02-05 12:56:00,189.23,189.25,189.08,189.12,124885
2024-02-05 12:57:00,189.13,189.24,189.09,189.24,103861
2024-02-05 12:58:00,189.23,189.25,189.17,189.17,80482
2024-02-05 12:59:00,189.18,189.2,189.06,189.06,59661
2024-02-05 13:00:00,189.07,189.07,188.99,189.03,121572
2024-02-05 13:01:00,189.03,189.08,188.73,189.03,194370
2024-02-05 13:02:00,189.02,189.04,188.93,189.0,91007
2024-02-05 13:03:00,188.99,189.0,188.9,188.96,56316
2024-02-05 13:04:00,188.97,188.99,188.89,188.98,73471
2024-02-05 13:05:00,188.98,189.05,188.92,188.96,73460
2024-02-05 13:06:00,188.97,189.04,188.97,189.01,64222
2024-02-05 13:07:00,189.02,189.04,188.99,189.02,73081
2024-02-05 13:08:00,189.02,189.04,188.91,188.95,79177
2024-02-05 13:09:00,188.95,188.95,188.83,188.86,82926
2024-02-05 13:10:00,188.86,188.87,188.77,188.8,132216
2024-02-05 13:11:00,188.81,188.88,188.81,188.86,54460
2024-02-05 13:12:00,188.87,188.89,188.79,188.8,64053
2024-02-05 13:13:00,188.8,188.92,188.8,188.86,64507
2024-02-05 13:14:00,188.86,188.95,188.84,188.94,77378
2024-02-05 13:15:00,188.94,188.95,188.79,188.8,84125
2024-02-05 13:16:00,188.81,188.91,188.79,188.84,55850
2024-02-05 13:17:00,188.83,188.91,188.8,188.87,52582
2024-02-05 13:18:00,188.86,188.87,188.73,188.76,85664
2024-02-05 13:19:00,188.77,188.8,188.68,188.73,67076
2024-02-05 13:20:00,188.72,188.79,188.65,188.78,78273
2024-02-05 13:21:00,188.78,188.8,188.73,188.77,70175
2024-02-05 13:22:00,188.77,188.79,188.72,188.78,43251
2024-02-05 13:23:00,188.79,188.91,188.79,188.83,104263
2024-02-05 13:24:00,188.84,188.91,188.83,188.9,72657
2024-02-05 13:25:00,188.9,188.91,188.7,188.72,87008
2024-02-05 13:26:00,188.71,188.77,188.61,188.64,102417
2024-02-05 13:27:00,188.64,188.7,188.61,188.64,53143
2024-02-05 13:28:00,188.65,188.74,188.64,188.69,53257
2024-02-05 13:29:00,188.69,188.69,188.53,188.54,109944
2024-02-05 13:30:00,188.54,188.66,188.54,188.64,61575
2024-02-05 13:31:00,188.64,188.74,188.6,188.73,84292
2024-02-05 13:32:00,188.72,188.86,188.7,188.84,66158
2024-02-05 13:33:00,188.85,188.89,188.83,188.89,77643
2024-02-05 13:34:00,188.89,188.95,188.89,188.95,57665
2024-02-05 13:35:00,188.94,189.0,188.91,188.97,65864
2024-02-05 13:36:00,188.96,189.02,188.89,188.9,101416
2024-02-05 13:37:00,188.89,189.0,188.87,188.91,65095
2024-02-05 13:38:00,188.92,188.92,188.84,188.91,43590
2024-02-05 13:39:00,188.91,188.91,188.79,188.84,63681
2024-02-05 13:40:00,188.85,188.87,188.76,188.77,44805
2024-02-05 13:41:00,188.78,188.8,188.67,188.69,59724
2024-02-05 13:42:00,188.7,188.8,188.68,188.8,63042
2024-02-05 13:43:00,188.81,188.87,188.77,188.86,42989
2024-02-05 13:44:00,188.87,188.9,188.81,188.83,35363
2024-02-05 13:45:00,188.82,188.86,188.74,188.74,50144
2024-02-05 13:46:00,188.75,188.85,188.73,188.83,53535
2024-02-05 13:47:00,188.81,188.83,188.76,188.77,33830
2024-02-05 13:48:00,188.77,188.8,188.72,188.73,40560
2024-02-05 13:49:00,188.73,188.82,188.72,188.81,50837
2024-02-05 13:50:00,188.81,188.88,188.8,188.84,46544
2024-02-05 13:51:00,188.84,188.88,188.81,188.86,43600
2024-02-05 13:52:00,188.85,188.87,188.68,188.7,75257
2024-02-05 13:53:00,188.7,188.72,188.56,188.62,80439
2024-02-05 13:54:00,188.62,188.66,188.58,188.6,68031
2024-02-05 13:55:00,188.59,188.6,188.53,188.58,75149
2024-02-05 13:56:00,188.59,188.71,188.58,188.71,99645
2024-02-05 13:57:00,188.72,188.77,188.68,188.76,61875
2024-02-05 13:58:00,188.77,188.78,188.7,188.72,42846
2024-02-05 13:59:00,188.72,188.78,188.71,188.72,47823
2024-02-05 14:00:00,188.72,188.74,188.6,188.62,46744
2024-02-05 14:01:00,188.62,188.7,188.6,188.61,68093
2024-02-05 14:02:00,188.62,188.69,188.61,188.64,52513
2024-02-05 14:03:00,188.65,188.74,188.63,188.73,52592
2024-02-05 14:04:00,188.73,188.79,188.72,188.75,52860
2024-02-05 14:05:00,188.76,188.77,188.65,188.67,45771
2024-02-05 14:06:00,188.67,188.72,188.63,188.72,55505
2024-02-05 14:07:00,188.72,188.8,188.72,188.79,60837
2024-02-05 14:08:00,188.79,188.9,188.78,188.84,85960
2024-02-05 14:09:00,188.83,188.86,188.78,188.8,52387
2024-02-05 14:10:00,188.81,188.84,188.68,188.71,58905
2024-02-05 14:11:00,188.72,188.77,188.7,188.74,51732
2024-02-05 14:12:00,188.74,188.76,188.69,188.75,64350
2024-02-05 14:13:00,188.75,188.8,188.72,188.76,68320
2024-02-05 14:14:00,188.75,188.75,188.66,188.7,52099
2024-02-05 14:15:00,188.69,188.69,188.66,188.68,45145
2024-02-05 14:16:00,188.68,188.75,188.62,188.67,86576
2024-02-05 14:17:00,188.67,188.69,188.58,188.59,61022
2024-02-05 14:18:00,188.59,188.61,188.5,188.51,69540
2024-02-05 14:19:00,188.51,188.51,188.41,188.45,117791
2024-02-05 14:20:00,188.44,188.5,188.38,188.49,69559
2024-02-05 14:21:00,188.5,188.63,188.49,188.59,89086
2024-02-05 14:22:00,188.59,188.61,188.47,188.48,74899
2024-02-05 14:23:00,188.49,188.56,188.49,188.5,49699
2024-02-05 14:24:00,188.5,188.55,188.48,188.54,65785
2024-02-05 14:25:00,188.54,188.58,188.46,188.49,56533
2024-02-05 14:26:00,188.49,188.63,188.48,188.62,71992
2024-02-05 14:27:00,188.61,188.63,188.48,188.5,84724
2024-02-05 14:28:00,188.5,188.56,188.49,188.56,48501
2024-02-05 14:29:00,188.56,188.57,188.46,188.47,49658
2024-02-05 14:30:00,188.49,188.52,188.44,188.46,44131
2024-02-05 14:31:00,188.47,188.52,188.42,188.5,73141
2024-02-05 14:32:00,188.5,188.6,188.43,188.52,87954
2024-02-05 14:33:00,188.53,188.67,188.51,188.67,124796
2024-02-05 14:34:00,188.66,188.69,188.63,188.65,85712
2024-02-05 14:35:00,188.65,188.71,188.62,188.67,108889
2024-02-05 14:36:00,188.67,188.75,188.67,188.75,55678
2024-02-05 14:37:00,188.75,188.84,188.72,188.74,85678
2024-02-05 14:38:00,188.74,188.76,188.69,188.73,57315
2024-02-05 14:39:00,188.73,188.73,188.67,188.7,46086
2024-02-05 14:40:00,188.7,188.72,188.65,188.66,49177
2024-02-05 14:41:00,188.66,188.7,188.58,188.66,178633
2024-02-05 14:42:00,188.65,188.73,188.59,188.59,97024
2024-02-05 14:43:00,188.6,188.65,188.55,188.56,47660
2024-02-05 14:44:00,188.56,188.57,188.47,188.52,201562
2024-02-05 14:45:00,188.53,188.57,188.49,188.56,59850
2024-02-05 14:46:00,188.57,188.62,188.52,188.59,52958
2024-02-05 14:47:00,188.6,188.65,188.55,188.55,40916
2024-02-05 14:48:00,188.55,188.56,188.49,188.49,44121
2024-02-05 14:49:00,188.49,188.58,188.47,188.57,70689
2024-02-05 14:50:00,188.58,188.59,188.37,188.4,102484
2024-02-05 14:51:00,188.39,188.44,188.37,188.43,51528
2024-02-05 14:52:00,188.43,188.54,188.42,188.48,72242
2024-02-05 14:53:00,188.47,188.57,188.47,188.48,61657
2024-02-05 14:54:00,188.48,188.55,188.46,188.48,53403
2024-02-05 14:55:00,188.47,188.49,188.42,188.42,58289
2024-02-05 14:56:00,188.42,188.51,188.42,188.46,96536
2024-02-05 14:57:00,188.46,188.47,188.39,188.46,74028
2024-02-05 14:58:00,188.47,188.54,188.46,188.53,59687
2024-02-05 14:59:00,188.53,188.54,188.45,188.52,75847
2024-02-05 15:00:00,188.52,188.56,188.47,188.55,51039
2024-02-05 15:01:00,188.55,188.58,188.4,188.44,97334
2024-02-05 15:02:00,188.45,188.58,188.45,188.53,97971
2024-02-05 15:03:00,188.53,188.59,188.53,188.54,92829
2024-02-05 15:04:00,188.55,188.61,188.49,188.51,186900
2024-02-05 15:05:00,188.52,188.6,188.5,188.53,64735
2024-02-05 15:06:00,188.53,188.63,188.52,188.61,75917
2024-02-05 15:07:00,188.61,188.62,188.38,188.52,118113
2024-02-05 15:08:00,188.53,188.6,188.49,188.56,70154
2024-02-05 15:09:00,188.57,188.59,188.5,188.5,174864
2024-02-05 15:10:00,188.5,188.58,188.46,188.55,43245
2024-02-05 15:11:00,188.55,188.56,188.47,188.55,67794
2024-02-05 15:12:00,188.55,188.55,188.36,188.36,169290
2024-02-05 15:13:00,188.37,188.37,188.16,188.18,227164
2024-02-05 15:14:00,188.19,188.21,188.11,188.12,98959
2024-02-05 15:15:00,188.11,188.2,188.03,188.15,122678
2024-02-05 15:16:00,188.15,188.25,188.12,188.25,66563
2024-02-05 15:17:00,188.25,188.3,188.18,188.27,85604
2024-02-05 15:18:00,188.27,188.36,188.26,188.27,70201
2024-02-05 15:19:00,188.28,188.3,188.2,188.27,70758
2024-02-05 15:20:00,188.27,188.28,188.18,188.2,62261
2024-02-05 15:21:00,188.19,188.25,188.16,188.23,57750
2024-02-05 15:22:00,188.23,188.32,188.17,188.23,86327
2024-02-05 15:23:00,188.24,188.3,188.19,188.19,56311
2024-02-05 15:24:00,188.18,188.26,188.16,188.19,61775
2024-02-05 15:25:00,188.19,188.26,188.16,188.25,65046
2024-02-05 15:26:00,188.25,188.28,188.2,188.24,51241
2024-02-05 15:27:00,188.24,188.39,188.22,188.39,112835
2024-02-05 15:28:00,188.38,188.41,188.27,188.29,74954
2024-02-05 15:29:00,188.28,188.35,188.23,188.35,58419
2024-02-05 15:30:00,188.34,188.38,188.25,188.25,72063
2024-02-05 15:31:00,188.25,188.31,188.21,188.3,69519
2024-02-05 15:32:00,188.3,188.37,188.29,188.35,67565
2024-02-05 15:33:00,188.36,188.37,188.25,188.29,90963
2024-02-05 15:34:00,188.3,188.42,188.3,188.39,90518
2024-02-05 15:35:00,188.39,188.42,188.29,188.31,62810
2024-02-05 15:36:00,188.31,188.32,188.21,188.23,68638
2024-02-05 15:37:00,188.23,188.25,188.13,188.15,75498
2024-02-05 15:38:00,188.14,188.15,188.07,188.08,61480
2024-02-05 15:39:00,188.08,188.09,188.01,188.02,87574
2024-02-05 15:40:00,188.02,188.05,187.95,187.96,163822
2024-02-05 15:41:00,187.96,187.99,187.89,187.94,81254
2024-02-05 15:42:00,187.95,187.99,187.87,187.99,88910
2024-02-05 15:43:00,187.99,188.03,187.96,187.96,78035
2024-02-05 15:44:00,187.97,188.06,187.95,188.06,98354
2024-02-05 15:45:00,188.06,188.1,187.95,187.97,117518
2024-02-05 15:46:00,187.97,188.16,187.96,188.16,85156
2024-02-05 15:47:00,188.15,188.21,188.11,188.2,122432
2024-02-05 15:48:00,188.2,188.25,188.11,188.12,91237
2024-02-05 15:49:00,188.11,188.16,188.0,188.02,135769
2024-02-05 15:50:00,188.03,188.2,188.02,188.18,158767
2024-02-05 15:51:00,188.19,188.29,188.12,188.27,98400
2024-02-05 15:52:00,188.27,188.3,188.08,188.08,86030
2024-02-05 15:53:00,188.08,188.11,187.97,187.98,116103
2024-02-05 15:54:00,188.0,188.13,187.94,188.12,184668
2024-02-05 15:55:00,188.12,188.18,187.97,188.17,201724
2024-02-05 15:56:00,188.18,188.29,188.15,188.21,210916
2024-02-05 15:57:00,188.21,188.23,187.99,188.01,168932
2024-02-05 15:58:00,188.02,188.11,187.99,188.02,249508
2024-02-05 15:59:00,188.01,188.02,187.64,187.67,851712
2024-02-06 09:30:00,186.9,187.71,186.76,187.69,1003461
2024-02-06 09:31:00,187.7,187.82,187.49,187.59,160566
2024-02-06 09:32:00,187.58,187.59,187.37,187.38,165416
2024-02-06 09:33:00,187.39,187.52,187.26,187.33,135529
2024-02-06 09:34:00,187.37,187.95,187.27,187.92,169712
2024-02-06 09:35:00,187.92,187.93,187.47,187.68,163700
2024-02-06 09:36:00,187.7,187.82,187.56,187.61,81018
2024-02-06 09:37:00,187.61,187.77,187.6,187.72,66577
2024-02-06 09:38:00,187.76,187.98,187.74,187.87,139802
2024-02-06 09:39:00,187.88,187.99,187.66,187.66,81757
2024-02-06 09:40:00,187.67,187.91,187.66,187.76,82148
2024-02-06 09:41:00,187.77,187.88,187.64,187.83,95025
2024-02-06 09:42:00,187.83,187.99,187.83,187.93,94845
2024-02-06 09:43:00,187.93,188.04,187.92,187.99,118113
2024-02-06 09:44:00,187.99,188.29,187.98,188.22,158482
2024-02-06 09:45:00,188.22,188.46,188.19,188.37,152668
2024-02-06 09:46:00,188.37,188.63,188.3,188.59,129847
2024-02-06 09:47:00,188.58,188.6,188.44,188.46,73383
2024-02-06 09:48:00,188.45,188.46,188.18,188.22,131102
2024-02-06 09:49:00,188.22,188.26,188.04,188.14,108588
2024-02-06 09:50:00,188.14,188.17,187.95,187.95,120446
2024-02-06 09:51:00,187.94,188.05,187.88,187.99,123899
2024-02-06 09:52:00,188.0,188.15,188.0,188.12,79610
2024-02-06 09:53:00,188.14,188.25,188.09,188.09,135105
2024-02-06 09:54:00,188.09,188.19,188.07,188.19,113881
2024-02-06 09:55:00,188.18,188.2,188.01,188.02,81700
2024-02-06 09:56:00,188.01,188.1,187.93,187.97,124157
2024-02-06 09:57:00,187.96,188.1,187.93,188.06,69170
2024-02-06 09:58:00,188.03,188.09,187.98,188.06,76915
2024-02-06 09:59:00,188.05,188.12,187.92,187.96,95772
2024-02-06 10:00:00,187.96,188.0,187.82,187.96,116051
2024-02-06 10:01:00,187.96,187.96,187.82,187.87,112533
2024-02-06 10:02:00,187.88,188.0,187.86,187.95,103173
2024-02-06 10:03:00,187.95,188.06,187.84,188.03,125361
2024-02-06 10:04:00,188.04,188.17,188.01,188.04,129450
2024-02-06 10:05:00,188.02,188.04,187.79,187.87,138349
2024-02-06 10:06:00,187.86,187.96,187.7,187.82,146384
2024-02-06 10:07:00,187.82,188.02,187.79,187.94,158674
2024-02-06 10:08:00,187.92,187.95,187.86,187.9,62586
2024-02-06 10:09:00,187.91,187.92,187.79,187.86,57118
2024-02-06 10:10:00,187.85,187.9,187.77,187.81,158399
2024-02-06 10:11:00,187.82,187.95,187.8,187.91,133620
2024-02-06 10:12:00,187.9,187.99,187.86,187.93,67429
2024-02-06 10:13:00,187.93,187.97,187.82,187.91,75172
2024-02-06 10:14:00,187.89,188.04,187.87,188.03,60111
2024-02-06 10:15:00,188.03,188.19,187.99,188.15,121867
2024-02-06 10:16:00,188.15,188.24,188.1,188.1,108957
2024-02-06 10:17:00,188.11,188.16,188.03,188.13,79323
2024-02-06 10:18:00,188.14,188.27,188.13,188.19,72642
2024-02-06 10:19:00,188.19,188.31,188.15,188.23,61708
2024-02-06 10:20:00,188.24,188.31,188.11,188.12,100573
2024-02-06 10:21:00,188.11,188.2,188.05,188.18,102325
2024-02-06 10:22:00,188.19,188.3,188.17,188.21,72461
2024-02-06 10:23:00,188.21,188.21,187.91,187.98,122628
2024-02-06 10:24:00,187.98,188.03,187.8,187.84,136945
2024-02-06 10:25:00,187.85,187.87,187.71,187.86,117001
2024-02-06 10:26:00,187.86,188.14,187.86,188.03,115780
2024-02-06 10:27:00,188.03,188.05,187.86,187.96,124479
2024-02-06 10:28:00,187.97,188.0,187.9,187.9,78278
2024-02-06 10:29:00,187.9,187.97,187.89,187.93,54997
2024-02-06 10:30:00,187.91,188.08,187.89,188.06,98089
2024-02-06 10:31:00,188.07,188.08,187.92,187.98,92203
2024-02-06 10:32:00,187.98,188.02,187.87,187.92,100544
2024-02-06 10:33:00,187.92,187.97,187.87,187.95,44926
2024-02-06 10:34:00,187.95,188.11,187.93,188.09,95220
2024-02-06 10:35:00,188.1,188.21,188.03,188.12,117801
2024-02-06 10:36:00,188.13,188.13,188.06,188.09,75740
2024-02-06 10:37:00,188.09,188.18,188.04,188.04,73521
2024-02-06 10:38:00,188.03,188.06,187.91,187.92,78420
2024-02-06 10:39:00,187.91,187.99,187.82,187.82,97435
2024-02-06 10:40:00,187.82,187.89,187.77,187.81,98234
2024-02-06 10:41:00,187.82,187.89,187.71,187.75,56890
2024-02-06 10:42:00,187.74,187.75,187.57,187.74,180237
2024-02-06 10:43:00,187.75,187.83,187.69,187.78,86099
2024-02-06 10:44:00,187.78,187.92,187.76,187.89,75214
2024-02-06 10:45:00,187.89,187.99,187.88,187.9,96804
2024-02-06 10:46:00,187.9,187.96,187.89,187.92,58187
2024-02-06 10:47:00,187.93,187.98,187.71,187.77,90000
2024-02-06 10:48:00,187.77,187.8,187.66,187.71,62320
2024-02-06 10:49:00,187.7,187.78,187.56,187.56,95870
2024-02-06 10:50:00,187.58,187.66,187.52,187.63,118562
2024-02-06 10:51:00,187.62,187.63,187.49,187.55,85049
2024-02-06 10:52:00,187.56,187.62,187.27,187.3,101847
2024-02-06 10:53:00,187.31,187.42,187.29,187.36,70199
2024-02-06 10:54:00,187.36,187.47,187.35,187.45,70083
2024-02-06 10:55:00,187.45,187.58,187.45,187.56,63030
2024-02-06 10:56:00,187.56,187.64,187.48,187.58,64607
2024-02-06 10:57:00,187.58,187.64,187.51,187.61,81334
2024-02-06 10:58:00,187.6,187.68,187.57,187.67,69753
2024-02-06 10:59:00,187.68,187.74,187.64,187.73,70203
2024-02-06 11:00:00,187.71,187.79,187.7,187.78,83651
2024-02-06 11:01:00,187.78,187.84,187.72,187.78,81387
2024-02-06 11:02:00,187.78,187.87,187.73,187.86,86013
2024-02-06 11:03:00,187.86,187.87,187.73,187.75,69563
2024-02-06 11:04:00,187.75,187.82,187.74,187.82,45815
2024-02-06 11:05:00,187.83,187.92,187.76,187.9,66451
2024-02-06 11:06:00,187.91,188.1,187.91,188.01,128259
2024-02-06 11:07:00,188.0,188.16,187.96,188.13,119658
2024-02-06 11:08:00,188.14,188.32,188.1,188.31,110207
2024-02-06 11:09:00,188.31,188.31,188.18,188.18,79196
2024-02-06 11:10:00,188.19,188.29,188.19,188.28,72479
2024-02-06 11:11:00,188.28,188.37,188.28,188.36,99801
2024-02-06 11:12:00,188.35,188.38,188.08,188.11,151869
2024-02-06 11:13:00,188.13,188.13,187.93,187.97,120575
2024-02-06 11:14:00,187.97,188.02,187.93,187.95,90419
2024-02-06 11:15:00,187.94,188.17,187.93,188.17,92402
2024-02-06 11:16:00,188.17,188.23,188.09,188.19,105430
2024-02-06 11:17:00,188.18,188.29,188.17,188.27,61412
2024-02-06 11:18:00,188.26,188.32,188.19,188.3,82636
2024-02-06 11:19:00,188.29,188.45,188.26,188.45,77357
2024-02-06 11:20:00,188.45,188.64,188.44,188.61,141141
2024-02-06 11:21:00,188.61,188.69,188.53,188.68,114159
2024-02-06 11:22:00,188.68,188.78,188.64,188.64,102825
2024-02-06 11:23:00,188.65,188.76,188.61,188.74,73866
2024-02-06 11:24:00,188.75,188.83,188.74,188.79,92995
2024-02-06 11:25:00,188.8,188.86,188.7,188.72,76201
2024-02-06 11:26:00,188.71,188.84,188.7,188.81,49249
2024-02-06 11:27:00,188.81,188.83,188.72,188.75,59838
2024-02-06 11:28:00,188.74,188.76,188.67,188.75,57550
2024-02-06 11:29:00,188.75,188.86,188.74,188.81,69248
2024-02-06 11:30:00,188.82,188.87,188.75,188.81,66168
2024-02-06 11:31:00,188.81,189.02,188.8,188.97,160136
2024-02-06 11:32:00,188.96,188.99,188.71,188.75,121516
2024-02-06 11:33:00,188.75,188.86,188.71,188.8,65911
2024-02-06 11:34:00,188.81,188.91,188.81,188.85,49485
2024-02-06 11:35:00,188.85,188.93,188.78,188.89,58174
2024-02-06 11:36:00,188.9,188.9,188.66,188.7,57270
2024-02-06 11:37:00,188.71,188.86,188.69,188.85,71265
2024-02-06 11:38:00,188.87,188.89,188.77,188.85,41035
2024-02-06 11:39:00,188.84,188.87,188.75,188.81,33242
2024-02-06 11:40:00,188.81,188.83,188.69,188.77,52087
2024-02-06 11:41:00,188.76,188.79,188.7,188.7,54079
2024-02-06 11:42:00,188.7,188.99,188.69,188.97,123329
2024-02-06 11:43:00,188.96,188.99,188.88,188.92,57088
2024-02-06 11:44:00,188.91,188.92,188.77,188.85,63328
2024-02-06 11:45:00,188.84,188.84,188.75,188.8,65744
2024-02-06 11:46:00,188.8,188.82,188.58,188.59,91734
2024-02-06 11:47:00,188.59,188.7,188.41,188.69,105906
2024-02-06 11:48:00,188.69,188.76,188.62,188.7,66087
2024-02-06 11:49:00,188.72,188.8,188.68,188.75,58607
2024-02-06 11:50:00,188.75,188.87,188.7,188.86,50229
2024-02-06 11:51:00,188.84,188.85,188.68,188.77,45201
2024-02-06 11:52:00,188.77,188.85,188.76,188.83,41318
2024-02-06 11:53:00,188.83,188.95,188.81,188.93,78575
2024-02-06 11:54:00,188.94,188.97,188.91,188.96,122511
2024-02-06 11:55:00,188.96,188.99,188.89,188.94,73637
2024-02-06 11:56:00,188.95,188.98,188.8,188.81,38411
2024-02-06 11:57:00,188.8,188.91,188.79,188.91,28101
2024-02-06 11:58:00,188.92,188.96,188.84,188.88,52789
2024-02-06 11:59:00,188.87,188.92,188.81,188.81,68426
2024-02-06 12:00:00,188.82,188.94,188.75,188.91,101072
2024-02-06 12:01:00,188.92,189.14,188.92,189.06,191352
2024-02-06 12:02:00,189.06,189.07,188.94,188.99,74929
2024-02-06 12:03:00,188.99,189.05,188.88,188.88,82049
2024-02-06 12:04:00,188.88,188.89,188.8,188.87,59592
2024-02-06 12:05:00,188.87,188.94,188.84,188.9,52693
2024-02-06 12:06:00,188.9,188.96,188.86,188.95,42578
2024-02-06 12:07:00,188.96,188.97,188.85,188.92,46203
2024-02-06 12:08:00,188.92,188.97,188.9,188.95,45342
2024-02-06 12:09:00,188.96,189.0,188.9,188.91,46868
2024-02-06 12:10:00,188.91,188.96,188.89,188.91,34917
2024-02-06 12:11:00,188.92,188.92,188.73,188.8,97072
2024-02-06 12:12:00,188.8,188.82,188.7,188.73,92554
2024-02-06 12:13:00,188.74,188.8,188.7,188.72,90018
2024-02-06 12:14:00,188.72,188.81,188.7,188.74,73296
2024-02-06 12:15:00,188.76,188.84,188.76,188.82,62743
2024-02-06 12:16:00,188.82,188.94,188.82,188.92,70592
2024-02-06 12:17:00,188.91,188.95,188.9,188.94,71683
2024-02-06 12:18:00,188.94,188.95,188.83,188.84,42990
2024-02-06 12:19:00,188.84,188.93,188.83,188.86,42534
2024-02-06 12:20:00,188.86,188.86,188.73,188.76,44552
2024-02-06 12:21:00,188.73,188.8,188.71,188.77,56352
2024-02-06 12:22:00,188.76,188.78,188.7,188.74,41097
2024-02-06 12:23:00,188.73,188.84,188.72,188.83,70108
2024-02-06 12:24:00,188.83,188.88,188.75,188.78,58158
2024-02-06 12:25:00,188.78,188.79,188.73,188.78,49957
2024-02-06 12:26:00,188.78,188.86,188.77,188.84,65596
2024-02-06 12:27:00,188.84,188.84,188.78,188.81,35307
2024-02-06 12:28:00,188.81,188.89,188.78,188.83,64005
2024-02-06 12:29:00,188.82,188.86,188.78,188.84,54729
2024-02-06 12:30:00,188.84,188.87,188.77,188.79,70836
2024-02-06 12:31:00,188.78,188.79,188.7,188.73,39891
2024-02-06 12:32:00,188.73,188.79,188.65,188.71,42731
2024-02-06 12:33:00,188.7,188.76,188.64,188.66,52221
2024-02-06 12:34:00,188.66,188.75,188.65,188.66,26077
2024-02-06 12:35:00,188.67,188.67,188.56,188.62,59869
2024-02-06 12:36:00,188.63,188.63,188.57,188.61,66235
2024-02-06 12:37:00,188.62,188.78,188.62,188.71,46116
2024-02-06 12:38:00,188.71,188.76,188.7,188.72,41503
2024-02-06 12:39:00,188.72,188.76,188.69,188.75,25570
2024-02-06 12:40:00,188.74,188.75,188.67,188.68,22153
2024-02-06 12:41:00,188.67,188.71,188.63,188.63,35164
2024-02-06 12:42:00,188.63,188.68,188.63,188.66,27842
2024-02-06 12:43:00,188.66,188.68,188.58,188.62,51963
2024-02-06 12:44:00,188.63,188.66,188.6,188.66,36686
2024-02-06 12:45:00,188.65,188.65,188.57,188.61,26311
2024-02-06 12:46:00,188.61,188.65,188.58,188.63,31845
2024-02-06 12:47:00,188.63,188.64,188.57,188.59,33818
2024-02-06 12:48:00,188.6,188.6,188.49,188.54,46005
2024-02-06 12:49:00,188.54,188.55,188.48,188.52,67674
2024-02-06 12:50:00,188.51,188.52,188.47,188.5,43959
2024-02-06 12:51:00,188.49,188.55,188.47,188.48,61158
2024-02-06 12:52:00,188.48,188.5,188.43,188.47,27003
2024-02-06 12:53:00,188.47,188.51,188.45,188.47,39356
2024-02-06 12:54:00,188.47,188.53,188.43,188.43,33991
2024-02-06 12:55:00,188.44,188.58,188.43,188.56,39875
2024-02-06 12:56:00,188.58,188.61,188.51,188.57,39789
2024-02-06 12:57:00,188.56,188.64,188.56,188.58,28104
2024-02-06 12:58:00,188.58,188.62,188.57,188.6,29886
2024-02-06 12:59:00,188.57,188.58,188.52,188.53,25348
2024-02-06 13:00:00,188.54,188.61,188.51,188.6,71167
2024-02-06 13:01:00,188.6,188.69,188.58,188.69,51469
2024-02-06 13:02:00,188.69,188.82,188.68,188.8,76438
2024-02-06 13:03:00,188.8,188.88,188.79,188.85,49277
2024-02-06 13:04:00,188.85,188.92,188.81,188.92,76859
2024-02-06 13:05:00,188.92,188.93,188.87,188.91,91750
2024-02-06 13:06:00,188.91,188.92,188.86,188.9,65695
2024-02-06 13:07:00,188.91,188.98,188.9,188.93,149848
2024-02-06 13:08:00,188.92,188.98,188.92,188.98,85291
2024-02-06 13:09:00,188.98,189.0,188.93,188.94,122433
2024-02-06 13:10:00,188.95,188.96,188.88,188.9,70019
2024-02-06 13:11:00,188.91,188.91,188.74,188.78,49780
2024-02-06 13:12:00,188.77,188.88,188.76,188.88,52307
2024-02-06 13:13:00,188.88,188.94,188.87,188.93,51554
2024-02-06 13:14:00,188.93,188.95,188.85,188.89,36712
2024-02-06 13:15:00,188.9,188.92,188.86,188.89,29333
2024-02-06 13:16:00,188.89,188.99,188.89,188.96,84207
2024-02-06 13:17:00,188.96,189.0,188.92,188.93,79064
2024-02-06 13:18:00,188.92,188.95,188.86,188.87,35953
2024-02-06 13:19:00,188.87,188.89,188.8,188.83,51416
2024-02-06 13:20:00,188.83,188.86,188.81,188.84,29852
2024-02-06 13:21:00,188.85,188.86,188.78,188.8,42922
2024-02-06 13:22:00,188.79,188.8,188.72,188.77,30072
2024-02-06 13:23:00,188.78,188.8,188.75,188.75,36082
2024-02-06 13:24:00,188.75,188.8,188.66,188.66,39485
2024-02-06 13:25:00,188.67,188.73,188.65,188.7,49121
2024-02-06 13:26:00,188.71,188.79,188.68,188.77,44253
2024-02-06 13:27:00,188.76,188.8,188.75,188.76,31395
2024-02-06 13:28:00,188.77,188.82,188.75,188.8,48746
2024-02-06 13:29:00,188.81,188.9,188.79,188.89,64015
2024-02-06 13:30:00,188.9,188.92,188.78,188.81,55885
2024-02-06 13:31:00,188.81,188.88,188.79,188.81,27122
2024-02-06 13:32:00,188.81,188.93,188.8,188.92,46673
2024-02-06 13:33:00,188.91,188.92,188.81,188.81,37210
2024-02-06 13:34:00,188.81,188.85,188.79,188.81,30195
2024-02-06 13:35:00,188.8,188.86,188.78,188.86,48465
2024-02-06 13:36:00,188.86,188.88,188.84,188.86,21650
2024-02-06 13:37:00,188.87,188.89,188.82,188.88,26639
2024-02-06 13:38:00,188.88,188.93,188.87,188.91,45377
2024-02-06 13:39:00,188.91,188.94,188.91,188.92,71006
2024-02-06 13:40:00,188.92,188.93,188.88,188.91,36247
2024-02-06 13:41:00,188.91,188.91,188.85,188.87,41172
2024-02-06 13:42:00,188.88,188.94,188.86,188.93,71100
2024-02-06 13:43:00,188.93,188.93,188.88,188.91,29065
2024-02-06 13:44:00,188.91,188.93,188.86,188.92,35211
2024-02-06 13:45:00,188.92,188.92,188.85,188.87,31487
2024-02-06 13:46:00,188.88,188.93,188.85,188.86,41968
2024-02-06 13:47:00,188.86,188.88,188.82,188.87,22098
2024-02-06 13:48:00,188.87,188.88,188.84,188.84,28471
2024-02-06 13:49:00,188.85,188.91,188.83,188.89,59072
2024-02-06 13:50:00,188.89,188.91,188.87,188.89,49636
2024-02-06 13:51:00,188.89,188.91,188.8,188.82,37479
2024-02-06 13:52:00,188.81,188.87,188.79,188.86,29487
2024-02-06 13:53:00,188.86,188.89,188.83,188.88,39341
2024-02-06 13:54:00,188.88,188.89,188.86,188.87,22761
2024-02-06 13:55:00,188.87,188.91,188.84,188.86,61666
2024-02-06 13:56:00,188.86,188.86,188.77,188.82,57452
2024-02-06 13:57:00,188.82,188.83,188.76,188.77,33552
2024-02-06 13:58:00,188.77,188.84,188.77,188.82,29444
2024-02-06 13:59:00,188.82,188.82,188.75,188.78,42333
2024-02-06 14:00:00,188.78,188.82,188.75,188.78,23326
2024-02-06 14:01:00,188.78,188.79,188.7,188.75,43184
2024-02-06 14:02:00,188.75,188.8,188.7,188.71,39421
2024-02-06 14:03:00,188.72,188.74,188.58,188.64,89556
2024-02-06 14:04:00,188.65,188.73,188.63,188.71,36601
2024-02-06 14:05:00,188.71,188.78,188.66,188.66,54903
2024-02-06 14:06:00,188.67,188.67,188.56,188.65,46865
2024-02-06 14:07:00,188.65,188.71,188.63,188.68,23367
2024-02-06 14:08:00,188.68,188.68,188.49,188.56,87676
2024-02-06 14:09:00,188.58,188.6,188.53,188.54,36111
2024-02-06 14:10:00,188.54,188.55,188.45,188.51,40786
2024-02-06 14:11:00,188.52,188.52,188.45,188.48,28984
2024-02-06 14:12:00,188.48,188.51,188.44,188.48,35746
2024-02-06 14:13:00,188.47,188.5,188.41,188.49,44061
2024-02-06 14:14:00,188.49,188.49,188.41,188.45,37104
2024-02-06 14:15:00,188.43,188.52,188.42,188.48,34311
2024-02-06 14:16:00,188.49,188.5,188.42,188.47,35560
2024-02-06 14:17:00,188.49,188.49,188.38,188.41,39427
2024-02-06 14:18:00,188.4,188.43,188.37,188.4,44794
2024-02-06 14:19:00,188.41,188.49,188.4,188.41,59809
2024-02-06 14:20:00,188.4,188.47,188.36,188.38,30823
2024-02-06 14:21:00,188.38,188.44,188.37,188.43,18357
2024-02-06 14:22:00,188.43,188.52,188.41,188.49,47799
2024-02-06 14:23:00,188.49,188.63,188.49,188.57,127538
2024-02-06 14:24:00,188.58,188.58,188.52,188.55,24211
2024-02-06 14:25:00,188.54,188.57,188.51,188.56,37306
2024-02-06 14:26:00,188.56,188.57,188.53,188.55,26910
2024-02-06 14:27:00,188.54,188.55,188.45,188.48,31223
2024-02-06 14:28:00,188.48,188.5,188.4,188.46,63149
2024-02-06 14:29:00,188.46,188.49,188.43,188.45,17071
2024-02-06 14:30:00,188.45,188.53,188.44,188.52,34070
2024-02-06 14:31:00,188.52,188.53,188.45,188.48,34956
2024-02-06 14:32:00,188.49,188.54,188.47,188.54,30752
2024-02-06 14:33:00,188.54,188.57,188.53,188.54,84569
2024-02-06 14:34:00,188.54,188.59,188.53,188.54,55603
2024-02-06 14:35:00,188.53,188.58,188.51,188.51,44798
2024-02-06 14:36:00,188.52,188.56,188.48,188.49,23450
2024-02-06 14:37:00,188.49,188.49,188.37,188.41,57821
2024-02-06 14:38:00,188.4,188.43,188.35,188.39,42348
2024-02-06 14:39:00,188.38,188.38,188.32,188.34,30427
2024-02-06 14:40:00,188.34,188.35,188.23,188.25,85914
2024-02-06 14:41:00,188.26,188.34,188.24,188.31,32750
2024-02-06 14:42:00,188.31,188.35,188.31,188.34,28550
2024-02-06 14:43:00,188.34,188.36,188.29,188.36,32649
2024-02-06 14:44:00,188.36,188.43,188.35,188.41,31776
2024-02-06 14:45:00,188.4,188.48,188.4,188.44,44753
2024-02-06 14:46:00,188.44,188.49,188.44,188.46,29221
2024-02-06 14:47:00,188.46,188.47,188.37,188.38,36258
2024-02-06 14:48:00,188.38,188.45,188.36,188.44,35052
2024-02-06 14:49:00,188.45,188.45,188.41,188.43,29911
2024-02-06 14:50:00,188.43,188.46,188.42,188.43,22269
2024-02-06 14:51:00,188.43,188.45,188.37,188.38,28259
2024-02-06 14:52:00,188.37,188.42,188.33,188.41,26454
2024-02-06 14:53:00,188.42,188.45,188.4,188.43,30200
2024-02-06 14:54:00,188.44,188.48,188.43,188.47,43686
2024-02-06 14:55:00,188.48,188.54,188.47,188.5,58688
2024-02-06 14:56:00,188.51,188.56,188.51,188.53,45069
2024-02-06 14:57:00,188.53,188.61,188.52,188.6,60600
2024-02-06 14:58:00,188.61,188.61,188.56,188.58,42489
2024-02-06 14:59:00,188.58,188.59,188.55,188.57,39074
2024-02-06 15:00:00,188.58,188.64,188.48,188.5,101356
2024-02-06 15:01:00,188.5,188.53,188.45,188.49,38399
2024-02-06 15:02:00,188.49,188.5,188.43,188.46,29756
2024-02-06 15:03:00,188.47,188.5,188.38,188.39,46085
2024-02-06 15:04:00,188.39,188.44,188.39,188.41,56034
2024-02-06 15:05:00,188.41,188.48,188.4,188.42,41360
2024-02-06 15:06:00,188.43,188.46,188.41,188.46,29918
2024-02-06 15:07:00,188.46,188.55,188.45,188.47,55452
2024-02-06 15:08:00,188.48,188.49,188.35,188.4,89310
2024-02-06 15:09:00,188.4,188.43,188.37,188.39,40271
2024-02-06 15:10:00,188.38,188.47,188.38,188.45,48674
2024-02-06 15:11:00,188.45,188.51,188.44,188.47,58867
2024-02-06 15:12:00,188.47,188.5,188.42,188.5,36390
2024-02-06 15:13:00,188.5,188.51,188.44,188.45,31500
2024-02-06 15:14:00,188.44,188.49,188.44,188.44,45759
2024-02-06 15:15:00,188.45,188.47,188.41,188.44,32301
2024-02-06 15:16:00,188.44,188.46,188.37,188.39,46651
2024-02-06 15:17:00,188.39,188.41,188.34,188.4,29956
2024-02-06 15:18:00,188.4,188.45,188.38,188.44,51261
2024-02-06 15:19:00,188.45,188.48,188.41,188.43,43828
2024-02-06 15:20:00,188.44,188.48,188.39,188.46,43209
2024-02-06 15:21:00,188.45,188.46,188.35,188.36,39872
2024-02-06 15:22:00,188.37,188.42,188.36,188.41,36060
2024-02-06 15:23:00,188.4,188.4,188.28,188.28,75799
2024-02-06 15:24:00,188.28,188.33,188.24,188.31,75146
2024-02-06 15:25:00,188.31,188.36,188.26,188.36,40695
2024-02-06 15:26:00,188.36,188.39,188.33,188.36,29543
2024-02-06 15:27:00,188.36,188.39,188.35,188.35,32584
2024-02-06 15:28:00,188.36,188.38,188.34,188.34,36900
2024-02-06 15:29:00,188.34,188.38,188.33,188.36,27222
2024-02-06 15:30:00,188.36,188.38,188.26,188.29,70007
2024-02-06 15:31:00,188.29,188.36,188.27,188.31,50004
2024-02-06 15:32:00,188.31,188.31,188.22,188.22,65506
2024-02-06 15:33:00,188.22,188.26,188.17,188.23,59683
2024-02-06 15:34:00,188.22,188.32,188.22,188.27,57553
2024-02-06 15:35:00,188.27,188.31,188.23,188.31,60211
2024-02-06 15:36:00,188.3,188.31,188.25,188.25,56979
2024-02-06 15:37:00,188.26,188.27,188.19,188.24,62474
2024-02-06 15:38:00,188.24,188.25,188.18,188.22,56620
2024-02-06 15:39:00,188.23,188.24,188.19,188.21,45536
2024-02-06 15:40:00,188.21,188.28,188.2,188.24,62606
2024-02-06 15:41:00,188.25,188.28,188.21,188.26,76118
2024-02-06 15:42:00,188.25,188.35,188.24,188.33,73629
2024-02-06 15:43:00,188.34,188.38,188.27,188.37,91101
2024-02-06 15:44:00,188.37,188.39,188.29,188.32,68996
2024-02-06 15:45:00,188.33,188.38,188.29,188.31,62519
2024-02-06 15:46:00,188.31,188.42,188.31,188.42,99618
2024-02-06 15:47:00,188.42,188.53,188.4,188.52,105977
2024-02-06 15:48:00,188.52,188.59,188.52,188.56,106827
2024-02-06 15:49:00,188.57,188.64,188.52,188.63,116812
2024-02-06 15:50:00,188.63,188.71,188.61,188.68,121487
2024-02-06 15:51:00,188.67,188.81,188.65,188.7,130960
2024-02-06 15:52:00,188.7,188.83,188.65,188.71,116553
2024-02-06 15:53:00,188.72,188.81,188.71,188.79,92900
2024-02-06 15:54:00,188.8,188.85,188.72,188.8,188816
2024-02-06 15:55:00,188.8,189.01,188.8,189.0,407501
2024-02-06 15:56:00,189.01,189.1,189.0,189.09,318940
2024-02-06 15:57:00,189.09,189.18,189.07,189.14,259458
2024-02-06 15:58:00,189.14,189.18,189.1,189.15,288365
2024-02-06 15:59:00,189.15,189.31,189.1,189.29,739244
2024-02-07 09:30:00,190.61,191.05,190.01,190.72,1257805
2024-02-07 09:31:00,190.7,190.7,190.36,190.36,198269
2024-02-07 09:32:00,190.36,190.6,190.05,190.19,246309
2024-02-07 09:33:00,190.2,190.34,189.92,190.02,287746
2024-02-07 09:34:00,190.02,190.16,189.89,190.07,141830
2024-02-07 09:35:00,190.07,190.18,189.96,189.99,130557
2024-02-07 09:36:00,189.98,190.14,189.88,190.01,121930
2024-02-07 09:37:00,190.01,190.28,190.01,190.14,121121
2024-02-07 09:38:00,190.14,190.27,190.09,190.27,119596
2024-02-07 09:39:00,190.26,190.26,189.93,189.98,126882
2024-02-07 09:40:00,189.99,190.07,189.93,190.03,129770
2024-02-07 09:41:00,190.02,190.3,190.0,190.27,113292
2024-02-07 09:42:00,190.26,190.35,190.11,190.17,198266
2024-02-07 09:43:00,190.17,190.26,190.03,190.04,101341
2024-02-07 09:44:00,190.03,190.11,189.81,189.82,178332
2024-02-07 09:45:00,189.84,189.92,189.63,189.65,171895
2024-02-07 09:46:00,189.64,189.8,189.49,189.52,186361
2024-02-07 09:47:00,189.53,189.54,189.35,189.41,214575
2024-02-07 09:48:00,189.41,189.6,189.38,189.43,227122
2024-02-07 09:49:00,189.42,189.51,189.38,189.4,159038
2024-02-07 09:50:00,189.39,189.64,189.38,189.61,165120
2024-02-07 09:51:00,189.6,189.7,189.45,189.48,183247
2024-02-07 09:52:00,189.48,189.52,189.39,189.42,117335
2024-02-07 09:53:00,189.41,189.63,189.41,189.57,114814
2024-02-07 09:54:00,189.58,189.62,189.25,189.26,184626
2024-02-07 09:55:00,189.26,189.29,188.9,188.95,234539
2024-02-07 09:56:00,188.95,189.04,188.84,189.01,164667
2024-02-07 09:57:00,189.0,189.06,188.94,189.0,109484
2024-02-07 09:58:00,188.99,189.01,188.89,188.96,102230
2024-02-07 09:59:00,188.96,189.03,188.88,189.0,111367
2024-02-07 10:00:00,189.0,189.08,188.93,189.0,127471
2024-02-07 10:01:00,189.01,189.01,188.83,188.85,111588
2024-02-07 10:02:00,188.84,188.85,188.61,188.63,193309
2024-02-07 10:03:00,188.63,188.89,188.62,188.83,122692
2024-02-07 10:04:00,188.83,188.96,188.81,188.95,90796
2024-02-07 10:05:00,188.95,189.04,188.91,188.94,107922
2024-02-07 10:06:00,188.94,188.99,188.8,188.84,68630
2024-02-07 10:07:00,188.84,189.02,188.84,189.01,81742
2024-02-07 10:08:00,189.01,189.08,188.97,189.04,95850
2024-02-07 10:09:00,189.03,189.22,189.03,189.19,161320
2024-02-07 10:10:00,189.19,189.38,189.15,189.19,187031
2024-02-07 10:11:00,189.18,189.19,189.03,189.08,194064
2024-02-07 10:12:00,189.08,189.27,189.03,189.22,175401
2024-02-07 10:13:00,189.27,189.5,189.26,189.5,239115
2024-02-07 10:14:00,189.5,189.6,189.37,189.38,164593
2024-02-07 10:15:00,189.37,189.49,189.27,189.31,210733
2024-02-07 10:16:00,189.31,189.41,189.11,189.19,228630
2024-02-07 10:17:00,189.19,189.47,189.15,189.41,119934
2024-02-07 10:18:00,189.41,189.44,189.31,189.44,98979
2024-02-07 10:19:00,189.44,189.5,189.4,189.5,139360
2024-02-07 10:20:00,189.5,189.68,189.47,189.67,130855
2024-02-07 10:21:00,189.67,189.7,189.59,189.69,149386
2024-02-07 10:22:00,189.69,189.88,189.68,189.83,172845
2024-02-07 10:23:00,189.83,189.85,189.73,189.84,92930
2024-02-07 10:24:00,189.84,190.09,189.83,190.08,194485
2024-02-07 10:25:00,190.08,190.11,189.95,189.97,130948
2024-02-07 10:26:00,189.97,190.01,189.88,189.94,102025
2024-02-07 10:27:00,189.94,190.09,189.94,190.03,165054
2024-02-07 10:28:00,190.04,190.23,190.0,190.22,129586
2024-02-07 10:29:00,190.22,190.39,190.2,190.37,159605
2024-02-07 10:30:00,190.38,190.4,190.11,190.17,170830
2024-02-07 10:31:00,190.18,190.18,189.92,189.94,143398
2024-02-07 10:32:00,189.94,189.96,189.66,189.77,193763
2024-02-07 10:33:00,189.77,189.91,189.75,189.77,104347
2024-02-07 10:34:00,189.77,189.79,189.58,189.73,110812
2024-02-07 10:35:00,189.74,189.77,189.5,189.5,116170
2024-02-07 10:36:00,189.5,189.69,189.46,189.68,105877
2024-02-07 10:37:00,189.68,189.69,189.57,189.64,79305
2024-02-07 10:38:00,189.64,189.65,189.5,189.59,97451
2024-02-07 10:39:00,189.59,189.69,189.58,189.64,71411
2024-02-07 10:40:00,189.64,189.72,189.57,189.63,83826
2024-02-07 10:41:00,189.64,189.69,189.62,189.66,45335
2024-02-07 10:42:00,189.67,189.81,189.66,189.75,92511
2024-02-07 10:43:00,189.75,189.76,189.57,189.61,96520
2024-02-07 10:44:00,189.62,189.79,189.61,189.77,64579
2024-02-07 10:45:00,189.77,189.8,189.66,189.67,69882
2024-02-07 10:46:00,189.67,189.76,189.66,189.68,62431
2024-02-07 10:47:00,189.68,189.7,189.57,189.6,65146
2024-02-07 10:48:00,189.61,189.74,189.6,189.72,64416
2024-02-07 10:49:00,189.72,189.78,189.7,189.74,64117
2024-02-07 10:50:00,189.75,189.87,189.74,189.84,103521
2024-02-07 10:51:00,189.84,189.86,189.76,189.81,66767
2024-02-07 10:52:00,189.81,189.93,189.8,189.92,154072
2024-02-07 10:53:00,189.92,189.92,189.65,189.67,120817
2024-02-07 10:54:00,189.67,189.74,189.62,189.68,77072
2024-02-07 10:55:00,189.68,189.69,189.53,189.59,110010
2024-02-07 10:56:00,189.6,189.75,189.59,189.65,72943
2024-02-07 10:57:00,189.65,189.87,189.64,189.78,75035
2024-02-07 10:58:00,189.8,189.84,189.76,189.79,57860
2024-02-07 10:59:00,189.81,189.83,189.63,189.66,68062
2024-02-07 11:00:00,189.66,189.72,189.32,189.38,132471
2024-02-07 11:01:00,189.37,189.46,189.3,189.4,106873
2024-02-07 11:02:00,189.4,189.4,189.2,189.38,135718
2024-02-07 11:03:00,189.4,189.46,189.29,189.45,76970
2024-02-07 11:04:00,189.45,189.5,189.37,189.47,62578
2024-02-07 11:05:00,189.47,189.48,189.36,189.42,69228
2024-02-07 11:06:00,189.42,189.42,189.24,189.37,75774
2024-02-07 11:07:00,189.37,189.49,189.35,189.36,61258
2024-02-07 11:08:00,189.36,189.43,189.33,189.4,72374
2024-02-07 11:09:00,189.39,189.45,189.34,189.34,75263
2024-02-07 11:10:00,189.35,189.52,189.34,189.4,98058
2024-02-07 11:11:00,189.4,189.58,189.39,189.53,76779
2024-02-07 11:12:00,189.52,189.58,189.45,189.46,59046
2024-02-07 11:13:00,189.46,189.55,189.42,189.45,75512
2024-02-07 11:14:00,189.45,189.5,189.4,189.45,64952
2024-02-07 11:15:00,189.46,189.5,189.42,189.46,55920
2024-02-07 11:16:00,189.46,189.48,189.22,189.23,102733
2024-02-07 11:17:00,189.23,189.3,189.14,189.16,108395
2024-02-07 11:18:00,189.15,189.21,189.1,189.11,93772
2024-02-07 11:19:00,189.11,189.22,189.1,189.17,65054
2024-02-07 11:20:00,189.18,189.19,188.99,189.02,135473
2024-02-07 11:21:00,189.03,189.06,188.83,188.91,183188
2024-02-07 11:22:00,188.93,188.93,188.81,188.85,161697
2024-02-07 11:23:00,188.84,188.93,188.8,188.93,114066
2024-02-07 11:24:00,188.94,188.94,188.83,188.85,53509
2024-02-07 11:25:00,188.85,188.91,188.81,188.84,62917
2024-02-07 11:26:00,188.86,188.95,188.84,188.94,74841
2024-02-07 11:27:00,188.94,189.04,188.93,189.04,98587
2024-02-07 11:28:00,189.05,189.08,189.0,189.05,76945
2024-02-07 11:29:00,189.06,189.12,189.05,189.08,95605
2024-02-07 11:30:00,189.08,189.1,188.97,189.0,233047
2024-02-07 11:31:00,188.99,189.04,188.92,189.0,59992
2024-02-07 11:32:00,189.0,189.05,188.98,189.05,42207
2024-02-07 11:33:00,189.05,189.12,189.02,189.09,69734
2024-02-07 11:34:00,189.08,189.1,188.95,188.99,156843
2024-02-07 11:35:00,189.0,189.03,188.94,188.99,74141
2024-02-07 11:36:00,188.99,189.01,188.92,188.93,42416
2024-02-07 11:37:00,188.93,189.01,188.92,188.98,51623
2024-02-07 11:38:00,188.98,189.01,188.9,189.0,41684
2024-02-07 11:39:00,188.99,189.0,188.95,188.98,44320
2024-02-07 11:40:00,188.98,188.99,188.93,188.96,31405
2024-02-07 11:41:00,188.96,188.97,188.86,188.94,41375
2024-02-07 11:42:00,188.94,189.01,188.92,189.01,55452
2024-02-07 11:43:00,189.0,189.02,188.98,189.0,42668
2024-02-07 11:44:00,188.99,189.08,188.99,189.04,74288
2024-02-07 11:45:00,189.04,189.07,188.95,188.97,57969
2024-02-07 11:46:00,188.97,188.99,188.86,188.92,46955
2024-02-07 11:47:00,188.91,188.91,188.85,188.91,27017
2024-02-07 11:48:00,188.92,188.97,188.88,188.92,44121
2024-02-07 11:49:00,188.92,188.93,188.81,188.87,74028
2024-02-07 11:50:00,188.87,189.07,188.87,189.06,61217
2024-02-07 11:51:00,189.06,189.08,189.0,189.0,48271
2024-02-07 11:52:00,189.0,189.08,188.97,188.98,52720
2024-02-07 11:53:00,188.98,189.09,188.97,189.07,53281
2024-02-07 11:54:00,189.07,189.16,189.07,189.15,80666
2024-02-07 11:55:00,189.14,189.21,189.12,189.2,82457
2024-02-07 11:56:00,189.2,189.27,189.19,189.2,102281
2024-02-07 11:57:00,189.19,189.23,189.18,189.19,39259
2024-02-07 11:58:00,189.19,189.26,189.16,189.25,69435
2024-02-07 11:59:00,189.25,189.26,189.13,189.14,72340
2024-02-07 12:00:00,189.14,189.17,189.05,189.08,59862
2024-02-07 12:01:00,189.08,189.14,189.06,189.1,65256
2024-02-07 12:02:00,189.09,189.1,188.98,189.08,57054
2024-02-07 12:03:00,189.08,189.22,189.08,189.19,60927
2024-02-07 12:04:00,189.19,189.2,189.12,189.16,49920
2024-02-07 12:05:00,189.15,189.19,189.08,189.14,61320
2024-02-07 12:06:00,189.13,189.21,189.1,189.1,39888
2024-02-07 12:07:00,189.11,189.11,189.05,189.08,32985
2024-02-07 12:08:00,189.08,189.15,189.07,189.13,29884
2024-02-07 12:09:00,189.12,189.13,189.08,189.1,26269
2024-02-07 12:10:00,189.09,189.13,189.04,189.05,42595
2024-02-07 12:11:00,189.06,189.11,188.98,189.0,46828
2024-02-07 12:12:00,188.99,189.02,188.92,188.96,37347
2024-02-07 12:13:00,188.96,189.05,188.95,189.03,60388
2024-02-07 12:14:00,189.04,189.11,189.03,189.1,32467
2024-02-07 12:15:00,189.11,189.14,189.04,189.14,39504
2024-02-07 12:16:00,189.14,189.14,189.08,189.12,53489
2024-02-07 12:17:00,189.13,189.2,189.12,189.17,43495
2024-02-07 12:18:00,189.17,189.17,189.14,189.16,24964
2024-02-07 12:19:00,189.16,189.19,189.13,189.15,33965
2024-02-07 12:20:00,189.15,189.15,189.09,189.12,35551
2024-02-07 12:21:00,189.11,189.15,189.06,189.14,52128
2024-02-07 12:22:00,189.14,189.17,189.1,189.17,35736
2024-02-07 12:23:00,189.18,189.22,189.16,189.21,84153
2024-02-07 12:24:00,189.19,189.22,189.15,189.15,52466
2024-02-07 12:25:00,189.15,189.16,189.08,189.1,61888
2024-02-07 12:26:00,189.11,189.13,189.0,189.01,64170
2024-02-07 12:27:00,189.01,189.05,188.99,189.05,66006
2024-02-07 12:28:00,189.05,189.12,189.02,189.03,45824
2024-02-07 12:29:00,189.03,189.04,188.97,189.0,46122
2024-02-07 12:30:00,189.0,189.01,188.9,188.93,99113
2024-02-07 12:31:00,188.91,188.98,188.91,188.95,31220
2024-02-07 12:32:00,188.95,189.02,188.91,188.92,51708
2024-02-07 12:33:00,188.92,188.99,188.86,188.88,98989
2024-02-07 12:34:00,188.88,188.95,188.87,188.95,40449
2024-02-07 12:35:00,188.94,188.98,188.91,188.93,60223
2024-02-07 12:36:00,188.92,188.92,188.83,188.89,56950
2024-02-07 12:37:00,188.88,188.88,188.76,188.78,87463
2024-02-07 12:38:00,188.77,188.8,188.65,188.72,139675
2024-02-07 12:39:00,188.72,188.79,188.7,188.74,67336
2024-02-07 12:40:00,188.74,188.75,188.66,188.72,75265
2024-02-07 12:41:00,188.72,188.74,188.65,188.74,85515
2024-02-07 12:42:00,188.74,188.87,188.72,188.85,77144
2024-02-07 12:43:00,188.85,188.97,188.82,188.96,78353
2024-02-07 12:44:00,188.97,188.99,188.92,188.92,78776
2024-02-07 12:45:00,188.91,188.93,188.84,188.86,55128
2024-02-07 12:46:00,188.86,189.0,188.86,188.99,113895
2024-02-07 12:47:00,189.0,189.08,188.93,188.95,107292
2024-02-07 12:48:00,188.94,188.95,188.76,188.81,64277
2024-02-07 12:49:00,188.81,188.92,188.79,188.92,56770
2024-02-07 12:50:00,188.92,189.0,188.91,188.96,44815
2024-02-07 12:51:00,188.96,188.97,188.88,188.91,42013
2024-02-07 12:52:00,188.9,188.93,188.86,188.91,28292
2024-02-07 12:53:00,188.9,189.0,188.89,188.97,47162
2024-02-07 12:54:00,188.97,189.01,188.97,188.99,24769
2024-02-07 12:55:00,189.0,189.05,188.99,189.02,45343
2024-02-07 12:56:00,189.02,189.02,188.96,188.97,36873
2024-02-07 12:57:00,188.97,189.0,188.91,188.92,46219
2024-02-07 12:58:00,188.92,188.99,188.91,188.95,46370
2024-02-07 12:59:00,188.95,189.02,188.92,189.0,69090
2024-02-07 13:00:00,189.0,189.01,188.87,188.87,48835
2024-02-07 13:01:00,188.87,189.08,188.82,189.04,157782
2024-02-07 13:02:00,189.05,189.06,188.88,188.96,99878
2024-02-07 13:03:00,188.98,189.09,188.95,189.0,52687
2024-02-07 13:04:00,188.97,188.99,188.73,188.77,71556
2024-02-07 13:05:00,188.78,188.91,188.77,188.87,50756
2024-02-07 13:06:00,188.86,188.98,188.85,188.92,47948
2024-02-07 13:07:00,188.92,188.94,188.85,188.89,53515
2024-02-07 13:08:00,188.88,188.91,188.8,188.85,33210
2024-02-07 13:09:00,188.85,188.94,188.82,188.93,35851
2024-02-07 13:10:00,188.93,189.02,188.9,189.0,74679
2024-02-07 13:11:00,188.99,189.04,188.96,189.0,46747
2024-02-07 13:12:00,189.02,189.08,188.99,189.01,67507
2024-02-07 13:13:00,189.01,189.05,189.0,189.01,56823
2024-02-07 13:14:00,189.01,189.05,188.99,189.04,45608
2024-02-07 13:15:00,189.04,189.12,189.03,189.08,140028
2024-02-07 13:16:00,189.08,189.09,188.98,189.02,39555
2024-02-07 13:17:00,189.01,189.11,188.98,189.1,42839
2024-02-07 13:18:00,189.09,189.1,189.05,189.06,32870
2024-02-07 13:19:00,189.06,189.06,188.97,189.01,42436
2024-02-07 13:20:00,189.01,189.09,189.01,189.07,40165
2024-02-07 13:21:00,189.07,189.1,189.02,189.06,28030
2024-02-07 13:22:00,189.06,189.17,189.06,189.17,63635
2024-02-07 13:23:00,189.16,189.18,189.07,189.12,37545
2024-02-07 13:24:00,189.11,189.15,189.06,189.07,44667
2024-02-07 13:25:00,189.06,189.17,189.02,189.17,28060
2024-02-07 13:26:00,189.17,189.17,189.09,189.09,34568
2024-02-07 13:27:00,189.09,189.13,189.06,189.07,34756
2024-02-07 13:28:00,189.06,189.15,189.06,189.12,65172
2024-02-07 13:29:00,189.1,189.14,189.09,189.12,30453
2024-02-07 13:30:00,189.13,189.24,189.13,189.22,87071
2024-02-07 13:31:00,189.22,189.27,189.19,189.25,99238
2024-02-07 13:32:00,189.24,189.25,189.15,189.16,46007
2024-02-07 13:33:00,189.17,189.2,189.12,189.17,42082
2024-02-07 13:34:00,189.17,189.17,189.1,189.15,40673
2024-02-07 13:35:00,189.15,189.16,189.11,189.15,32512
2024-02-07 13:36:00,189.15,189.18,189.12,189.14,52904
2024-02-07 13:37:00,189.13,189.14,189.07,189.13,45279
2024-02-07 13:38:00,189.13,189.15,189.04,189.05,32947
2024-02-07 13:39:00,189.05,189.11,189.03,189.11,31433
2024-02-07 13:40:00,189.11,189.12,189.03,189.03,25187
2024-02-07 13:41:00,189.03,189.11,188.86,188.95,153969
2024-02-07 13:42:00,188.96,189.02,188.92,189.0,45675
2024-02-07 13:43:00,189.01,189.08,188.98,189.06,44284
2024-02-07 13:44:00,189.06,189.07,188.99,189.03,82160
2024-02-07 13:45:00,189.04,189.05,188.97,189.0,62149
2024-02-07 13:46:00,188.99,189.09,188.98,189.09,52682
2024-02-07 13:47:00,189.09,189.11,189.05,189.07,43950
2024-02-07 13:48:00,189.07,189.12,189.07,189.1,30094
2024-02-07 13:49:00,189.1,189.2,189.1,189.16,51411
2024-02-07 13:50:00,189.17,189.22,189.15,189.17,50367
2024-02-07 13:51:00,189.16,189.23,189.16,189.21,59421
2024-02-07 13:52:00,189.22,189.23,189.19,189.21,41761
2024-02-07 13:53:00,189.21,189.25,189.18,189.23,41638
2024-02-07 13:54:00,189.24,189.27,189.22,189.23,38904
2024-02-07 13:55:00,189.23,189.3,189.22,189.29,54276
2024-02-07 13:56:00,189.28,189.29,189.2,189.21,43212
2024-02-07 13:57:00,189.2,189.2,189.13,189.17,40757
2024-02-07 13:58:00,189.17,189.19,189.14,189.16,56476
2024-02-07 13:59:00,189.16,189.21,189.15,189.2,45189
2024-02-07 14:00:00,189.2,189.27,189.19,189.23,64362
2024-02-07 14:01:00,189.24,189.24,189.12,189.15,82589
2024-02-07 14:02:00,189.16,189.18,189.12,189.13,48484
2024-02-07 14:03:00,189.12,189.16,189.06,189.12,61909
2024-02-07 14:04:00,189.12,189.14,189.05,189.06,50522
2024-02-07 14:05:00,189.05,189.11,189.03,189.09,52076
2024-02-07 14:06:00,189.09,189.1,189.04,189.07,39130
2024-02-07 14:07:00,189.07,189.09,189.01,189.08,32305
2024-02-07 14:08:00,189.08,189.1,189.04,189.06,48820
2024-02-07 14:09:00,189.06,189.06,189.01,189.02,47827
2024-02-07 14:10:00,189.02,189.03,188.98,189.02,75685
2024-02-07 14:11:00,189.02,189.02,188.95,189.02,42705
2024-02-07 14:12:00,189.02,189.08,188.98,189.08,56737
2024-02-07 14:13:00,189.08,189.08,188.97,188.98,39680
2024-02-07 14:14:00,188.97,189.0,188.95,188.99,36587
2024-02-07 14:15:00,188.99,189.05,188.96,189.02,49665
2024-02-07 14:16:00,189.03,189.08,189.0,189.05,39569
2024-02-07 14:17:00,189.05,189.1,188.98,188.98,81735
2024-02-07 14:18:00,188.97,189.02,188.95,188.99,42398
2024-02-07 14:19:00,188.99,189.02,188.97,188.99,33482
2024-02-07 14:20:00,189.0,189.06,189.0,189.05,39362
2024-02-07 14:21:00,189.05,189.07,188.99,189.06,42874
2024-02-07 14:22:00,189.06,189.08,189.02,189.06,41286
2024-02-07 14:23:00,189.07,189.11,189.04,189.04,48812
2024-02-07 14:24:00,189.04,189.08,189.01,189.08,41412
2024-02-07 14:25:00,189.08,189.08,189.02,189.04,50322
2024-02-07 14:26:00,189.03,189.03,188.99,189.01,44053
2024-02-07 14:27:00,189.01,189.03,189.0,189.02,22437
2024-02-07 14:28:00,189.01,189.01,188.94,188.97,43334
2024-02-07 14:29:00,188.97,188.99,188.95,188.97,29627
2024-02-07 14:30:00,188.98,189.03,188.96,189.03,42839
2024-02-07 14:31:00,189.03,189.05,188.97,189.03,38342
2024-02-07 14:32:00,189.02,189.03,188.89,188.91,49855
2024-02-07 14:33:00,188.91,188.96,188.9,188.95,36510
2024-02-07 14:34:00,188.94,189.02,188.93,188.99,31663
2024-02-07 14:35:00,188.98,188.99,188.9,188.91,37287
2024-02-07 14:36:00,188.92,188.98,188.89,188.93,58042
2024-02-07 14:37:00,188.93,188.97,188.92,188.95,37850
2024-02-07 14:38:00,188.95,189.03,188.94,189.03,51833
2024-02-07 14:39:00,189.03,189.08,188.99,189.04,53006
2024-02-07 14:40:00,189.04,189.08,189.01,189.08,41141
2024-02-07 14:41:00,189.08,189.08,189.03,189.07,41844
2024-02-07 14:42:00,189.07,189.1,189.01,189.09,41978
2024-02-07 14:43:00,189.09,189.15,189.07,189.08,50933
2024-02-07 14:44:00,189.09,189.12,189.06,189.09,35660
2024-02-07 14:45:00,189.09,189.18,189.08,189.17,43941
2024-02-07 14:46:00,189.17,189.2,189.16,189.19,58250
2024-02-07 14:47:00,189.19,189.27,189.16,189.27,79248
2024-02-07 14:48:00,189.28,189.33,189.26,189.31,70417
2024-02-07 14:49:00,189.31,189.32,189.27,189.31,67152
2024-02-07 14:50:00,189.31,189.37,189.27,189.36,70236
2024-02-07 14:51:00,189.37,189.41,189.36,189.39,106296
2024-02-07 14:52:00,189.38,189.39,189.29,189.29,54315
2024-02-07 14:53:00,189.3,189.31,189.16,189.17,82765
2024-02-07 14:54:00,189.17,189.24,189.16,189.24,56865
2024-02-07 14:55:00,189.23,189.29,189.22,189.25,55709
2024-02-07 14:56:00,189.25,189.29,189.24,189.28,40619
2024-02-07 14:57:00,189.27,189.28,189.21,189.25,35308
2024-02-07 14:58:00,189.26,189.28,189.21,189.25,33164
2024-02-07 14:59:00,189.24,189.26,189.22,189.26,30670
2024-02-07 15:00:00,189.27,189.29,189.21,189.28,47809
2024-02-07 15:01:00,189.28,189.28,189.22,189.24,41041
2024-02-07 15:02:00,189.25,189.27,189.14,189.25,52431
2024-02-07 15:03:00,189.26,189.35,189.24,189.35,75763
2024-02-07 15:04:00,189.34,189.35,189.29,189.31,66708
2024-02-07 15:05:00,189.31,189.32,189.27,189.32,56161
2024-02-07 15:06:00,189.32,189.33,189.26,189.29,47406
2024-02-07 15:07:00,189.28,189.29,189.21,189.25,67210
2024-02-07 15:08:00,189.25,189.3,189.21,189.26,73088
2024-02-07 15:09:00,189.25,189.26,189.22,189.25,67289
2024-02-07 15:10:00,189.25,189.32,189.24,189.25,94347
2024-02-07 15:11:00,189.25,189.28,189.22,189.28,51224
2024-02-07 15:12:00,189.28,189.28,189.24,189.28,73963
2024-02-07 15:13:00,189.28,189.29,189.15,189.17,126754
2024-02-07 15:14:00,189.17,189.23,189.15,189.18,77895
2024-02-07 15:15:00,189.17,189.26,189.16,189.23,78626
2024-02-07 15:16:00,189.22,189.25,189.04,189.12,162069
2024-02-07 15:17:00,189.12,189.14,189.06,189.12,100831
2024-02-07 15:18:00,189.12,189.2,189.12,189.13,77570
2024-02-07 15:19:00,189.13,189.14,189.1,189.12,63603
2024-02-07 15:20:00,189.12,189.13,189.08,189.11,76130
2024-02-07 15:21:00,189.1,189.15,189.09,189.15,49077
2024-02-07 15:22:00,189.15,189.16,189.11,189.16,46245
2024-02-07 15:23:00,189.15,189.17,189.12,189.14,73851
2024-02-07 15:24:00,189.15,189.22,189.12,189.22,66509
2024-02-07 15:25:00,189.22,189.22,189.15,189.15,56904
2024-02-07 15:26:00,189.16,189.16,189.11,189.15,58763
2024-02-07 15:27:00,189.14,189.17,189.12,189.15,79659
2024-02-07 15:28:00,189.15,189.19,189.13,189.18,43911
2024-02-07 15:29:00,189.18,189.22,189.16,189.18,68427
2024-02-07 15:30:00,189.18,189.21,189.16,189.2,84202
2024-02-07 15:31:00,189.2,189.24,189.17,189.21,119462
2024-02-07 15:32:00,189.2,189.2,189.09,189.14,113964
2024-02-07 15:33:00,189.14,189.21,189.11,189.18,56115
2024-02-07 15:34:00,189.17,189.19,189.13,189.15,69761
2024-02-07 15:35:00,189.14,189.24,189.14,189.23,123830
2024-02-07 15:36:00,189.23,189.31,189.22,189.28,119625
2024-02-07 15:37:00,189.28,189.28,189.11,189.12,118439
2024-02-07 15:38:00,189.13,189.18,189.11,189.16,147121
2024-02-07 15:39:00,189.16,189.2,189.13,189.16,111740
2024-02-07 15:40:00,189.16,189.16,189.07,189.09,116724
2024-02-07 15:41:00,189.1,189.13,189.06,189.1,112237
2024-02-07 15:42:00,189.11,189.13,189.07,189.08,87669
2024-02-07 15:43:00,189.07,189.08,188.93,189.01,134380
2024-02-07 15:44:00,189.02,189.1,189.01,189.1,85489
2024-02-07 15:45:00,189.09,189.18,189.06,189.18,124564
2024-02-07 15:46:00,189.17,189.2,189.12,189.17,109997
2024-02-07 15:47:00,189.18,189.23,189.16,189.2,111133
2024-02-07 15:48:00,189.21,189.25,189.16,189.25,96796
2024-02-07 15:49:00,189.25,189.25,189.2,189.21,118753
2024-02-07 15:50:00,189.21,189.36,189.2,189.32,294880
2024-02-07 15:51:00,189.33,189.37,189.25,189.37,167271
2024-02-07 15:52:00,189.37,189.39,189.27,189.33,167772
2024-02-07 15:53:00,189.34,189.39,189.31,189.36,128838
2024-02-07 15:54:00,189.36,189.36,189.18,189.2,173218
2024-02-07 15:55:00,189.2,189.28,189.2,189.24,171383
2024-02-07 15:56:00,189.24,189.29,189.2,189.28,162887
2024-02-07 15:57:00,189.28,189.33,189.23,189.33,222085
2024-02-07 15:58:00,189.33,189.33,189.27,189.28,212145
2024-02-07 15:59:00,189.28,189.42,189.28,189.41,686268
2024-02-08 09:30:00,189.35,189.54,189.07,189.15,658209
2024-02-08 09:31:00,189.11,189.29,189.07,189.17,157918
2024-02-08 09:32:00,189.19,189.31,189.1,189.14,68253
2024-02-08 09:33:00,189.11,189.12,188.77,188.89,182652
2024-02-08 09:34:00,188.9,189.08,188.86,188.9,112375
2024-02-08 09:35:00,188.9,189.11,188.89,189.11,103980
2024-02-08 09:36:00,189.13,189.28,189.08,189.14,123357
2024-02-08 09:37:00,189.15,189.48,189.12,189.48,130002
2024-02-08 09:38:00,189.46,189.53,189.32,189.32,164365
2024-02-08 09:39:00,189.32,189.35,189.19,189.22,72770
2024-02-08 09:40:00,189.22,189.28,188.88,188.88,160241
2024-02-08 09:41:00,188.89,189.08,188.89,188.97,182843
2024-02-08 09:42:00,188.97,189.04,188.81,189.0,137883
2024-02-08 09:43:00,189.0,189.03,188.89,188.98,68405
2024-02-08 09:44:00,188.99,189.08,188.91,188.96,82054
2024-02-08 09:45:00,189.0,189.09,188.98,189.08,198078
2024-02-08 09:46:00,189.08,189.1,189.02,189.05,93851
2024-02-08 09:47:00,189.05,189.07,188.94,188.95,81571
2024-02-08 09:48:00,188.96,189.13,188.96,189.06,97555
2024-02-08 09:49:00,189.05,189.11,188.99,189.02,74118
2024-02-08 09:50:00,189.02,189.03,188.76,188.89,214052
2024-02-08 09:51:00,188.89,188.94,188.84,188.89,116100
2024-02-08 09:52:00,188.9,188.9,188.81,188.84,83056
2024-02-08 09:53:00,188.83,188.85,188.7,188.75,157160
2024-02-08 09:54:00,188.75,188.81,188.75,188.76,87075
2024-02-08 09:55:00,188.77,188.8,188.73,188.78,95381
2024-02-08 09:56:00,188.79,188.87,188.76,188.83,108237
2024-02-08 09:57:00,188.83,188.89,188.79,188.8,92173
2024-02-08 09:58:00,188.8,188.84,188.74,188.82,69146
2024-02-08 09:59:00,188.82,188.97,188.77,188.95,126441
2024-02-08 10:00:00,188.95,188.96,188.72,188.85,147027
2024-02-08 10:01:00,188.86,188.87,188.79,188.81,73437
2024-02-08 10:02:00,188.81,188.81,188.74,188.76,83771
2024-02-08 10:03:00,188.75,188.81,188.67,188.69,117484
2024-02-08 10:04:00,188.7,188.76,188.64,188.75,85219
2024-02-08 10:05:00,188.75,188.83,188.67,188.68,76785
2024-02-08 10:06:00,188.68,188.73,188.62,188.65,73762
2024-02-08 10:07:00,188.66,188.69,188.52,188.55,122023
2024-02-08 10:08:00,188.55,188.59,188.48,188.49,136887
2024-02-08 10:09:00,188.49,188.51,188.41,188.42,124847
2024-02-08 10:10:00,188.4,188.44,188.28,188.3,131836
2024-02-08 10:11:00,188.3,188.31,188.17,188.19,113328
2024-02-08 10:12:00,188.18,188.18,188.04,188.06,124845
2024-02-08 10:13:00,188.06,188.08,187.96,188.01,183218
2024-02-08 10:14:00,188.01,188.03,187.92,187.98,132386
2024-02-08 10:15:00,187.98,188.08,187.97,188.06,169992
2024-02-08 10:16:00,188.06,188.06,187.92,187.97,145780
2024-02-08 10:17:00,187.96,187.99,187.85,187.86,131532
2024-02-08 10:18:00,187.86,187.95,187.83,187.94,114099
2024-02-08 10:19:00,187.95,187.97,187.89,187.94,78946
2024-02-08 10:20:00,187.94,187.95,187.86,187.92,101817
2024-02-08 10:21:00,187.93,188.2,187.92,188.2,171626
2024-02-08 10:22:00,188.19,188.3,188.0,188.02,142487
2024-02-08 10:23:00,188.02,188.08,187.9,187.93,120377
2024-02-08 10:24:00,187.93,188.07,187.92,188.01,95300
2024-02-08 10:25:00,188.01,188.02,187.84,187.86,92187
2024-02-08 10:26:00,187.85,188.05,187.84,188.01,91251
2024-02-08 10:27:00,188.02,188.04,187.89,187.94,84960
2024-02-08 10:28:00,187.93,187.94,187.84,187.84,65766
2024-02-08 10:29:00,187.84,187.88,187.77,187.8,109531
2024-02-08 10:30:00,187.8,187.81,187.74,187.75,148667
2024-02-08 10:31:00,187.76,187.77,187.53,187.53,167612
2024-02-08 10:32:00,187.53,187.59,187.35,187.58,175967
2024-02-08 10:33:00,187.59,187.77,187.58,187.7,128870
2024-02-08 10:34:00,187.7,187.71,187.65,187.67,60370
2024-02-08 10:35:00,187.69,187.82,187.68,187.81,66038
2024-02-08 10:36:00,187.81,187.83,187.73,187.74,68474
2024-02-08 10:37:00,187.73,187.78,187.67,187.71,104153
2024-02-08 10:38:00,187.71,187.72,187.59,187.63,131102
2024-02-08 10:39:00,187.62,187.69,187.58,187.67,95631
2024-02-08 10:40:00,187.69,187.72,187.61,187.7,85930
2024-02-08 10:41:00,187.7,187.75,187.66,187.69,197208
2024-02-08 10:42:00,187.68,187.78,187.63,187.78,112416
2024-02-08 10:43:00,187.77,187.83,187.73,187.77,66538
2024-02-08 10:44:00,187.77,187.79,187.74,187.78,47764
2024-02-08 10:45:00,187.78,187.82,187.74,187.78,79455
2024-02-08 10:46:00,187.78,187.78,187.66,187.68,81405
2024-02-08 10:47:00,187.68,187.69,187.55,187.56,112238
2024-02-08 10:48:00,187.55,187.87,187.55,187.86,144455
2024-02-08 10:49:00,187.87,187.99,187.85,187.99,105192
2024-02-08 10:50:00,187.98,188.06,187.91,188.05,110698
2024-02-08 10:51:00,188.06,188.07,187.96,188.03,113027
2024-02-08 10:52:00,188.02,188.07,188.0,188.05,89333
2024-02-08 10:53:00,188.05,188.09,188.04,188.06,70825
2024-02-08 10:54:00,188.06,188.1,188.06,188.08,56626
2024-02-08 10:55:00,188.07,188.08,187.96,187.98,95688
2024-02-08 10:56:00,187.98,188.05,187.97,188.0,93478
2024-02-08 10:57:00,187.99,188.04,187.97,188.02,73762
2024-02-08 10:58:00,188.02,188.1,188.01,188.09,46980
2024-02-08 10:59:00,188.09,188.12,188.07,188.12,65751
2024-02-08 11:00:00,188.11,188.17,188.1,188.13,125224
2024-02-08 11:01:00,188.14,188.14,188.06,188.08,56963
2024-02-08 11:02:00,188.08,188.11,188.02,188.09,80701
2024-02-08 11:03:00,188.09,188.11,187.99,188.0,79814
2024-02-08 11:04:00,188.0,188.16,187.99,188.16,60833
2024-02-08 11:05:00,188.16,188.17,188.08,188.14,54667
2024-02-08 11:06:00,188.15,188.16,188.02,188.04,54809
2024-02-08 11:07:00,188.03,188.07,188.02,188.05,48727
2024-02-08 11:08:00,188.03,188.12,188.01,188.09,58963
2024-02-08 11:09:00,188.09,188.09,188.03,188.05,43629
2024-02-08 11:10:00,188.06,188.12,188.05,188.07,53275
2024-02-08 11:11:00,188.08,188.13,188.05,188.12,46442
2024-02-08 11:12:00,188.13,188.16,188.07,188.12,58607
2024-02-08 11:13:00,188.11,188.11,188.02,188.02,51965
2024-02-08 11:14:00,188.03,188.05,187.89,187.97,107509
2024-02-08 11:15:00,187.98,188.05,187.93,187.95,60528
2024-02-08 11:16:00,187.95,187.95,187.88,187.89,47410
2024-02-08 11:17:00,187.89,187.91,187.83,187.91,61837
2024-02-08 11:18:00,187.91,187.94,187.9,187.94,43287
2024-02-08 11:19:00,187.94,188.0,187.93,187.99,52156
2024-02-08 11:20:00,187.99,188.17,187.97,188.17,80021
2024-02-08 11:21:00,188.17,188.22,188.14,188.16,89527
2024-02-08 11:22:00,188.16,188.21,188.14,188.17,74034
2024-02-08 11:23:00,188.17,188.18,188.08,188.11,73785
2024-02-08 11:24:00,188.11,188.12,188.03,188.06,43620
2024-02-08 11:25:00,188.06,188.12,188.06,188.1,76427
2024-02-08 11:26:00,188.09,188.11,187.93,187.94,112799
2024-02-08 11:27:00,187.94,188.07,187.93,188.06,67836
2024-02-08 11:28:00,188.06,188.06,187.98,187.98,59677
2024-02-08 11:29:00,187.98,188.01,187.94,188.0,49739
2024-02-08 11:30:00,187.99,188.04,187.93,188.03,79782
2024-02-08 11:31:00,188.03,188.07,188.0,188.06,70080
2024-02-08 11:32:00,188.06,188.21,188.05,188.19,69663
2024-02-08 11:33:00,188.19,188.2,188.13,188.16,70137
2024-02-08 11:34:00,188.16,188.35,188.14,188.33,84846
2024-02-08 11:35:00,188.32,188.35,188.27,188.34,52118
2024-02-08 11:36:00,188.34,188.37,188.3,188.34,58720
2024-02-08 11:37:00,188.33,188.36,188.3,188.34,58527
2024-02-08 11:38:00,188.35,188.38,188.31,188.33,56950
2024-02-08 11:39:00,188.33,188.35,188.28,188.31,55862
2024-02-08 11:40:00,188.31,188.37,188.29,188.36,65862
2024-02-08 11:41:00,188.37,188.4,188.32,188.33,56922
2024-02-08 11:42:00,188.32,188.33,188.2,188.21,63574
2024-02-08 11:43:00,188.22,188.25,188.19,188.24,56757
2024-02-08 11:44:00,188.24,188.24,188.16,188.18,55689
2024-02-08 11:45:00,188.17,188.26,188.17,188.25,46787
2024-02-08 11:46:00,188.25,188.27,188.23,188.25,33847
2024-02-08 11:47:00,188.25,188.26,188.19,188.24,46770
2024-02-08 11:48:00,188.24,188.28,188.2,188.26,53509
2024-02-08 11:49:00,188.26,188.29,188.23,188.27,32512
2024-02-08 11:50:00,188.27,188.35,188.25,188.34,49776
2024-02-08 11:51:00,188.34,188.35,188.26,188.28,62829
2024-02-08 11:52:00,188.29,188.35,188.28,188.3,56609
2024-02-08 11:53:00,188.29,188.38,188.28,188.38,43057
2024-02-08 11:54:00,188.37,188.41,188.35,188.38,48348
2024-02-08 11:55:00,188.39,188.39,188.31,188.33,46657
2024-02-08 11:56:00,188.33,188.39,188.32,188.35,54367
2024-02-08 11:57:00,188.35,188.41,188.34,188.36,40649
2024-02-08 11:58:00,188.36,188.41,188.36,188.38,33626
2024-02-08 11:59:00,188.38,188.41,188.38,188.4,49270
2024-02-08 12:00:00,188.4,188.44,188.34,188.35,64946
2024-02-08 12:01:00,188.34,188.39,188.32,188.37,50859
2024-02-08 12:02:00,188.37,188.4,188.35,188.4,34968
2024-02-08 12:03:00,188.4,188.44,188.37,188.41,29985
2024-02-08 12:04:00,188.42,188.42,188.32,188.33,47749
2024-02-08 12:05:00,188.33,188.34,188.27,188.31,43181
2024-02-08 12:06:00,188.31,188.31,188.26,188.3,35178
2024-02-08 12:07:00,188.29,188.31,188.28,188.28,29650
2024-02-08 12:08:00,188.28,188.29,188.26,188.28,53266
2024-02-08 12:09:00,188.28,188.32,188.26,188.29,27089
2024-02-08 12:10:00,188.28,188.33,188.28,188.28,32828
2024-02-08 12:11:00,188.28,188.3,188.24,188.25,34719
2024-02-08 12:12:00,188.25,188.27,188.22,188.25,40068
2024-02-08 12:13:00,188.25,188.31,188.24,188.3,45096
2024-02-08 12:14:00,188.29,188.3,188.24,188.27,27485
2024-02-08 12:15:00,188.27,188.34,188.25,188.25,48129
2024-02-08 12:16:00,188.25,188.31,188.25,188.28,24484
2024-02-08 12:17:00,188.28,188.3,188.23,188.24,21953
2024-02-08 12:18:00,188.24,188.27,188.22,188.27,37047
2024-02-08 12:19:00,188.26,188.34,188.26,188.34,70817
2024-02-08 12:20:00,188.33,188.37,188.32,188.35,46750
2024-02-08 12:21:00,188.35,188.36,188.32,188.34,50404
2024-02-08 12:22:00,188.34,188.39,188.32,188.39,27361
2024-02-08 12:23:00,188.39,188.41,188.38,188.39,41659
2024-02-08 12:24:00,188.39,188.42,188.38,188.42,21952
2024-02-08 12:25:00,188.42,188.54,188.41,188.53,86350
2024-02-08 12:26:00,188.53,188.68,188.53,188.66,109008
2024-02-08 12:27:00,188.67,188.69,188.63,188.68,78290
2024-02-08 12:28:00,188.68,188.71,188.64,188.69,65486
2024-02-08 12:29:00,188.69,188.72,188.68,188.7,51427
2024-02-08 12:30:00,188.71,188.71,188.66,188.7,56911
2024-02-08 12:31:00,188.69,188.75,188.67,188.68,46652
2024-02-08 12:32:00,188.68,188.68,188.56,188.62,66940
2024-02-08 12:33:00,188.62,188.63,188.55,188.57,56278
2024-02-08 12:34:00,188.57,188.59,188.47,188.5,67899
2024-02-08 12:35:00,188.5,188.57,188.48,188.56,37231
2024-02-08 12:36:00,188.55,188.62,188.52,188.53,41664
2024-02-08 12:37:00,188.53,188.57,188.52,188.54,41867
2024-02-08 12:38:00,188.53,188.55,188.51,188.53,23143
2024-02-08 12:39:00,188.53,188.53,188.45,188.48,38344
2024-02-08 12:40:00,188.48,188.49,188.44,188.45,32044
2024-02-08 12:41:00,188.45,188.45,188.36,188.38,41215
2024-02-08 12:42:00,188.38,188.4,188.34,188.35,36032
2024-02-08 12:43:00,188.35,188.38,188.33,188.33,26272
2024-02-08 12:44:00,188.33,188.36,188.29,188.36,67773
2024-02-08 12:45:00,188.36,188.37,188.29,188.35,38485
2024-02-08 12:46:00,188.36,188.36,188.21,188.24,58382
2024-02-08 12:47:00,188.24,188.27,188.18,188.2,63848
2024-02-08 12:48:00,188.2,188.22,188.17,188.2,37579
2024-02-08 12:49:00,188.21,188.22,188.12,188.13,33369
2024-02-08 12:50:00,188.13,188.19,188.12,188.18,26822
2024-02-08 12:51:00,188.18,188.23,188.18,188.23,51526
2024-02-08 12:52:00,188.22,188.22,188.16,188.2,28233
2024-02-08 12:53:00,188.2,188.22,188.16,188.17,27656
2024-02-08 12:54:00,188.16,188.18,188.11,188.13,57884
2024-02-08 12:55:00,188.13,188.13,188.06,188.09,46417
2024-02-08 12:56:00,188.09,188.16,188.09,188.12,33859
2024-02-08 12:57:00,188.11,188.16,188.1,188.12,46318
2024-02-08 12:58:00,188.11,188.11,188.07,188.09,42763
2024-02-08 12:59:00,188.09,188.11,188.07,188.09,26697
2024-02-08 13:00:00,188.09,188.13,188.05,188.09,55543
2024-02-08 13:01:00,188.1,188.36,188.06,188.3,109245
2024-02-08 13:02:00,188.3,188.35,188.19,188.22,111494
2024-02-08 13:03:00,188.22,188.28,188.17,188.2,32123
2024-02-08 13:04:00,188.2,188.25,188.17,188.21,23291
2024-02-08 13:05:00,188.22,188.32,188.2,188.3,113891
2024-02-08 13:06:00,188.31,188.36,188.26,188.27,38605
2024-02-08 13:07:00,188.26,188.29,188.23,188.23,36773
2024-02-08 13:08:00,188.22,188.23,188.07,188.11,54199
2024-02-08 13:09:00,188.09,188.13,188.03,188.03,42301
2024-02-08 13:10:00,188.03,188.05,188.01,188.05,59289
2024-02-08 13:11:00,188.05,188.05,188.0,188.05,86582
2024-02-08 13:12:00,188.04,188.09,188.01,188.05,36223
2024-02-08 13:13:00,188.05,188.07,188.0,188.05,34479
2024-02-08 13:14:00,188.05,188.15,188.03,188.11,47684
2024-02-08 13:15:00,188.1,188.17,188.06,188.1,44669
2024-02-08 13:16:00,188.11,188.12,188.02,188.05,26621
2024-02-08 13:17:00,188.06,188.13,188.02,188.11,47625
2024-02-08 13:18:00,188.12,188.14,188.07,188.08,54667
2024-02-08 13:19:00,188.07,188.09,188.01,188.09,70560
2024-02-08 13:20:00,188.09,188.16,188.09,188.14,54232
2024-02-08 13:21:00,188.14,188.14,188.08,188.09,39759
2024-02-08 13:22:00,188.09,188.12,188.06,188.08,28891
2024-02-08 13:23:00,188.09,188.14,188.07,188.12,36888
2024-02-08 13:24:00,188.12,188.15,188.11,188.13,41395
2024-02-08 13:25:00,188.13,188.22,188.12,188.21,34774
2024-02-08 13:26:00,188.22,188.25,188.16,188.21,60866
2024-02-08 13:27:00,188.21,188.22,188.16,188.19,19054
2024-02-08 13:28:00,188.19,188.22,188.19,188.21,26548
2024-02-08 13:29:00,188.21,188.23,188.2,188.23,21797
2024-02-08 13:30:00,188.23,188.27,188.17,188.18,46762
2024-02-08 13:31:00,188.18,188.21,188.15,188.2,34938
2024-02-08 13:32:00,188.2,188.25,188.2,188.23,19246
2024-02-08 13:33:00,188.23,188.25,188.2,188.23,23198
2024-02-08 13:34:00,188.24,188.26,188.21,188.23,35010
2024-02-08 13:35:00,188.22,188.24,188.19,188.23,31451
2024-02-08 13:36:00,188.23,188.25,188.19,188.24,28548
2024-02-08 13:37:00,188.23,188.31,188.22,188.27,72695
2024-02-08 13:38:00,188.26,188.34,188.26,188.27,26613
2024-02-08 13:39:00,188.27,188.35,188.27,188.33,55935
2024-02-08 13:40:00,188.32,188.33,188.27,188.28,32463
2024-02-08 13:41:00,188.29,188.3,188.23,188.26,37852
2024-02-08 13:42:00,188.27,188.27,188.16,188.16,43981
2024-02-08 13:43:00,188.15,188.18,188.13,188.16,40298
2024-02-08 13:44:00,188.17,188.19,188.15,188.16,22348
2024-02-08 13:45:00,188.16,188.17,188.14,188.17,31873
2024-02-08 13:46:00,188.17,188.18,188.11,188.17,40981
2024-02-08 13:47:00,188.17,188.17,188.14,188.17,25080
2024-02-08 13:48:00,188.17,188.2,188.16,188.19,30448
2024-02-08 13:49:00,188.18,188.22,188.15,188.16,33950
2024-02-08 13:50:00,188.16,188.18,188.07,188.09,51140
2024-02-08 13:51:00,188.1,188.13,188.07,188.12,73124
2024-02-08 13:52:00,188.12,188.15,188.11,188.13,37926
2024-02-08 13:53:00,188.13,188.17,188.11,188.15,29719
2024-02-08 13:54:00,188.15,188.16,188.1,188.11,33585
2024-02-08 13:55:00,188.12,188.15,188.1,188.11,35374
2024-02-08 13:56:00,188.11,188.14,188.1,188.14,33765
2024-02-08 13:57:00,188.14,188.14,188.07,188.1,52766
2024-02-08 13:58:00,188.1,188.14,188.09,188.11,29175
2024-02-08 13:59:00,188.12,188.16,188.1,188.14,30784
2024-02-08 14:00:00,188.15,188.24,188.15,188.24,45760
2024-02-08 14:01:00,188.23,188.3,188.23,188.29,69166
2024-02-08 14:02:00,188.28,188.29,188.24,188.26,57210
2024-02-08 14:03:00,188.25,188.25,188.14,188.15,49981
2024-02-08 14:04:00,188.15,188.15,188.09,188.11,28516
2024-02-08 14:05:00,188.11,188.18,188.09,188.17,63253
2024-02-08 14:06:00,188.17,188.17,188.08,188.09,33459
2024-02-08 14:07:00,188.09,188.13,188.08,188.09,38522
2024-02-08 14:08:00,188.09,188.1,188.0,188.02,84352
2024-02-08 14:09:00,188.02,188.08,188.01,188.08,44718
2024-02-08 14:10:00,188.08,188.1,188.04,188.07,35872
2024-02-08 14:11:00,188.08,188.11,188.07,188.08,32373
2024-02-08 14:12:00,188.09,188.09,188.0,188.02,55409
2024-02-08 14:13:00,188.03,188.05,188.0,188.02,46379
2024-02-08 14:14:00,188.01,188.02,188.0,188.0,60177
2024-02-08 14:15:00,188.01,188.04,188.0,188.01,72156
2024-02-08 14:16:00,188.01,188.04,188.0,188.03,45440
2024-02-08 14:17:00,188.02,188.11,188.02,188.06,40904
2024-02-08 14:18:00,188.06,188.08,188.04,188.05,24166
2024-02-08 14:19:00,188.06,188.13,188.05,188.1,31145
2024-02-08 14:20:00,188.09,188.15,188.09,188.09,38151
2024-02-08 14:21:00,188.09,188.16,188.07,188.13,56908
2024-02-08 14:22:00,188.14,188.14,188.09,188.11,37488
2024-02-08 14:23:00,188.1,188.11,188.07,188.09,26415
2024-02-08 14:24:00,188.09,188.12,188.06,188.08,29313
2024-02-08 14:25:00,188.09,188.11,188.07,188.08,29094
2024-02-08 14:26:00,188.09,188.09,187.99,188.06,84698
2024-02-08 14:27:00,188.06,188.11,188.02,188.02,43328
2024-02-08 14:28:00,188.03,188.09,188.01,188.07,51768
2024-02-08 14:29:00,188.07,188.08,188.01,188.02,24336
2024-02-08 14:30:00,188.02,188.05,188.0,188.04,42531
2024-02-08 14:31:00,188.04,188.05,188.0,188.03,41966
2024-02-08 14:32:00,188.04,188.05,188.0,188.05,25324
2024-02-08 14:33:00,188.05,188.08,188.02,188.04,37923
2024-02-08 14:34:00,188.04,188.11,187.99,188.09,45271
2024-02-08 14:35:00,188.1,188.12,188.05,188.09,33066
2024-02-08 14:36:00,188.08,188.14,188.05,188.12,35015
2024-02-08 14:37:00,188.12,188.12,188.05,188.05,31231
2024-02-08 14:38:00,188.05,188.1,188.02,188.06,52786
2024-02-08 14:39:00,188.06,188.14,188.06,188.13,42212
2024-02-08 14:40:00,188.12,188.15,188.07,188.15,35293
2024-02-08 14:41:00,188.14,188.21,188.13,188.19,58990
2024-02-08 14:42:00,188.19,188.21,188.11,188.12,48825
2024-02-08 14:43:00,188.11,188.18,188.11,188.17,37652
2024-02-08 14:44:00,188.16,188.17,188.13,188.13,26533
2024-02-08 14:45:00,188.13,188.17,188.11,188.16,32303
2024-02-08 14:46:00,188.17,188.17,188.1,188.13,30222
2024-02-08 14:47:00,188.12,188.13,188.09,188.12,22066
2024-02-08 14:48:00,188.12,188.13,188.08,188.09,21246
2024-02-08 14:49:00,188.09,188.1,188.05,188.09,28302
2024-02-08 14:50:00,188.1,188.14,188.09,188.14,27050
2024-02-08 14:51:00,188.14,188.16,188.13,188.16,28448
2024-02-08 14:52:00,188.16,188.17,188.14,188.16,21443
2024-02-08 14:53:00,188.15,188.16,188.08,188.12,42411
2024-02-08 14:54:00,188.12,188.15,188.11,188.13,31716
2024-02-08 14:55:00,188.14,188.19,188.09,188.18,24516
2024-02-08 14:56:00,188.17,188.19,188.13,188.18,47081
2024-02-08 14:57:00,188.18,188.22,188.15,188.21,76514
2024-02-08 14:58:00,188.21,188.22,188.16,188.17,37352
2024-02-08 14:59:00,188.17,188.19,188.16,188.18,32735
2024-02-08 15:00:00,188.18,188.23,188.17,188.22,36084
2024-02-08 15:01:00,188.22,188.22,188.13,188.18,67944
2024-02-08 15:02:00,188.18,188.22,188.17,188.17,42227
2024-02-08 15:03:00,188.18,188.18,188.14,188.17,49218
2024-02-08 15:04:00,188.17,188.22,188.16,188.19,40369
2024-02-08 15:05:00,188.19,188.34,188.17,188.31,115580
2024-02-08 15:06:00,188.3,188.32,188.25,188.25,42361
2024-02-08 15:07:00,188.25,188.28,188.25,188.26,45036
2024-02-08 15:08:00,188.25,188.26,188.21,188.24,41788
2024-02-08 15:09:00,188.24,188.27,188.22,188.22,33991
2024-02-08 15:10:00,188.22,188.27,188.22,188.25,51165
2024-02-08 15:11:00,188.25,188.27,188.23,188.24,49995
2024-02-08 15:12:00,188.24,188.3,188.23,188.3,43440
2024-02-08 15:13:00,188.3,188.3,188.25,188.28,28781
2024-02-08 15:14:00,188.28,188.28,188.21,188.23,57366
2024-02-08 15:15:00,188.24,188.25,188.2,188.23,52011
2024-02-08 15:16:00,188.23,188.24,188.18,188.19,47800
2024-02-08 15:17:00,188.19,188.22,188.17,188.21,35247
2024-02-08 15:18:00,188.21,188.23,188.19,188.22,33917
2024-02-08 15:19:00,188.22,188.23,188.19,188.22,56194
2024-02-08 15:20:00,188.22,188.33,188.22,188.33,55501
2024-02-08 15:21:00,188.33,188.33,188.28,188.31,42577
2024-02-08 15:22:00,188.32,188.34,188.29,188.31,42220
2024-02-08 15:23:00,188.31,188.34,188.31,188.34,38332
2024-02-08 15:24:00,188.35,188.37,188.31,188.36,70981
2024-02-08 15:25:00,188.35,188.36,188.31,188.32,49248
2024-02-08 15:26:00,188.33,188.4,188.33,188.4,42787
2024-02-08 15:27:00,188.4,188.41,188.34,188.4,62535
2024-02-08 15:28:00,188.4,188.45,188.37,188.4,53230
2024-02-08 15:29:00,188.39,188.39,188.33,188.34,46760
2024-02-08 15:30:00,188.36,188.37,188.33,188.37,42901
2024-02-08 15:31:00,188.36,188.37,188.32,188.34,49264
2024-02-08 15:32:00,188.34,188.35,188.3,188.33,46170
2024-02-08 15:33:00,188.34,188.34,188.26,188.28,74216
2024-02-08 15:34:00,188.28,188.29,188.25,188.27,50144
2024-02-08 15:35:00,188.27,188.28,188.24,188.25,51068
2024-02-08 15:36:00,188.24,188.26,188.2,188.21,53345
2024-02-08 15:37:00,188.22,188.24,188.21,188.23,39605
2024-02-08 15:38:00,188.23,188.3,188.22,188.23,74236
2024-02-08 15:39:00,188.22,188.25,188.21,188.23,40581
2024-02-08 15:40:00,188.24,188.28,188.22,188.25,58795
2024-02-08 15:41:00,188.25,188.26,188.22,188.25,52590
2024-02-08 15:42:00,188.25,188.29,188.23,188.29,34767
2024-02-08 15:43:00,188.3,188.31,188.25,188.3,60740
2024-02-08 15:44:00,188.3,188.31,188.25,188.3,98511
2024-02-08 15:45:00,188.3,188.33,188.28,188.31,90491
2024-02-08 15:46:00,188.31,188.35,188.28,188.34,93505
2024-02-08 15:47:00,188.34,188.35,188.3,188.32,109775
2024-02-08 15:48:00,188.33,188.35,188.25,188.26,112512
2024-02-08 15:49:00,188.25,188.25,188.11,188.13,88344
2024-02-08 15:50:00,188.13,188.3,188.12,188.3,125161
2024-02-08 15:51:00,188.3,188.35,188.24,188.25,126337
2024-02-08 15:52:00,188.26,188.32,188.23,188.3,104087
2024-02-08 15:53:00,188.29,188.34,188.26,188.32,105290
2024-02-08 15:54:00,188.32,188.34,188.07,188.15,267118
2024-02-08 15:55:00,188.14,188.22,188.09,188.12,205003
2024-02-08 15:56:00,188.12,188.19,188.08,188.18,155485
2024-02-08 15:57:00,188.19,188.22,188.15,188.17,188656
2024-02-08 15:58:00,188.17,188.19,188.14,188.17,274815
2024-02-08 15:59:00,188.16,188.42,188.15,188.34,825112
