Date,Open,High,Low,Close,Volume
2024-01-26 09:30:00,158.43,159.19,158.4,158.9,1001829
2024-01-26 09:31:00,158.96,158.96,158.53,158.62,189339
2024-01-26 09:32:00,158.62,159.01,158.6,158.78,222051
2024-01-26 09:33:00,158.79,159.56,158.76,159.56,311814
2024-01-26 09:34:00,159.54,159.61,159.13,159.24,305941
2024-01-26 09:35:00,159.28,159.3,158.82,158.96,222055
2024-01-26 09:36:00,158.96,159.23,158.96,159.03,135883
2024-01-26 09:37:00,159.04,159.1,158.88,159.03,99515
2024-01-26 09:38:00,159.02,159.33,158.95,159.27,142883
2024-01-26 09:39:00,159.31,159.32,158.95,158.99,110014
2024-01-26 09:40:00,158.99,159.01,158.64,158.65,167462
2024-01-26 09:41:00,158.64,158.91,158.63,158.9,135356
2024-01-26 09:42:00,158.89,159.05,158.85,158.86,92051
2024-01-26 09:43:00,158.86,159.07,158.75,159.0,183726
2024-01-26 09:44:00,158.99,159.15,158.78,159.09,137459
2024-01-26 09:45:00,159.11,159.26,158.56,158.57,245778
2024-01-26 09:46:00,158.57,159.17,158.52,159.17,148582
2024-01-26 09:47:00,159.17,159.17,158.79,158.8,86819
2024-01-26 09:48:00,158.8,158.95,158.79,158.8,47676
2024-01-26 09:49:00,158.82,158.86,158.64,158.74,104237
2024-01-26 09:50:00,158.76,158.92,158.72,158.77,81401
2024-01-26 09:51:00,158.77,158.86,158.67,158.71,75793
2024-01-26 09:52:00,158.7,158.74,158.5,158.54,145047
2024-01-26 09:53:00,158.55,158.6,158.37,158.37,119843
2024-01-26 09:54:00,158.36,158.55,158.36,158.54,71445
2024-01-26 09:55:00,158.54,158.54,158.35,158.39,73977
2024-01-26 09:56:00,158.4,158.53,158.36,158.46,64885
2024-01-26 09:57:00,158.46,158.59,158.37,158.55,85568
2024-01-26 09:58:00,158.54,158.65,158.51,158.51,71241
2024-01-26 09:59:00,158.52,158.72,158.51,158.6,99461
2024-01-26 10:00:00,158.58,158.61,158.44,158.53,76891
2024-01-26 10:01:00,158.52,158.63,158.47,158.59,54793
2024-01-26 10:02:00,158.6,158.62,158.44,158.51,47622
2024-01-26 10:03:00,158.52,158.63,158.48,158.48,51502
2024-01-26 10:04:00,158.49,158.61,158.46,158.52,57838
2024-01-26 10:05:00,158.5,158.52,158.32,158.32,121856
2024-01-26 10:06:00,158.32,158.34,158.05,158.14,136593
2024-01-26 10:07:00,158.15,158.28,158.08,158.24,80758
2024-01-26 10:08:00,158.26,158.39,158.25,158.3,71215
2024-01-26 10:09:00,158.3,158.31,158.17,158.17,59522
2024-01-26 10:10:00,158.18,158.27,158.11,158.17,70942
2024-01-26 10:11:00,158.17,158.18,158.05,158.1,67063
2024-01-26 10:12:00,158.11,158.2,158.07,158.19,87415
2024-01-26 10:13:00,158.2,158.2,158.03,158.11,79658
2024-01-26 10:14:00,158.12,158.25,158.09,158.25,89377
2024-01-26 10:15:00,158.25,158.26,158.13,158.17,48918
2024-01-26 10:16:00,158.17,158.17,158.04,158.11,49421
2024-01-26 10:17:00,158.12,158.12,157.91,158.0,163864
2024-01-26 10:18:00,158.01,158.23,158.0,158.13,92778
2024-01-26 10:19:00,158.12,158.3,158.06,158.08,108368
2024-01-26 10:20:00,158.08,158.15,157.95,157.99,97400
2024-01-26 10:21:00,157.99,158.37,157.99,158.34,106234
2024-01-26 10:22:00,158.35,158.39,158.27,158.28,104129
2024-01-26 10:23:00,158.26,158.28,158.13,158.24,72237
2024-01-26 10:24:00,158.23,158.37,158.2,158.34,77325
2024-01-26 10:25:00,158.33,158.57,158.33,158.54,144829
2024-01-26 10:26:00,158.55,158.6,158.41,158.55,116482
2024-01-26 10:27:00,158.56,158.57,158.41,158.5,80672
2024-01-26 10:28:00,158.51,158.57,158.47,158.48,41505
2024-01-26 10:29:00,158.48,158.53,158.41,158.47,58212
2024-01-26 10:30:00,158.46,158.55,158.44,158.52,66367
2024-01-26 10:31:00,158.52,158.57,158.48,158.57,74687
2024-01-26 10:32:00,158.56,158.65,158.55,158.65,102906
2024-01-26 10:33:00,158.64,158.68,158.59,158.61,58200
2024-01-26 10:34:00,158.61,158.63,158.51,158.53,82473
2024-01-26 10:35:00,158.54,158.58,158.5,158.57,50794
2024-01-26 10:36:00,158.58,158.66,158.55,158.62,48181
2024-01-26 10:37:00,158.62,158.79,158.58,158.78,89418
2024-01-26 10:38:00,158.78,158.89,158.78,158.85,113245
2024-01-26 10:39:00,158.84,158.84,158.59,158.59,69653
2024-01-26 10:40:00,158.59,158.75,158.59,158.7,63485
2024-01-26 10:41:00,158.7,158.82,158.7,158.82,51954
2024-01-26 10:42:00,158.83,158.84,158.74,158.83,42085
2024-01-26 10:43:00,158.84,158.95,158.81,158.9,98360
2024-01-26 10:44:00,158.91,158.94,158.87,158.9,61066
2024-01-26 10:45:00,158.89,158.93,158.83,158.83,82678
2024-01-26 10:46:00,158.84,158.93,158.8,158.8,54482
2024-01-26 10:47:00,158.78,158.81,158.71,158.77,50778
2024-01-26 10:48:00,158.77,158.83,158.74,158.8,34953
2024-01-26 10:49:00,158.79,158.85,158.75,158.82,33485
2024-01-26 10:50:00,158.83,158.95,158.82,158.88,71431
2024-01-26 10:51:00,158.87,159.03,158.86,158.91,119244
2024-01-26 10:52:00,158.91,158.98,158.89,158.9,65958
2024-01-26 10:53:00,158.9,158.97,158.83,158.85,50807
2024-01-26 10:54:00,158.86,159.03,158.86,159.03,64678
2024-01-26 10:55:00,159.04,159.06,158.98,159.03,89437
2024-01-26 10:56:00,159.03,159.04,158.93,159.0,41124
2024-01-26 10:57:00,159.0,159.03,158.95,159.0,31614
2024-01-26 10:58:00,159.01,159.04,158.98,159.0,48459
2024-01-26 10:59:00,159.0,159.03,158.94,159.02,35661
2024-01-26 11:00:00,159.02,159.04,158.98,159.0,55035
2024-01-26 11:01:00,159.0,159.03,158.93,158.94,44235
2024-01-26 11:02:00,158.97,159.04,158.96,158.99,63734
2024-01-26 11:03:00,158.99,159.01,158.89,158.91,42740
2024-01-26 11:04:00,158.92,158.94,158.85,158.89,50769
2024-01-26 11:05:00,158.89,158.89,158.78,158.78,70117
2024-01-26 11:06:00,158.77,158.8,158.65,158.7,95642
2024-01-26 11:07:00,158.7,158.77,158.67,158.74,49819
2024-01-26 11:08:00,158.73,158.83,158.72,158.82,46492
2024-01-26 11:09:00,158.82,158.91,158.78,158.83,60394
2024-01-26 11:10:00,158.85,158.91,158.83,158.84,37441
2024-01-26 11:11:00,158.84,158.85,158.75,158.77,30673
2024-01-26 11:12:00,158.76,158.85,158.74,158.85,43350
2024-01-26 11:13:00,158.85,158.88,158.78,158.87,23041
2024-01-26 11:14:00,158.88,158.9,158.84,158.87,30255
2024-01-26 11:15:00,158.85,158.99,158.82,158.99,48527
2024-01-26 11:16:00,158.99,159.0,158.92,158.99,83124
2024-01-26 11:17:00,158.99,159.03,158.96,158.98,115977
2024-01-26 11:18:00,158.98,158.99,158.86,158.92,37411
2024-01-26 11:19:00,158.92,158.99,158.92,158.99,23277
2024-01-26 11:20:00,158.98,159.05,158.98,159.03,65380
2024-01-26 11:21:00,159.03,159.15,159.02,159.14,81710
2024-01-26 11:22:00,159.14,159.14,159.06,159.12,33363
2024-01-26 11:23:00,159.11,159.14,159.07,159.13,40683
2024-01-26 11:24:00,159.13,159.15,159.08,159.09,43698
2024-01-26 11:25:00,159.09,159.19,159.09,159.17,70681
2024-01-26 11:26:00,159.17,159.26,159.17,159.23,66869
2024-01-26 11:27:00,159.24,159.24,159.19,159.24,51932
2024-01-26 11:28:00,159.24,159.27,159.19,159.27,72433
2024-01-26 11:29:00,159.27,159.31,159.23,159.31,64190
2024-01-26 11:30:00,159.3,159.33,159.25,159.29,54834
2024-01-26 11:31:00,159.3,159.35,159.24,159.34,77208
2024-01-26 11:32:00,159.34,159.43,159.34,159.42,82538
2024-01-26 11:33:00,159.42,159.45,159.41,159.43,52502
2024-01-26 11:34:00,159.43,159.43,159.38,159.43,53824
2024-01-26 11:35:00,159.41,159.44,159.37,159.38,33261
2024-01-26 11:36:00,159.37,159.39,159.29,159.34,50434
2024-01-26 11:37:00,159.33,159.42,159.28,159.31,94824
2024-01-26 11:38:00,159.32,159.34,159.17,159.22,78913
2024-01-26 11:39:00,159.22,159.35,159.2,159.35,67675
2024-01-26 11:40:00,159.36,159.44,159.33,159.43,76543
2024-01-26 11:41:00,159.42,159.43,159.28,159.36,54181
2024-01-26 11:42:00,159.33,159.37,159.3,159.36,45136
2024-01-26 11:43:00,159.36,159.55,159.35,159.52,161149
2024-01-26 11:44:00,159.53,159.6,159.5,159.59,98082
2024-01-26 11:45:00,159.58,159.68,159.53,159.53,141316
2024-01-26 11:46:00,159.53,159.54,159.46,159.5,85928
2024-01-26 11:47:00,159.5,159.65,159.46,159.63,68691
2024-01-26 11:48:00,159.63,159.75,159.62,159.74,159588
2024-01-26 11:49:00,159.75,159.88,159.74,159.85,117390
2024-01-26 11:50:00,159.84,159.96,159.82,159.93,168002
2024-01-26 11:51:00,159.94,159.99,159.91,159.97,150336
2024-01-26 11:52:00,159.97,160.0,159.9,159.95,300744
2024-01-26 11:53:00,159.94,159.99,159.93,159.97,74890
2024-01-26 11:54:00,159.97,160.0,159.96,159.98,176210
2024-01-26 11:55:00,159.97,160.0,159.94,159.97,175494
2024-01-26 11:56:00,159.97,159.98,159.86,159.87,141196
2024-01-26 11:57:00,159.86,160.12,159.85,160.11,282296
2024-01-26 11:58:00,160.12,160.2,160.07,160.07,224042
2024-01-26 11:59:00,160.07,160.14,160.05,160.07,131822
2024-01-26 12:00:00,160.06,160.09,159.89,159.99,117176
2024-01-26 12:01:00,160.0,160.23,159.99,160.18,148921
2024-01-26 12:02:00,160.19,160.23,160.14,160.21,100879
2024-01-26 12:03:00,160.21,160.37,160.21,160.31,233344
2024-01-26 12:04:00,160.3,160.4,160.27,160.34,116030
2024-01-26 12:05:00,160.33,160.47,160.29,160.45,133932
2024-01-26 12:06:00,160.45,160.61,160.38,160.58,219980
2024-01-26 12:07:00,160.59,160.72,160.51,160.53,249936
2024-01-26 12:08:00,160.53,160.59,160.5,160.55,109154
2024-01-26 12:09:00,160.54,160.55,160.41,160.44,133023
2024-01-26 12:10:00,160.44,160.45,160.26,160.28,129806
2024-01-26 12:11:00,160.26,160.39,160.21,160.37,129133
2024-01-26 12:12:00,160.36,160.44,160.26,160.27,165712
2024-01-26 12:13:00,160.28,160.4,160.27,160.39,61265
2024-01-26 12:14:00,160.38,160.47,160.33,160.35,74037
2024-01-26 12:15:00,160.35,160.37,160.26,160.27,50916
2024-01-26 12:16:00,160.26,160.27,160.1,160.19,134880
2024-01-26 12:17:00,160.19,160.32,160.17,160.3,58938
2024-01-26 12:18:00,160.3,160.36,160.2,160.27,70062
2024-01-26 12:19:00,160.26,160.34,160.25,160.33,43903
2024-01-26 12:20:00,160.33,160.34,160.21,160.22,49754
2024-01-26 12:21:00,160.22,160.3,160.22,160.24,47622
2024-01-26 12:22:00,160.25,160.33,160.23,160.26,41471
2024-01-26 12:23:00,160.26,160.26,160.07,160.13,66175
2024-01-26 12:24:00,160.12,160.12,160.03,160.06,81471
2024-01-26 12:25:00,160.07,160.08,160.0,160.04,64447
2024-01-26 12:26:00,160.04,160.07,159.96,160.05,85095
2024-01-26 12:27:00,160.05,160.05,159.95,159.97,65835
2024-01-26 12:28:00,159.98,159.99,159.9,159.91,56148
2024-01-26 12:29:00,159.91,159.97,159.88,159.96,90775
2024-01-26 12:30:00,159.96,159.97,159.9,159.92,56243
2024-01-26 12:31:00,159.92,159.92,159.72,159.79,92925
2024-01-26 12:32:00,159.79,159.79,159.66,159.67,59030
2024-01-26 12:33:00,159.66,159.84,159.65,159.82,111141
2024-01-26 12:34:00,159.81,159.85,159.74,159.81,68227
2024-01-26 12:35:00,159.8,159.83,159.67,159.69,79761
2024-01-26 12:36:00,159.69,159.73,159.51,159.55,87790
2024-01-26 12:37:00,159.55,159.59,159.49,159.5,71543
2024-01-26 12:38:00,159.5,159.5,159.38,159.4,62692
2024-01-26 12:39:00,159.4,159.55,159.38,159.51,74499
2024-01-26 12:40:00,159.51,159.66,159.5,159.6,78330
2024-01-26 12:41:00,159.6,159.67,159.5,159.67,57118
2024-01-26 12:42:00,159.68,159.68,159.57,159.58,36568
2024-01-26 12:43:00,159.57,159.6,159.48,159.6,56601
2024-01-26 12:44:00,159.58,159.6,159.52,159.57,42533
2024-01-26 12:45:00,159.56,159.57,159.48,159.55,36602
2024-01-26 12:46:00,159.54,159.62,159.5,159.52,48312
2024-01-26 12:47:00,159.51,159.53,159.45,159.53,23973
2024-01-26 12:48:00,159.54,159.6,159.44,159.46,48394
2024-01-26 12:49:00,159.44,159.52,159.27,159.3,73191
2024-01-26 12:50:00,159.31,159.32,159.17,159.24,115872
2024-01-26 12:51:00,159.24,159.25,159.19,159.24,77676
2024-01-26 12:52:00,159.24,159.25,159.2,159.23,41572
2024-01-26 12:53:00,159.24,159.3,159.13,159.28,81022
2024-01-26 12:54:00,159.28,159.45,159.26,159.42,56653
2024-01-26 12:55:00,159.43,159.44,159.3,159.3,52677
2024-01-26 12:56:00,159.3,159.34,159.23,159.25,42178
2024-01-26 12:57:00,159.25,159.31,159.23,159.25,25407
2024-01-26 12:58:00,159.25,159.33,159.22,159.25,37224
2024-01-26 12:59:00,159.26,159.28,159.21,159.23,27631
2024-01-26 13:00:00,159.22,159.26,159.15,159.18,50253
2024-01-26 13:01:00,159.18,159.29,159.17,159.28,24625
2024-01-26 13:02:00,159.29,159.43,159.22,159.4,87525
2024-01-26 13:03:00,159.42,159.48,159.31,159.31,42987
2024-01-26 13:04:00,159.32,159.33,159.25,159.32,37979
2024-01-26 13:05:00,159.31,159.37,159.23,159.35,28428
2024-01-26 13:06:00,159.35,159.35,159.29,159.34,27494
2024-01-26 13:07:00,159.33,159.37,159.29,159.31,40910
2024-01-26 13:08:00,159.33,159.43,159.32,159.36,40155
2024-01-26 13:09:00,159.37,159.45,159.33,159.44,33800
2024-01-26 13:10:00,159.44,159.46,159.37,159.44,44192
2024-01-26 13:11:00,159.44,159.45,159.39,159.4,43603
2024-01-26 13:12:00,159.39,159.44,159.36,159.43,54218
2024-01-26 13:13:00,159.44,159.44,159.28,159.3,32199
2024-01-26 13:14:00,159.31,159.31,159.24,159.28,29480
2024-01-26 13:15:00,159.29,159.32,159.16,159.22,51680
2024-01-26 13:16:00,159.22,159.25,159.15,159.17,62910
2024-01-26 13:17:00,159.17,159.2,159.14,159.16,39163
2024-01-26 13:18:00,159.17,159.17,159.02,159.06,87349
2024-01-26 13:19:00,159.06,159.09,159.01,159.05,37891
2024-01-26 13:20:00,159.03,159.2,159.01,159.14,47142
2024-01-26 13:21:00,159.15,159.2,159.12,159.13,33106
2024-01-26 13:22:00,159.14,159.37,159.13,159.35,55955
2024-01-26 13:23:00,159.36,159.39,159.3,159.37,73486
2024-01-26 13:24:00,159.38,159.4,159.36,159.37,47516
2024-01-26 13:25:00,159.37,159.48,159.37,159.43,71215
2024-01-26 13:26:00,159.44,159.45,159.34,159.36,65039
2024-01-26 13:27:00,159.36,159.4,159.32,159.34,44005
2024-01-26 13:28:00,159.34,159.36,159.23,159.34,63008
2024-01-26 13:29:00,159.32,159.42,159.3,159.42,54392
2024-01-26 13:30:00,159.42,159.45,159.35,159.35,36058
2024-01-26 13:31:00,159.36,159.39,159.34,159.37,42667
2024-01-26 13:32:00,159.37,159.46,159.34,159.35,28724
2024-01-26 13:33:00,159.35,159.37,159.33,159.33,37074
2024-01-26 13:34:00,159.32,159.47,159.32,159.46,46766
2024-01-26 13:35:00,159.47,159.54,159.46,159.5,74879
2024-01-26 13:36:00,159.49,159.5,159.41,159.44,33567
2024-01-26 13:37:00,159.43,159.45,159.38,159.44,17717
2024-01-26 13:38:00,159.44,159.49,159.39,159.4,27441
2024-01-26 13:39:00,159.39,159.39,159.32,159.35,27546
2024-01-26 13:40:00,159.34,159.36,159.21,159.25,49478
2024-01-26 13:41:00,159.23,159.23,159.15,159.19,55563
2024-01-26 13:42:00,159.19,159.19,159.06,159.17,80033
2024-01-26 13:43:00,159.16,159.25,159.11,159.25,36264
2024-01-26 13:44:00,159.26,159.32,159.24,159.25,31628
2024-01-26 13:45:00,159.23,159.26,159.18,159.26,25504
2024-01-26 13:46:00,159.26,159.29,159.19,159.2,22359
2024-01-26 13:47:00,159.19,159.2,159.11,159.16,57882
2024-01-26 13:48:00,159.16,159.23,159.15,159.19,22101
2024-01-26 13:49:00,159.18,159.18,159.12,159.13,21583
2024-01-26 13:50:00,159.13,159.21,159.13,159.16,24398
2024-01-26 13:51:00,159.17,159.22,159.14,159.16,28282
2024-01-26 13:52:00,159.16,159.17,159.11,159.16,23869
2024-01-26 13:53:00,159.17,159.2,159.12,159.14,37162
2024-01-26 13:54:00,159.15,159.2,159.1,159.16,28662
2024-01-26 13:55:00,159.16,159.18,159.12,159.14,22367
2024-01-26 13:56:00,159.14,159.18,159.04,159.16,71796
2024-01-26 13:57:00,159.17,159.25,159.16,159.21,32614
2024-01-26 13:58:00,159.21,159.27,159.2,159.25,43423
2024-01-26 13:59:00,159.24,159.25,159.18,159.19,40019
2024-01-26 14:00:00,159.18,159.28,159.16,159.25,39109
2024-01-26 14:01:00,159.25,159.36,159.25,159.33,88076
2024-01-26 14:02:00,159.32,159.39,159.31,159.36,39079
2024-01-26 14:03:00,159.36,159.43,159.35,159.35,56870
2024-01-26 14:04:00,159.35,159.52,159.35,159.49,58349
2024-01-26 14:05:00,159.5,159.52,159.45,159.45,47004
2024-01-26 14:06:00,159.46,159.5,159.45,159.5,27671
2024-01-26 14:07:00,159.5,159.53,159.36,159.38,78984
2024-01-26 14:08:00,159.38,159.43,159.36,159.37,34209
2024-01-26 14:09:00,159.36,159.37,159.3,159.34,36129
2024-01-26 14:10:00,159.33,159.38,159.27,159.37,51742
2024-01-26 14:11:00,159.36,159.39,159.3,159.31,100609
2024-01-26 14:12:00,159.32,159.33,159.2,159.24,59916
2024-01-26 14:13:00,159.24,159.26,159.18,159.21,57598
2024-01-26 14:14:00,159.2,159.24,159.16,159.17,49704
2024-01-26 14:15:00,159.18,159.22,159.17,159.19,30550
2024-01-26 14:16:00,159.19,159.29,159.17,159.25,65023
2024-01-26 14:17:00,159.25,159.26,159.19,159.22,44028
2024-01-26 14:18:00,159.23,159.25,159.18,159.18,30767
2024-01-26 14:19:00,159.19,159.19,159.08,159.11,89914
2024-01-26 14:20:00,159.11,159.12,159.02,159.02,83564
2024-01-26 14:21:00,159.02,159.05,158.94,158.96,158019
2024-01-26 14:22:00,158.95,159.05,158.92,159.05,73041
2024-01-26 14:23:00,159.05,159.05,158.91,158.92,57531
2024-01-26 14:24:00,158.92,158.92,158.81,158.84,61621
2024-01-26 14:25:00,158.84,158.88,158.78,158.83,64360
2024-01-26 14:26:00,158.83,158.88,158.79,158.8,39894
2024-01-26 14:27:00,158.79,158.86,158.78,158.81,128813
2024-01-26 14:28:00,158.83,158.88,158.79,158.88,42006
2024-01-26 14:29:00,158.88,158.92,158.81,158.81,43378
2024-01-26 14:30:00,158.81,158.87,158.77,158.8,50048
2024-01-26 14:31:00,158.79,158.8,158.75,158.76,39774
2024-01-26 14:32:00,158.75,158.81,158.73,158.75,49719
2024-01-26 14:33:00,158.74,158.8,158.7,158.79,60212
2024-01-26 14:34:00,158.79,158.82,158.73,158.81,54133
2024-01-26 14:35:00,158.82,158.92,158.81,158.89,62142
2024-01-26 14:36:00,158.89,159.01,158.88,158.99,65092
2024-01-26 14:37:00,158.99,159.05,158.97,159.05,65710
2024-01-26 14:38:00,159.04,159.09,159.02,159.02,79667
2024-01-26 14:39:00,159.03,159.04,158.95,158.97,28745
2024-01-26 14:40:00,158.96,159.0,158.93,158.97,38661
2024-01-26 14:41:00,158.97,159.14,158.97,159.08,67603
2024-01-26 14:42:00,159.09,159.13,159.03,159.06,28916
2024-01-26 14:43:00,159.04,159.09,159.03,159.08,25922
2024-01-26 14:44:00,159.07,159.16,159.06,159.16,44410
2024-01-26 14:45:00,159.16,159.21,159.15,159.18,63832
2024-01-26 14:46:00,159.18,159.25,159.13,159.24,76507
2024-01-26 14:47:00,159.25,159.27,159.17,159.2,71465
2024-01-26 14:48:00,159.21,159.24,159.17,159.2,48562
2024-01-26 14:49:00,159.2,159.22,159.16,159.17,43141
2024-01-26 14:50:00,159.17,159.22,159.16,159.21,37809
2024-01-26 14:51:00,159.21,159.33,159.2,159.31,107202
2024-01-26 14:52:00,159.31,159.34,159.26,159.32,39810
2024-01-26 14:53:00,159.31,159.32,159.27,159.28,57733
2024-01-26 14:54:00,159.28,159.3,159.16,159.19,60845
2024-01-26 14:55:00,159.19,159.26,159.07,159.09,48397
2024-01-26 14:56:00,159.09,159.1,159.03,159.09,30133
2024-01-26 14:57:00,159.08,159.09,159.02,159.06,41667
2024-01-26 14:58:00,159.06,159.12,159.05,159.09,41025
2024-01-26 14:59:00,159.09,159.14,159.06,159.1,26142
2024-01-26 15:00:00,159.09,159.12,159.05,159.11,39444
2024-01-26 15:01:00,159.11,159.14,159.07,159.09,36252
2024-01-26 15:02:00,159.1,159.16,159.09,159.15,27538
2024-01-26 15:03:00,159.15,159.16,159.1,159.13,36134
2024-01-26 15:04:00,159.13,159.14,159.08,159.09,29750
2024-01-26 15:05:00,159.09,159.11,159.05,159.06,33187
2024-01-26 15:06:00,159.06,159.15,159.05,159.14,39625
2024-01-26 15:07:00,159.13,159.15,159.08,159.13,26743
2024-01-26 15:08:00,159.13,159.16,159.08,159.14,46297
2024-01-26 15:09:00,159.13,159.15,159.09,159.15,46814
2024-01-26 15:10:00,159.14,159.18,159.12,159.18,39013
2024-01-26 15:11:00,159.18,159.19,159.13,159.19,28136
2024-01-26 15:12:00,159.19,159.25,159.16,159.24,58081
2024-01-26 15:13:00,159.24,159.31,159.24,159.28,62273
2024-01-26 15:14:00,159.28,159.32,159.24,159.32,48735
2024-01-26 15:15:00,159.31,159.34,159.28,159.33,47301
2024-01-26 15:16:00,159.33,159.4,159.29,159.39,63739
2024-01-26 15:17:00,159.39,159.42,159.35,159.38,41071
2024-01-26 15:18:00,159.37,159.4,159.32,159.38,47405
2024-01-26 15:19:00,159.39,159.41,159.35,159.36,49903
2024-01-26 15:20:00,159.36,159.37,159.26,159.29,41303
2024-01-26 15:21:00,159.28,159.36,159.26,159.34,60694
2024-01-26 15:22:00,159.35,159.35,159.23,159.27,42797
2024-01-26 15:23:00,159.27,159.36,159.25,159.26,86474
2024-01-26 15:24:00,159.26,159.34,159.25,159.34,43335
2024-01-26 15:25:00,159.34,159.34,159.28,159.31,29853
2024-01-26 15:26:00,159.3,159.34,159.26,159.29,40018
2024-01-26 15:27:00,159.28,159.29,159.24,159.26,50543
2024-01-26 15:28:00,159.27,159.27,159.16,159.19,58561
2024-01-26 15:29:00,159.19,159.19,159.12,159.18,52808
2024-01-26 15:30:00,159.17,159.22,159.09,159.09,52819
2024-01-26 15:31:00,159.09,159.13,159.04,159.08,63604
2024-01-26 15:32:00,159.08,159.12,159.06,159.09,65129
2024-01-26 15:33:00,159.09,159.09,159.03,159.06,37005
2024-01-26 15:34:00,159.06,159.11,159.06,159.1,57530
2024-01-26 15:35:00,159.1,159.14,159.07,159.12,42395
2024-01-26 15:36:00,159.12,159.14,159.04,159.05,56302
2024-01-26 15:37:00,159.05,159.05,158.97,159.01,57805
2024-01-26 15:38:00,159.0,159.07,159.0,159.03,47517
2024-01-26 15:39:00,159.02,159.03,158.95,158.95,65445
2024-01-26 15:40:00,158.96,158.99,158.9,158.99,49279
2024-01-26 15:41:00,158.99,159.01,158.94,158.96,39016
2024-01-26 15:42:00,158.96,159.1,158.95,159.09,64353
2024-01-26 15:43:00,159.08,159.13,159.04,159.1,50253
2024-01-26 15:44:00,159.1,159.13,159.06,159.1,42243
2024-01-26 15:45:00,159.1,159.11,159.01,159.03,49534
2024-01-26 15:46:00,159.02,159.1,159.0,159.09,54305
2024-01-26 15:47:00,159.1,159.14,159.07,159.13,83650
2024-01-26 15:48:00,159.12,159.16,159.07,159.1,100073
2024-01-26 15:49:00,159.11,159.18,159.11,159.16,67541
2024-01-26 15:50:00,159.16,159.4,159.13,159.3,234115
2024-01-26 15:51:00,159.3,159.32,159.19,159.23,112454
2024-01-26 15:52:00,159.23,159.25,159.09,159.12,117739
2024-01-26 15:53:00,159.11,159.18,159.1,159.15,121013
2024-01-26 15:54:00,159.16,159.38,159.14,159.36,323696
2024-01-26 15:55:00,159.34,159.39,159.12,159.2,257348
2024-01-26 15:56:00,159.21,159.27,159.16,159.26,156966
2024-01-26 15:57:00,159.26,159.29,159.17,159.21,154646
2024-01-26 15:58:00,159.21,159.22,159.15,159.17,189541
2024-01-26 15:59:00,159.18,159.2,158.97,159.1,685087
2024-01-29 09:30:00,159.33,159.56,159.13,159.2,900146
2024-01-29 09:31:00,159.21,159.41,159.06,159.21,184989
2024-01-29 09:32:00,159.23,159.43,159.08,159.09,141420
2024-01-29 09:33:00,159.11,159.31,159.01,159.21,146007
2024-01-29 09:34:00,159.2,159.31,159.05,159.16,130445
2024-01-29 09:35:00,159.14,159.3,158.98,159.16,180530
2024-01-29 09:36:00,159.15,159.28,159.04,159.27,114765
2024-01-29 09:37:00,159.26,159.34,159.15,159.28,108601
2024-01-29 09:38:00,159.27,159.47,159.17,159.3,198563
2024-01-29 09:39:00,159.3,159.48,159.29,159.34,155190
2024-01-29 09:40:00,159.34,159.44,159.25,159.44,101263
2024-01-29 09:41:00,159.45,159.6,159.27,159.29,146276
2024-01-29 09:42:00,159.3,159.47,159.25,159.4,105235
2024-01-29 09:43:00,159.4,159.42,159.25,159.27,100689
2024-01-29 09:44:00,159.28,159.35,159.25,159.3,133466
2024-01-29 09:45:00,159.29,159.35,159.2,159.27,208119
2024-01-29 09:46:00,159.26,159.49,159.23,159.4,173126
2024-01-29 09:47:00,159.4,159.42,159.15,159.17,126425
2024-01-29 09:48:00,159.17,159.24,159.04,159.15,108190
2024-01-29 09:49:00,159.15,159.34,159.05,159.33,92110
2024-01-29 09:50:00,159.32,159.56,159.31,159.34,183092
2024-01-29 09:51:00,159.34,159.46,159.29,159.46,86245
2024-01-29 09:52:00,159.46,159.46,159.27,159.35,103867
2024-01-29 09:53:00,159.35,159.4,159.32,159.36,68402
2024-01-29 09:54:00,159.37,159.47,159.32,159.44,87139
2024-01-29 09:55:00,159.44,159.56,159.38,159.39,133298
2024-01-29 09:56:00,159.37,159.59,159.35,159.57,112504
2024-01-29 09:57:00,159.59,159.59,159.33,159.41,151406
2024-01-29 09:58:00,159.41,159.48,159.32,159.42,68071
2024-01-29 09:59:00,159.41,159.58,159.4,159.52,154360
2024-01-29 10:00:00,159.52,159.53,159.27,159.4,175454
2024-01-29 10:01:00,159.4,159.49,159.34,159.45,94145
2024-01-29 10:02:00,159.45,159.48,159.32,159.33,67677
2024-01-29 10:03:00,159.36,159.42,159.31,159.41,103823
2024-01-29 10:04:00,159.41,159.5,159.33,159.37,61062
2024-01-29 10:05:00,159.38,159.41,159.25,159.36,107293
2024-01-29 10:06:00,159.37,159.44,159.31,159.39,77612
2024-01-29 10:07:00,159.39,159.4,159.28,159.32,75308
2024-01-29 10:08:00,159.32,159.41,159.26,159.4,80962
2024-01-29 10:09:00,159.39,159.55,159.34,159.47,106501
2024-01-29 10:10:00,159.46,159.57,159.46,159.53,66693
2024-01-29 10:11:00,159.52,159.67,159.5,159.66,117471
2024-01-29 10:12:00,159.66,159.75,159.6,159.69,104231
2024-01-29 10:13:00,159.69,159.73,159.54,159.56,82349
2024-01-29 10:14:00,159.57,159.72,159.55,159.69,59722
2024-01-29 10:15:00,159.69,159.79,159.69,159.77,79856
2024-01-29 10:16:00,159.78,159.81,159.69,159.69,92863
2024-01-29 10:17:00,159.71,159.74,159.63,159.69,54263
2024-01-29 10:18:00,159.7,159.74,159.67,159.7,46294
2024-01-29 10:19:00,159.7,159.78,159.7,159.77,74449
2024-01-29 10:20:00,159.78,159.83,159.72,159.79,83463
2024-01-29 10:21:00,159.8,159.8,159.56,159.65,97968
2024-01-29 10:22:00,159.65,159.66,159.39,159.47,105449
2024-01-29 10:23:00,159.47,159.5,159.4,159.45,52490
2024-01-29 10:24:00,159.45,159.5,159.4,159.49,96992
2024-01-29 10:25:00,159.48,159.48,159.36,159.42,103221
2024-01-29 10:26:00,159.4,159.46,159.38,159.4,51307
2024-01-29 10:27:00,159.4,159.48,159.37,159.46,62164
2024-01-29 10:28:00,159.46,159.48,159.33,159.43,74314
2024-01-29 10:29:00,159.43,159.48,159.33,159.39,62660
2024-01-29 10:30:00,159.38,159.53,159.34,159.48,63246
2024-01-29 10:31:00,159.48,159.53,159.43,159.53,60861
2024-01-29 10:32:00,159.52,159.61,159.38,159.41,86390
2024-01-29 10:33:00,159.41,159.44,159.23,159.26,75970
2024-01-29 10:34:00,159.26,159.36,159.17,159.35,75373
2024-01-29 10:35:00,159.34,159.41,159.29,159.35,41668
2024-01-29 10:36:00,159.33,159.33,159.15,159.16,65618
2024-01-29 10:37:00,159.17,159.21,159.13,159.17,49707
2024-01-29 10:38:00,159.16,159.39,159.15,159.36,56207
2024-01-29 10:39:00,159.36,159.38,159.21,159.22,60520
2024-01-29 10:40:00,159.23,159.28,159.18,159.24,48510
2024-01-29 10:41:00,159.24,159.38,159.23,159.36,67298
2024-01-29 10:42:00,159.36,159.46,159.29,159.44,51789
2024-01-29 10:43:00,159.45,159.46,159.2,159.28,65551
2024-01-29 10:44:00,159.28,159.33,159.19,159.23,57279
2024-01-29 10:45:00,159.22,159.3,159.16,159.27,45808
2024-01-29 10:46:00,159.27,159.4,159.27,159.39,69273
2024-01-29 10:47:00,159.39,159.39,159.24,159.29,56818
2024-01-29 10:48:00,159.31,159.38,159.28,159.33,47968
2024-01-29 10:49:00,159.33,159.34,159.24,159.31,59599
2024-01-29 10:50:00,159.31,159.36,159.28,159.33,26409
2024-01-29 10:51:00,159.33,159.39,159.3,159.36,37716
2024-01-29 10:52:00,159.37,159.38,159.3,159.36,27925
2024-01-29 10:53:00,159.36,159.42,159.34,159.37,55327
2024-01-29 10:54:00,159.38,159.5,159.36,159.47,64967
2024-01-29 10:55:00,159.46,159.5,159.42,159.47,39642
2024-01-29 10:56:00,159.47,159.48,159.41,159.42,43175
2024-01-29 10:57:00,159.42,159.43,159.25,159.29,69441
2024-01-29 10:58:00,159.28,159.33,159.24,159.25,29875
2024-01-29 10:59:00,159.25,159.28,159.2,159.22,41489
2024-01-29 11:00:00,159.22,159.25,159.18,159.21,67883
2024-01-29 11:01:00,159.22,159.33,159.21,159.21,43057
2024-01-29 11:02:00,159.22,159.27,159.16,159.18,73009
2024-01-29 11:03:00,159.18,159.27,159.17,159.18,78050
2024-01-29 11:04:00,159.19,159.3,159.14,159.3,79947
2024-01-29 11:05:00,159.3,159.33,159.2,159.25,43384
2024-01-29 11:06:00,159.25,159.31,159.22,159.24,55793
2024-01-29 11:07:00,159.23,159.33,159.21,159.29,42217
2024-01-29 11:08:00,159.28,159.31,159.23,159.24,47280
2024-01-29 11:09:00,159.25,159.3,159.21,159.27,18050
2024-01-29 11:10:00,159.29,159.35,159.24,159.28,62668
2024-01-29 11:11:00,159.28,159.28,159.17,159.2,50869
2024-01-29 11:12:00,159.2,159.21,159.14,159.17,39671
2024-01-29 11:13:00,159.17,159.2,159.11,159.15,80189
2024-01-29 11:14:00,159.16,159.19,159.11,159.16,42905
2024-01-29 11:15:00,159.15,159.19,159.09,159.09,55329
2024-01-29 11:16:00,159.09,159.21,159.08,159.16,48869
2024-01-29 11:17:00,159.17,159.24,159.16,159.19,48017
2024-01-29 11:18:00,159.19,159.23,159.15,159.16,35141
2024-01-29 11:19:00,159.17,159.19,159.14,159.17,30180
2024-01-29 11:20:00,159.17,159.25,159.16,159.2,29828
2024-01-29 11:21:00,159.2,159.21,159.05,159.08,78308
2024-01-29 11:22:00,159.08,159.12,158.96,159.0,133333
2024-01-29 11:23:00,158.99,159.06,158.95,158.99,78616
2024-01-29 11:24:00,158.99,159.05,158.98,159.02,53221
2024-01-29 11:25:00,159.02,159.07,159.01,159.03,51888
2024-01-29 11:26:00,159.04,159.04,158.9,158.96,105253
2024-01-29 11:27:00,158.95,159.14,158.94,159.14,62968
2024-01-29 11:28:00,159.14,159.19,159.09,159.09,56818
2024-01-29 11:29:00,159.1,159.13,159.08,159.09,25860
2024-01-29 11:30:00,159.11,159.19,159.1,159.17,27104
2024-01-29 11:31:00,159.18,159.21,159.15,159.2,35981
2024-01-29 11:32:00,159.2,159.2,159.11,159.15,37896
2024-01-29 11:33:00,159.15,159.21,159.09,159.18,63893
2024-01-29 11:34:00,159.19,159.27,159.18,159.25,63247
2024-01-29 11:35:00,159.25,159.29,159.25,159.27,50875
2024-01-29 11:36:00,159.28,159.34,159.27,159.32,47249
2024-01-29 11:37:00,159.32,159.34,159.29,159.31,41634
2024-01-29 11:38:00,159.31,159.38,159.3,159.36,39859
2024-01-29 11:39:00,159.37,159.46,159.36,159.46,59234
2024-01-29 11:40:00,159.46,159.51,159.45,159.51,60714
2024-01-29 11:41:00,159.51,159.58,159.5,159.58,70188
2024-01-29 11:42:00,159.58,159.68,159.57,159.68,60546
2024-01-29 11:43:00,159.68,159.76,159.67,159.71,87598
2024-01-29 11:44:00,159.71,159.75,159.7,159.73,61034
2024-01-29 11:45:00,159.74,159.75,159.7,159.73,61538
2024-01-29 11:46:00,159.73,159.75,159.7,159.73,38492
2024-01-29 11:47:00,159.73,159.76,159.71,159.76,72965
2024-01-29 11:48:00,159.75,159.84,159.74,159.83,107076
2024-01-29 11:49:00,159.83,159.86,159.79,159.79,114357
2024-01-29 11:50:00,159.8,159.88,159.76,159.8,72701
2024-01-29 11:51:00,159.8,159.84,159.76,159.76,95868
2024-01-29 11:52:00,159.77,159.87,159.77,159.87,308856
2024-01-29 11:53:00,159.87,159.88,159.82,159.87,44156
2024-01-29 11:54:00,159.87,159.95,159.86,159.92,110844
2024-01-29 11:55:00,159.91,160.08,159.9,160.03,257368
2024-01-29 11:56:00,160.03,160.12,160.0,160.11,74071
2024-01-29 11:57:00,160.11,160.12,160.01,160.07,88280
2024-01-29 11:58:00,160.06,160.09,160.01,160.07,77975
2024-01-29 11:59:00,160.08,160.08,160.03,160.07,53671
2024-01-29 12:00:00,160.07,160.17,160.06,160.12,117297
2024-01-29 12:01:00,160.12,160.12,160.0,160.06,82854
2024-01-29 12:02:00,160.05,160.07,159.92,159.95,89832
2024-01-29 12:03:00,159.96,159.98,159.89,159.91,70523
2024-01-29 12:04:00,159.91,159.92,159.83,159.84,47927
2024-01-29 12:05:00,159.85,159.87,159.8,159.83,51377
2024-01-29 12:06:00,159.83,159.88,159.81,159.84,39685
2024-01-29 12:07:00,159.84,159.87,159.77,159.78,64169
2024-01-29 12:08:00,159.79,159.84,159.77,159.8,65239
2024-01-29 12:09:00,159.79,159.88,159.78,159.87,50996
2024-01-29 12:10:00,159.87,159.98,159.85,159.96,75969
2024-01-29 12:11:00,159.95,159.98,159.9,159.93,43839
2024-01-29 12:12:00,159.93,160.03,159.93,160.03,53286
2024-01-29 12:13:00,160.02,160.07,160.0,160.06,43574
2024-01-29 12:14:00,160.07,160.1,160.02,160.03,47550
2024-01-29 12:15:00,160.03,160.06,159.96,160.02,30345
2024-01-29 12:16:00,160.01,160.12,160.0,160.11,46591
2024-01-29 12:17:00,160.11,160.16,160.07,160.16,73860
2024-01-29 12:18:00,160.16,160.16,160.07,160.09,58704
2024-01-29 12:19:00,160.09,160.11,160.05,160.09,50532
2024-01-29 12:20:00,160.09,160.11,160.04,160.09,51744
2024-01-29 12:21:00,160.1,160.14,160.06,160.13,74256
2024-01-29 12:22:00,160.13,160.14,160.07,160.11,40271
2024-01-29 12:23:00,160.11,160.22,160.09,160.19,76881
2024-01-29 12:24:00,160.19,160.37,160.18,160.32,138398
2024-01-29 12:25:00,160.33,160.4,160.31,160.4,86410
2024-01-29 12:26:00,160.4,160.4,160.3,160.35,70385
2024-01-29 12:27:00,160.34,160.41,160.28,160.36,57711
2024-01-29 12:28:00,160.36,160.38,160.26,160.32,52594
2024-01-29 12:29:00,160.31,160.38,160.3,160.32,38359
2024-01-29 12:30:00,160.32,160.35,160.27,160.33,44690
2024-01-29 12:31:00,160.33,160.43,160.32,160.42,41232
2024-01-29 12:32:00,160.42,160.45,160.36,160.42,63854
2024-01-29 12:33:00,160.43,160.45,160.35,160.38,56493
2024-01-29 12:34:00,160.37,160.42,160.31,160.42,108481
2024-01-29 12:35:00,160.42,160.45,160.36,160.4,35217
2024-01-29 12:36:00,160.41,160.45,160.38,160.43,38726
2024-01-29 12:37:00,160.42,160.49,160.37,160.48,90122
2024-01-29 12:38:00,160.48,160.6,160.47,160.57,120812
2024-01-29 12:39:00,160.57,160.64,160.54,160.63,68655
2024-01-29 12:40:00,160.64,160.64,160.5,160.53,52828
2024-01-29 12:41:00,160.53,160.65,160.52,160.61,57645
2024-01-29 12:42:00,160.61,160.63,160.46,160.48,86072
2024-01-29 12:43:00,160.48,160.54,160.47,160.49,39889
2024-01-29 12:44:00,160.48,160.53,160.4,160.46,55255
2024-01-29 12:45:00,160.44,160.49,160.37,160.47,62909
2024-01-29 12:46:00,160.47,160.48,160.36,160.44,89462
2024-01-29 12:47:00,160.44,160.52,160.43,160.45,64340
2024-01-29 12:48:00,160.46,160.54,160.45,160.53,72772
2024-01-29 12:49:00,160.53,160.6,160.51,160.58,56215
2024-01-29 12:50:00,160.59,160.64,160.56,160.62,60375
2024-01-29 12:51:00,160.62,160.63,160.56,160.62,39474
2024-01-29 12:52:00,160.62,160.65,160.57,160.63,62592
2024-01-29 12:53:00,160.62,160.65,160.6,160.61,65046
2024-01-29 12:54:00,160.62,160.67,160.61,160.66,43764
2024-01-29 12:55:00,160.65,160.73,160.64,160.72,71770
2024-01-29 12:56:00,160.72,160.85,160.71,160.83,106261
2024-01-29 12:57:00,160.83,160.86,160.77,160.78,87352
2024-01-29 12:58:00,160.78,160.84,160.77,160.78,45453
2024-01-29 12:59:00,160.77,160.81,160.67,160.67,84217
2024-01-29 13:00:00,160.7,160.75,160.61,160.65,70460
2024-01-29 13:01:00,160.66,160.69,160.57,160.61,74892
2024-01-29 13:02:00,160.61,160.65,160.58,160.65,38920
2024-01-29 13:03:00,160.66,160.7,160.65,160.69,43400
2024-01-29 13:04:00,160.68,160.78,160.67,160.72,57168
2024-01-29 13:05:00,160.73,160.83,160.73,160.79,78004
2024-01-29 13:06:00,160.79,160.81,160.67,160.72,60430
2024-01-29 13:07:00,160.71,160.75,160.68,160.72,26077
2024-01-29 13:08:00,160.72,160.84,160.71,160.8,55188
2024-01-29 13:09:00,160.79,160.8,160.69,160.73,60642
2024-01-29 13:10:00,160.72,160.74,160.68,160.71,41700
2024-01-29 13:11:00,160.71,160.76,160.68,160.69,41105
2024-01-29 13:12:00,160.69,160.75,160.67,160.74,27824
2024-01-29 13:13:00,160.73,160.77,160.73,160.76,85364
2024-01-29 13:14:00,160.77,160.78,160.73,160.78,45066
2024-01-29 13:15:00,160.78,160.81,160.74,160.81,33414
2024-01-29 13:16:00,160.8,160.93,160.79,160.93,78350
2024-01-29 13:17:00,160.93,160.99,160.87,160.95,118305
2024-01-29 13:18:00,160.94,160.99,160.88,160.89,61393
2024-01-29 13:19:00,160.89,160.95,160.88,160.91,36994
2024-01-29 13:20:00,160.91,160.91,160.72,160.74,86143
2024-01-29 13:21:00,160.74,160.76,160.68,160.68,73218
2024-01-29 13:22:00,160.69,160.71,160.54,160.54,128145
2024-01-29 13:23:00,160.55,160.62,160.51,160.56,102389
2024-01-29 13:24:00,160.57,160.66,160.57,160.61,76894
2024-01-29 13:25:00,160.61,160.68,160.56,160.66,94221
2024-01-29 13:26:00,160.67,160.67,160.57,160.59,38673
2024-01-29 13:27:00,160.58,160.61,160.56,160.59,44712
2024-01-29 13:28:00,160.58,160.61,160.56,160.56,44520
2024-01-29 13:29:00,160.56,160.62,160.55,160.58,75726
2024-01-29 13:30:00,160.57,160.61,160.54,160.56,45617
2024-01-29 13:31:00,160.55,160.6,160.53,160.56,39498
2024-01-29 13:32:00,160.56,160.6,160.52,160.58,51732
2024-01-29 13:33:00,160.57,160.59,160.55,160.58,41451
2024-01-29 13:34:00,160.57,160.63,160.54,160.61,68605
2024-01-29 13:35:00,160.61,160.63,160.59,160.61,51731
2024-01-29 13:36:00,160.61,160.64,160.6,160.61,46299
2024-01-29 13:37:00,160.62,160.62,160.57,160.58,20307
2024-01-29 13:38:00,160.57,160.58,160.53,160.54,38039
2024-01-29 13:39:00,160.53,160.57,160.51,160.56,62259
2024-01-29 13:40:00,160.56,160.57,160.53,160.56,80387
2024-01-29 13:41:00,160.56,160.57,160.53,160.56,35436
2024-01-29 13:42:00,160.56,160.61,160.53,160.53,53440
2024-01-29 13:43:00,160.53,160.56,160.49,160.5,51320
2024-01-29 13:44:00,160.52,160.52,160.38,160.4,74802
2024-01-29 13:45:00,160.4,160.41,160.36,160.41,54620
2024-01-29 13:46:00,160.41,160.41,160.36,160.37,37368
2024-01-29 13:47:00,160.37,160.38,160.29,160.31,52258
2024-01-29 13:48:00,160.31,160.32,160.26,160.28,54729
2024-01-29 13:49:00,160.27,160.28,160.22,160.24,47204
2024-01-29 13:50:00,160.24,160.25,160.12,160.13,48984
2024-01-29 13:51:00,160.13,160.16,160.09,160.1,56165
2024-01-29 13:52:00,160.11,160.14,160.1,160.11,37753
2024-01-29 13:53:00,160.11,160.11,160.05,160.05,65059
2024-01-29 13:54:00,160.06,160.07,160.02,160.06,44908
2024-01-29 13:55:00,160.06,160.11,160.04,160.09,58792
2024-01-29 13:56:00,160.08,160.09,160.04,160.06,54681
2024-01-29 13:57:00,160.06,160.09,160.05,160.07,38689
2024-01-29 13:58:00,160.06,160.08,160.04,160.06,39158
2024-01-29 13:59:00,160.06,160.07,160.04,160.07,16919
2024-01-29 14:00:00,160.07,160.08,160.0,160.02,76976
2024-01-29 14:01:00,160.02,160.02,159.94,159.95,79276
2024-01-29 14:02:00,159.95,160.03,159.94,160.03,69650
2024-01-29 14:03:00,160.03,160.03,159.92,159.95,72883
2024-01-29 14:04:00,159.95,159.99,159.94,159.98,56581
2024-01-29 14:05:00,159.97,160.14,159.96,160.13,124371
2024-01-29 14:06:00,160.13,160.2,160.12,160.15,67930
2024-01-29 14:07:00,160.13,160.18,160.12,160.17,39093
2024-01-29 14:08:00,160.17,160.18,160.1,160.16,41249
2024-01-29 14:09:00,160.14,160.25,160.13,160.25,78899
2024-01-29 14:10:00,160.25,160.34,160.22,160.3,96094
2024-01-29 14:11:00,160.3,160.35,160.26,160.3,64395
2024-01-29 14:12:00,160.3,160.34,160.28,160.31,48914
2024-01-29 14:13:00,160.33,160.35,160.31,160.34,52471
2024-01-29 14:14:00,160.34,160.38,160.32,160.34,57585
2024-01-29 14:15:00,160.33,160.47,160.33,160.44,85951
2024-01-29 14:16:00,160.42,160.43,160.35,160.37,48303
2024-01-29 14:17:00,160.38,160.39,160.34,160.34,42595
2024-01-29 14:18:00,160.35,160.37,160.28,160.32,39697
2024-01-29 14:19:00,160.32,160.33,160.28,160.28,32320
2024-01-29 14:20:00,160.28,160.29,160.23,160.23,48547
2024-01-29 14:21:00,160.24,160.25,160.21,160.24,53612
2024-01-29 14:22:00,160.24,160.31,160.22,160.3,66448
2024-01-29 14:23:00,160.3,160.31,160.25,160.25,37270
2024-01-29 14:24:00,160.25,160.26,160.21,160.22,38845
2024-01-29 14:25:00,160.22,160.23,160.15,160.16,40228
2024-01-29 14:26:00,160.16,160.25,160.15,160.24,52266
2024-01-29 14:27:00,160.25,160.25,160.17,160.2,32451
2024-01-29 14:28:00,160.2,160.21,160.15,160.17,41279
2024-01-29 14:29:00,160.17,160.17,160.11,160.12,38620
2024-01-29 14:30:00,160.12,160.15,160.09,160.13,54018
2024-01-29 14:31:00,160.13,160.14,160.09,160.09,38481
2024-01-29 14:32:00,160.1,160.1,160.07,160.09,39639
2024-01-29 14:33:00,160.08,160.1,160.05,160.08,42933
2024-01-29 14:34:00,160.09,160.15,160.08,160.14,56621
2024-01-29 14:35:00,160.14,160.2,160.13,160.17,53722
2024-01-29 14:36:00,160.17,160.22,160.12,160.12,37488
2024-01-29 14:37:00,160.12,160.22,160.12,160.2,88712
2024-01-29 14:38:00,160.2,160.22,160.18,160.22,57134
2024-01-29 14:39:00,160.21,160.27,160.2,160.26,63014
2024-01-29 14:40:00,160.25,160.33,160.24,160.32,64011
2024-01-29 14:41:00,160.31,160.31,160.26,160.27,34732
2024-01-29 14:42:00,160.27,160.27,160.24,160.26,61312
2024-01-29 14:43:00,160.26,160.29,160.23,160.24,44835
2024-01-29 14:44:00,160.24,160.25,160.14,160.21,78462
2024-01-29 14:45:00,160.22,160.25,160.19,160.25,28634
2024-01-29 14:46:00,160.25,160.3,160.24,160.29,35507
2024-01-29 14:47:00,160.3,160.35,160.3,160.34,44993
2024-01-29 14:48:00,160.35,160.35,160.28,160.3,40845
2024-01-29 14:49:00,160.3,160.32,160.25,160.26,56142
2024-01-29 14:50:00,160.27,160.31,160.22,160.23,50653
2024-01-29 14:51:00,160.23,160.26,160.22,160.25,25808
2024-01-29 14:52:00,160.24,160.27,160.2,160.22,28773
2024-01-29 14:53:00,160.22,160.26,160.21,160.24,27621
2024-01-29 14:54:00,160.24,160.25,160.2,160.24,28165
2024-01-29 14:55:00,160.24,160.3,160.24,160.28,30097
2024-01-29 14:56:00,160.29,160.34,160.28,160.31,27701
2024-01-29 14:57:00,160.32,160.42,160.32,160.39,62485
2024-01-29 14:58:00,160.39,160.43,160.34,160.42,66606
2024-01-29 14:59:00,160.42,160.44,160.39,160.42,30250
2024-01-29 15:00:00,160.42,160.73,160.42,160.73,110427
2024-01-29 15:01:00,160.72,160.93,160.72,160.87,124366
2024-01-29 15:02:00,160.87,160.92,160.78,160.87,82000
2024-01-29 15:03:00,160.86,160.89,160.62,160.64,102677
2024-01-29 15:04:00,160.64,160.69,160.55,160.67,69606
2024-01-29 15:05:00,160.68,160.68,160.51,160.65,58790
2024-01-29 15:06:00,160.66,160.86,160.66,160.82,96415
2024-01-29 15:07:00,160.82,160.87,160.79,160.85,97459
2024-01-29 15:08:00,160.85,160.94,160.83,160.83,82344
2024-01-29 15:09:00,160.84,160.84,160.64,160.74,81689
2024-01-29 15:10:00,160.74,160.82,160.73,160.77,49873
2024-01-29 15:11:00,160.76,160.87,160.76,160.84,57731
2024-01-29 15:12:00,160.84,160.85,160.76,160.81,78659
2024-01-29 15:13:00,160.82,160.83,160.76,160.76,50893
2024-01-29 15:14:00,160.77,160.77,160.67,160.69,64351
2024-01-29 15:15:00,160.69,160.76,160.68,160.75,48624
2024-01-29 15:16:00,160.75,160.88,160.75,160.82,50710
2024-01-29 15:17:00,160.83,160.86,160.8,160.8,30930
2024-01-29 15:18:00,160.8,160.91,160.77,160.91,63021
2024-01-29 15:19:00,160.9,160.92,160.86,160.91,56124
2024-01-29 15:20:00,160.92,160.99,160.9,160.99,72642
2024-01-29 15:21:00,160.99,161.03,160.95,160.95,172283
2024-01-29 15:22:00,160.95,160.97,160.92,160.93,51824
2024-01-29 15:23:00,160.93,161.03,160.92,161.02,59770
2024-01-29 15:24:00,161.02,161.02,160.96,160.97,41911
2024-01-29 15:25:00,160.97,161.04,160.95,160.99,79102
2024-01-29 15:26:00,160.99,161.09,160.98,161.0,83366
2024-01-29 15:27:00,160.99,161.03,160.95,160.96,53895
2024-01-29 15:28:00,160.95,160.96,160.81,160.83,118539
2024-01-29 15:29:00,160.82,160.99,160.8,160.99,69283
2024-01-29 15:30:00,160.98,161.05,160.98,161.02,65033
2024-01-29 15:31:00,161.01,161.07,161.01,161.04,68333
2024-01-29 15:32:00,161.03,161.08,161.0,161.06,52576
2024-01-29 15:33:00,161.06,161.07,161.01,161.05,149899
2024-01-29 15:34:00,161.05,161.12,161.01,161.1,143254
2024-01-29 15:35:00,161.11,161.11,160.98,160.98,74080
2024-01-29 15:36:00,160.99,161.05,160.98,160.98,57715
2024-01-29 15:37:00,160.98,161.04,160.95,160.97,42821
2024-01-29 15:38:00,160.97,161.0,160.95,160.96,41719
2024-01-29 15:39:00,160.96,160.97,160.85,160.89,70164
2024-01-29 15:40:00,160.89,160.89,160.79,160.84,78110
2024-01-29 15:41:00,160.83,160.89,160.81,160.87,57482
2024-01-29 15:42:00,160.87,160.96,160.84,160.94,58972
2024-01-29 15:43:00,160.95,160.96,160.91,160.94,39575
2024-01-29 15:44:00,160.94,160.98,160.87,160.9,59425
2024-01-29 15:45:00,160.89,160.94,160.81,160.84,90057
2024-01-29 15:46:00,160.84,160.85,160.74,160.77,93787
2024-01-29 15:47:00,160.77,160.88,160.75,160.8,75248
2024-01-29 15:48:00,160.8,160.84,160.78,160.83,46642
2024-01-29 15:49:00,160.83,160.88,160.81,160.85,53673
2024-01-29 15:50:00,160.84,160.86,160.76,160.84,108577
2024-01-29 15:51:00,160.83,160.89,160.77,160.89,96842
2024-01-29 15:52:00,160.89,160.93,160.85,160.92,102607
2024-01-29 15:53:00,160.92,161.04,160.91,161.01,98301
2024-01-29 15:54:00,161.02,161.12,160.97,161.04,128031
2024-01-29 15:55:00,161.05,161.1,160.96,161.08,158044
2024-01-29 15:56:00,161.08,161.16,161.06,161.13,159227
2024-01-29 15:57:00,161.13,161.18,161.09,161.17,172597
2024-01-29 15:58:00,161.17,161.27,161.16,161.26,306625
2024-01-29 15:59:00,161.26,161.29,161.21,161.28,470195
2024-01-30 09:30:00,160.7,160.89,160.41,160.52,858505
2024-01-30 09:31:00,160.54,160.75,160.46,160.48,163160
2024-01-30 09:32:00,160.5,160.71,160.46,160.55,124720
2024-01-30 09:33:00,160.54,160.84,160.5,160.71,145478
2024-01-30 09:34:00,160.71,160.75,160.43,160.47,178569
2024-01-30 09:35:00,160.47,160.64,160.43,160.54,149135
2024-01-30 09:36:00,160.5,160.51,160.16,160.22,177224
2024-01-30 09:37:00,160.22,160.25,160.05,160.06,153869
2024-01-30 09:38:00,160.07,160.19,160.05,160.13,114069
2024-01-30 09:39:00,160.14,160.47,160.06,160.43,144588
2024-01-30 09:40:00,160.43,160.6,160.34,160.53,156222
2024-01-30 09:41:00,160.54,160.69,160.48,160.65,117802
2024-01-30 09:42:00,160.66,160.79,160.52,160.74,135628
2024-01-30 09:43:00,160.75,160.76,160.52,160.6,108727
2024-01-30 09:44:00,160.61,160.93,160.55,160.86,225788
2024-01-30 09:45:00,160.87,161.15,160.81,161.05,222907
2024-01-30 09:46:00,161.04,161.13,160.9,161.11,199605
2024-01-30 09:47:00,161.13,161.34,161.0,161.34,236508
2024-01-30 09:48:00,161.34,161.73,161.31,161.7,524335
2024-01-30 09:49:00,161.71,161.72,161.45,161.49,177574
2024-01-30 09:50:00,161.49,161.56,161.33,161.4,100185
2024-01-30 09:51:00,161.4,161.41,160.72,160.72,279282
2024-01-30 09:52:00,160.73,160.75,160.35,160.72,366717
2024-01-30 09:53:00,160.72,160.88,160.59,160.82,125634
2024-01-30 09:54:00,160.81,160.96,160.81,160.87,72802
2024-01-30 09:55:00,160.87,160.97,160.8,160.94,69959
2024-01-30 09:56:00,160.95,160.95,160.69,160.79,90803
2024-01-30 09:57:00,160.79,160.87,160.72,160.83,61285
2024-01-30 09:58:00,160.81,160.93,160.79,160.83,69732
2024-01-30 09:59:00,160.82,160.88,160.77,160.85,51668
2024-01-30 10:00:00,160.83,160.91,160.52,160.63,131417
2024-01-30 10:01:00,160.61,160.63,160.43,160.46,105904
2024-01-30 10:02:00,160.47,160.63,160.38,160.61,90165
2024-01-30 10:03:00,160.59,160.77,160.59,160.67,60593
2024-01-30 10:04:00,160.65,160.65,160.52,160.61,79393
2024-01-30 10:05:00,160.63,160.72,160.54,160.6,53615
2024-01-30 10:06:00,160.61,160.8,160.5,160.64,102736
2024-01-30 10:07:00,160.64,160.74,160.57,160.61,52774
2024-01-30 10:08:00,160.61,160.7,160.42,160.45,144416
2024-01-30 10:09:00,160.44,160.54,160.34,160.5,99909
2024-01-30 10:10:00,160.51,160.66,160.49,160.57,71173
2024-01-30 10:11:00,160.57,160.58,160.45,160.54,71455
2024-01-30 10:12:00,160.54,160.58,160.45,160.51,70380
2024-01-30 10:13:00,160.5,160.59,160.44,160.5,78019
2024-01-30 10:14:00,160.51,160.61,160.46,160.5,65317
2024-01-30 10:15:00,160.49,160.6,160.47,160.55,63427
2024-01-30 10:16:00,160.55,160.69,160.53,160.65,59514
2024-01-30 10:17:00,160.64,160.69,160.49,160.62,131970
2024-01-30 10:18:00,160.62,160.7,160.58,160.66,244471
2024-01-30 10:19:00,160.66,160.76,160.64,160.74,60088
2024-01-30 10:20:00,160.74,160.75,160.59,160.68,51367
2024-01-30 10:21:00,160.67,160.67,160.54,160.59,48631
2024-01-30 10:22:00,160.6,160.71,160.55,160.71,43043
2024-01-30 10:23:00,160.71,160.72,160.47,160.58,207785
2024-01-30 10:24:00,160.59,160.61,160.51,160.52,61114
2024-01-30 10:25:00,160.51,160.7,160.51,160.68,70784
2024-01-30 10:26:00,160.67,160.69,160.53,160.58,70936
2024-01-30 10:27:00,160.61,160.77,160.61,160.77,84914
2024-01-30 10:28:00,160.76,160.9,160.71,160.88,93334
2024-01-30 10:29:00,160.88,160.88,160.81,160.81,58931
2024-01-30 10:30:00,160.81,160.88,160.79,160.84,61770
2024-01-30 10:31:00,160.83,160.96,160.79,160.93,93553
2024-01-30 10:32:00,160.94,161.09,160.93,161.07,95736
2024-01-30 10:33:00,161.06,161.15,161.0,161.11,98767
2024-01-30 10:34:00,161.11,161.17,160.99,161.13,81667
2024-01-30 10:35:00,161.14,161.17,160.99,160.99,62748
2024-01-30 10:36:00,160.98,161.07,160.9,160.95,78753
2024-01-30 10:37:00,160.95,160.98,160.8,160.82,60355
2024-01-30 10:38:00,160.84,160.84,160.64,160.66,55944
2024-01-30 10:39:00,160.66,160.67,160.6,160.62,54477
2024-01-30 10:40:00,160.61,160.67,160.53,160.6,96244
2024-01-30 10:41:00,160.59,160.76,160.58,160.72,75802
2024-01-30 10:42:00,160.71,160.71,160.59,160.63,35011
2024-01-30 10:43:00,160.61,160.64,160.49,160.57,86796
2024-01-30 10:44:00,160.56,160.6,160.52,160.53,37328
2024-01-30 10:45:00,160.52,160.53,160.39,160.48,69038
2024-01-30 10:46:00,160.48,160.59,160.46,160.59,36693
2024-01-30 10:47:00,160.58,160.65,160.5,160.64,46286
2024-01-30 10:48:00,160.62,160.7,160.58,160.68,73015
2024-01-30 10:49:00,160.69,160.74,160.67,160.69,58112
2024-01-30 10:50:00,160.69,160.69,160.58,160.63,38788
2024-01-30 10:51:00,160.63,160.63,160.51,160.53,65659
2024-01-30 10:52:00,160.55,160.55,160.44,160.45,46527
2024-01-30 10:53:00,160.44,160.44,160.32,160.33,123914
2024-01-30 10:54:00,160.34,160.41,160.27,160.29,54249
2024-01-30 10:55:00,160.29,160.37,160.27,160.33,68841
2024-01-30 10:56:00,160.33,160.38,160.29,160.37,60898
2024-01-30 10:57:00,160.36,160.41,160.32,160.37,67209
2024-01-30 10:58:00,160.37,160.5,160.37,160.49,61150
2024-01-30 10:59:00,160.49,160.53,160.48,160.49,51709
2024-01-30 11:00:00,160.49,160.56,160.47,160.55,47314
2024-01-30 11:01:00,160.54,160.54,160.35,160.38,94389
2024-01-30 11:02:00,160.38,160.53,160.34,160.5,64938
2024-01-30 11:03:00,160.5,160.56,160.43,160.53,24145
2024-01-30 11:04:00,160.54,160.55,160.35,160.39,53796
2024-01-30 11:05:00,160.38,160.48,160.33,160.41,58732
2024-01-30 11:06:00,160.4,160.44,160.33,160.37,45269
2024-01-30 11:07:00,160.37,160.37,160.26,160.28,49436
2024-01-30 11:08:00,160.28,160.35,160.26,160.31,38139
2024-01-30 11:09:00,160.33,160.45,160.29,160.44,49450
2024-01-30 11:10:00,160.45,160.5,160.37,160.49,86780
2024-01-30 11:11:00,160.49,160.59,160.49,160.58,101145
2024-01-30 11:12:00,160.57,160.59,160.49,160.5,57951
2024-01-30 11:13:00,160.5,160.52,160.39,160.4,47306
2024-01-30 11:14:00,160.39,160.59,160.39,160.59,43492
2024-01-30 11:15:00,160.58,160.59,160.52,160.56,42523
2024-01-30 11:16:00,160.55,160.59,160.47,160.52,36250
2024-01-30 11:17:00,160.53,160.54,160.44,160.48,32137
2024-01-30 11:18:00,160.47,160.54,160.44,160.45,30463
2024-01-30 11:19:00,160.44,160.46,160.39,160.4,46015
2024-01-30 11:20:00,160.39,160.42,160.31,160.35,36703
2024-01-30 11:21:00,160.36,160.42,160.36,160.4,54081
2024-01-30 11:22:00,160.39,160.51,160.39,160.43,45561
2024-01-30 11:23:00,160.43,160.45,160.38,160.39,25721
2024-01-30 11:24:00,160.38,160.52,160.37,160.5,36943
2024-01-30 11:25:00,160.5,160.51,160.34,160.46,70479
2024-01-30 11:26:00,160.47,160.54,160.42,160.51,35726
2024-01-30 11:27:00,160.52,160.54,160.48,160.49,36809
2024-01-30 11:28:00,160.49,160.49,160.41,160.43,59759
2024-01-30 11:29:00,160.43,160.51,160.37,160.51,118111
2024-01-30 11:30:00,160.51,160.55,160.35,160.45,40861
2024-01-30 11:31:00,160.46,160.5,160.41,160.41,40213
2024-01-30 11:32:00,160.41,160.51,160.38,160.38,45114
2024-01-30 11:33:00,160.39,160.4,160.29,160.3,78431
2024-01-30 11:34:00,160.29,160.35,160.26,160.3,97978
2024-01-30 11:35:00,160.3,160.3,160.17,160.18,110539
2024-01-30 11:36:00,160.17,160.23,160.15,160.19,55466
2024-01-30 11:37:00,160.2,160.29,160.18,160.22,71400
2024-01-30 11:38:00,160.23,160.23,160.1,160.1,45421
2024-01-30 11:39:00,160.11,160.12,160.06,160.12,57663
2024-01-30 11:40:00,160.12,160.16,160.07,160.07,63026
2024-01-30 11:41:00,160.07,160.09,160.01,160.03,82121
2024-01-30 11:42:00,160.03,160.12,160.02,160.07,77004
2024-01-30 11:43:00,160.06,160.07,159.94,159.99,168991
2024-01-30 11:44:00,160.0,160.02,159.85,159.87,99383
2024-01-30 11:45:00,159.87,160.0,159.84,159.91,114017
2024-01-30 11:46:00,159.91,159.91,159.83,159.87,65777
2024-01-30 11:47:00,159.88,159.92,159.82,159.91,63589
2024-01-30 11:48:00,159.91,160.03,159.87,159.98,68775
2024-01-30 11:49:00,159.98,159.99,159.91,159.93,45304
2024-01-30 11:50:00,159.93,160.0,159.91,159.97,61765
2024-01-30 11:51:00,159.97,160.0,159.93,159.97,41247
2024-01-30 11:52:00,159.98,159.99,159.91,159.98,50071
2024-01-30 11:53:00,159.98,159.98,159.87,159.88,64715
2024-01-30 11:54:00,159.89,159.94,159.84,159.87,53889
2024-01-30 11:55:00,159.87,159.89,159.74,159.76,88973
2024-01-30 11:56:00,159.76,159.85,159.75,159.8,69292
2024-01-30 11:57:00,159.79,159.81,159.76,159.81,29535
2024-01-30 11:58:00,159.81,159.87,159.75,159.87,42226
2024-01-30 11:59:00,159.87,159.87,159.74,159.8,43036
2024-01-30 12:00:00,159.8,159.83,159.74,159.75,45242
2024-01-30 12:01:00,159.75,159.76,159.68,159.72,56399
2024-01-30 12:02:00,159.73,159.75,159.66,159.68,33680
2024-01-30 12:03:00,159.69,159.69,159.5,159.53,129219
2024-01-30 12:04:00,159.53,159.61,159.52,159.55,56715
2024-01-30 12:05:00,159.54,159.55,159.46,159.47,89050
2024-01-30 12:06:00,159.48,159.55,159.45,159.54,95060
2024-01-30 12:07:00,159.54,159.57,159.45,159.47,45394
2024-01-30 12:08:00,159.47,159.51,159.42,159.49,61636
2024-01-30 12:09:00,159.49,159.7,159.48,159.7,70940
2024-01-30 12:10:00,159.69,159.76,159.59,159.75,99844
2024-01-30 12:11:00,159.75,159.76,159.72,159.75,44677
2024-01-30 12:12:00,159.75,159.75,159.64,159.66,37193
2024-01-30 12:13:00,159.64,159.66,159.6,159.62,27671
2024-01-30 12:14:00,159.62,159.64,159.53,159.57,57676
2024-01-30 12:15:00,159.56,159.58,159.44,159.5,50599
2024-01-30 12:16:00,159.5,159.52,159.31,159.33,64574
2024-01-30 12:17:00,159.34,159.42,159.32,159.4,68980
2024-01-30 12:18:00,159.39,159.39,159.33,159.34,71684
2024-01-30 12:19:00,159.34,159.37,159.31,159.34,36731
2024-01-30 12:20:00,159.34,159.39,159.32,159.32,48474
2024-01-30 12:21:00,159.33,159.35,159.18,159.25,102670
2024-01-30 12:22:00,159.26,159.29,159.06,159.08,120966
2024-01-30 12:23:00,159.07,159.13,159.0,159.11,134477
2024-01-30 12:24:00,159.15,159.16,159.03,159.05,59264
2024-01-30 12:25:00,159.05,159.09,159.0,159.0,72964
2024-01-30 12:26:00,159.01,159.04,158.9,158.96,77986
2024-01-30 12:27:00,158.98,159.0,158.86,158.9,104324
2024-01-30 12:28:00,158.88,158.97,158.82,158.82,64577
2024-01-30 12:29:00,158.83,158.86,158.74,158.77,75849
2024-01-30 12:30:00,158.76,158.83,158.72,158.79,87086
2024-01-30 12:31:00,158.8,158.85,158.73,158.83,115416
2024-01-30 12:32:00,158.83,158.84,158.62,158.63,100482
2024-01-30 12:33:00,158.64,158.73,158.49,158.6,153153
2024-01-30 12:34:00,158.6,158.67,158.55,158.65,65331
2024-01-30 12:35:00,158.66,158.76,158.64,158.68,55500
2024-01-30 12:36:00,158.69,158.73,158.66,158.73,41898
2024-01-30 12:37:00,158.72,158.86,158.7,158.86,99478
2024-01-30 12:38:00,158.86,158.93,158.83,158.89,84600
2024-01-30 12:39:00,158.88,158.94,158.86,158.9,67170
2024-01-30 12:40:00,158.9,159.0,158.88,158.9,85423
2024-01-30 12:41:00,158.94,158.94,158.8,158.93,48466
2024-01-30 12:42:00,158.94,158.97,158.84,158.95,57208
2024-01-30 12:43:00,158.95,158.97,158.9,158.91,27507
2024-01-30 12:44:00,158.91,158.94,158.84,158.86,31811
2024-01-30 12:45:00,158.86,158.97,158.84,158.87,49002
2024-01-30 12:46:00,158.88,158.93,158.85,158.85,26399
2024-01-30 12:47:00,158.86,158.87,158.81,158.81,34013
2024-01-30 12:48:00,158.82,158.91,158.82,158.9,51449
2024-01-30 12:49:00,158.9,158.92,158.86,158.9,26362
2024-01-30 12:50:00,158.89,158.9,158.76,158.78,46600
2024-01-30 12:51:00,158.78,158.9,158.78,158.85,31922
2024-01-30 12:52:00,158.86,158.9,158.84,158.89,23878
2024-01-30 12:53:00,158.89,158.9,158.79,158.8,27075
2024-01-30 12:54:00,158.82,158.86,158.8,158.82,31736
2024-01-30 12:55:00,158.81,158.83,158.78,158.83,38996
2024-01-30 12:56:00,158.83,158.86,158.8,158.83,30498
2024-01-30 12:57:00,158.83,158.88,158.83,158.85,27624
2024-01-30 12:58:00,158.86,158.9,158.81,158.9,48416
2024-01-30 12:59:00,158.9,158.91,158.82,158.84,38654
2024-01-30 13:00:00,158.84,158.84,158.74,158.76,77375
2024-01-30 13:01:00,158.75,158.76,158.65,158.68,69712
2024-01-30 13:02:00,158.66,158.68,158.61,158.64,48587
2024-01-30 13:03:00,158.65,158.73,158.64,158.68,44705
2024-01-30 13:04:00,158.68,158.69,158.61,158.64,37615
2024-01-30 13:05:00,158.64,158.75,158.64,158.68,69693
2024-01-30 13:06:00,158.68,158.72,158.63,158.63,44311
2024-01-30 13:07:00,158.63,158.75,158.63,158.75,53014
2024-01-30 13:08:00,158.74,158.85,158.74,158.76,101057
2024-01-30 13:09:00,158.76,158.85,158.75,158.79,34832
2024-01-30 13:10:00,158.79,158.82,158.75,158.78,30238
2024-01-30 13:11:00,158.77,158.82,158.72,158.8,70801
2024-01-30 13:12:00,158.79,158.84,158.77,158.79,44235
2024-01-30 13:13:00,158.78,158.79,158.7,158.72,54997
2024-01-30 13:14:00,158.71,158.81,158.71,158.72,43558
2024-01-30 13:15:00,158.73,158.81,158.7,158.8,55275
2024-01-30 13:16:00,158.79,158.94,158.79,158.88,50566
2024-01-30 13:17:00,158.88,158.92,158.82,158.84,48409
2024-01-30 13:18:00,158.83,158.86,158.76,158.76,39743
2024-01-30 13:19:00,158.77,158.84,158.75,158.83,27522
2024-01-30 13:20:00,158.83,158.85,158.78,158.8,25248
2024-01-30 13:21:00,158.81,158.88,158.8,158.85,33374
2024-01-30 13:22:00,158.84,158.89,158.83,158.83,31433
2024-01-30 13:23:00,158.84,158.84,158.76,158.83,22779
2024-01-30 13:24:00,158.82,158.86,158.77,158.82,13111
2024-01-30 13:25:00,158.83,158.94,158.81,158.9,29898
2024-01-30 13:26:00,158.9,158.96,158.87,158.92,31126
2024-01-30 13:27:00,158.92,158.98,158.9,158.95,24684
2024-01-30 13:28:00,158.95,159.04,158.94,159.0,64100
2024-01-30 13:29:00,159.0,159.03,158.93,158.97,45295
2024-01-30 13:30:00,158.97,159.0,158.95,158.97,39300
2024-01-30 13:31:00,158.97,158.99,158.9,158.9,79886
2024-01-30 13:32:00,158.9,158.93,158.85,158.9,44267
2024-01-30 13:33:00,158.9,158.94,158.87,158.88,34266
2024-01-30 13:34:00,158.9,158.9,158.83,158.87,36758
2024-01-30 13:35:00,158.88,158.95,158.85,158.94,41843
2024-01-30 13:36:00,158.95,158.96,158.87,158.88,23771
2024-01-30 13:37:00,158.87,159.07,158.85,159.05,79283
2024-01-30 13:38:00,159.04,159.08,159.01,159.02,47969
2024-01-30 13:39:00,159.02,159.07,159.02,159.03,28789
2024-01-30 13:40:00,159.03,159.07,159.02,159.06,35392
2024-01-30 13:41:00,159.06,159.07,159.02,159.03,32331
2024-01-30 13:42:00,159.04,159.08,159.03,159.05,36749
2024-01-30 13:43:00,159.05,159.05,158.89,158.92,78241
2024-01-30 13:44:00,158.92,158.99,158.91,158.97,43224
2024-01-30 13:45:00,158.97,159.04,158.93,158.94,39865
2024-01-30 13:46:00,158.93,158.99,158.91,158.95,28112
2024-01-30 13:47:00,158.94,158.99,158.92,158.95,44782
2024-01-30 13:48:00,158.96,158.96,158.87,158.88,33296
2024-01-30 13:49:00,158.89,158.97,158.85,158.95,42858
2024-01-30 13:50:00,158.95,159.01,158.92,158.95,34195
2024-01-30 13:51:00,158.95,158.99,158.94,158.96,31217
2024-01-30 13:52:00,158.97,159.0,158.92,158.93,51466
2024-01-30 13:53:00,158.93,158.93,158.85,158.9,42554
2024-01-30 13:54:00,158.89,158.9,158.82,158.86,45735
2024-01-30 13:55:00,158.86,158.99,158.83,158.97,78047
2024-01-30 13:56:00,158.97,158.99,158.95,158.97,33045
2024-01-30 13:57:00,158.98,158.98,158.9,158.97,20982
2024-01-30 13:58:00,158.96,158.99,158.93,158.97,31177
2024-01-30 13:59:00,158.96,159.02,158.96,158.98,30435
2024-01-30 14:00:00,158.99,159.07,158.97,159.05,39571
2024-01-30 14:01:00,159.05,159.07,158.95,158.96,31987
2024-01-30 14:02:00,158.97,159.01,158.95,159.0,44877
2024-01-30 14:03:00,159.0,159.01,158.95,158.97,29610
2024-01-30 14:04:00,158.97,159.0,158.94,158.94,35949
2024-01-30 14:05:00,158.94,158.97,158.89,158.96,39339
2024-01-30 14:06:00,158.95,158.96,158.83,158.86,48525
2024-01-30 14:07:00,158.86,158.96,158.85,158.89,68555
2024-01-30 14:08:00,158.9,158.9,158.81,158.84,35558
2024-01-30 14:09:00,158.85,158.85,158.79,158.8,34577
2024-01-30 14:10:00,158.81,158.84,158.77,158.82,42948
2024-01-30 14:11:00,158.83,158.84,158.71,158.77,63156
2024-01-30 14:12:00,158.78,158.79,158.74,158.75,32089
2024-01-30 14:13:00,158.74,158.83,158.74,158.81,44201
2024-01-30 14:14:00,158.81,158.91,158.81,158.84,51298
2024-01-30 14:15:00,158.84,158.94,158.83,158.94,51253
2024-01-30 14:16:00,158.93,158.95,158.88,158.91,48388
2024-01-30 14:17:00,158.91,158.95,158.87,158.87,36481
2024-01-30 14:18:00,158.87,158.92,158.81,158.82,46112
2024-01-30 14:19:00,158.83,158.84,158.78,158.82,28567
2024-01-30 14:20:00,158.82,158.89,158.82,158.87,63601
2024-01-30 14:21:00,158.87,158.88,158.82,158.87,31100
2024-01-30 14:22:00,158.88,158.94,158.88,158.93,42064
2024-01-30 14:23:00,158.93,159.0,158.91,158.95,69172
2024-01-30 14:24:00,158.94,159.03,158.94,159.02,33339
2024-01-30 14:25:00,159.01,159.13,158.99,159.09,60330
2024-01-30 14:26:00,159.09,159.15,159.08,159.09,53491
2024-01-30 14:27:00,159.1,159.15,159.09,159.09,41837
2024-01-30 14:28:00,159.09,159.14,159.08,159.13,34802
2024-01-30 14:29:00,159.13,159.13,159.03,159.03,38199
2024-01-30 14:30:00,159.04,159.07,159.01,159.06,47448
2024-01-30 14:31:00,159.06,159.1,159.04,159.05,59215
2024-01-30 14:32:00,159.06,159.13,159.06,159.13,34954
2024-01-30 14:33:00,159.13,159.15,159.11,159.15,26399
2024-01-30 14:34:00,159.15,159.2,159.14,159.2,45880
2024-01-30 14:35:00,159.2,159.25,159.1,159.1,64385
2024-01-30 14:36:00,159.11,159.15,159.1,159.12,34705
2024-01-30 14:37:00,159.11,159.13,159.05,159.12,43498
2024-01-30 14:38:00,159.12,159.13,159.06,159.08,33652
2024-01-30 14:39:00,159.07,159.07,159.0,159.05,35335
2024-01-30 14:40:00,159.05,159.1,159.04,159.07,28547
2024-01-30 14:41:00,159.07,159.11,159.0,159.03,31866
2024-01-30 14:42:00,159.03,159.04,158.99,159.03,44053
2024-01-30 14:43:00,159.03,159.03,158.97,158.99,33892
2024-01-30 14:44:00,158.99,159.03,158.96,159.03,60743
2024-01-30 14:45:00,159.03,159.05,159.0,159.02,30099
2024-01-30 14:46:00,159.02,159.03,158.95,158.99,29932
2024-01-30 14:47:00,159.0,159.04,158.97,158.97,36768
2024-01-30 14:48:00,158.97,159.06,158.97,159.06,69253
2024-01-30 14:49:00,159.05,159.09,159.03,159.04,72682
2024-01-30 14:50:00,159.05,159.07,158.96,158.97,50964
2024-01-30 14:51:00,158.97,159.01,158.95,158.97,48166
2024-01-30 14:52:00,158.96,159.0,158.95,158.98,35874
2024-01-30 14:53:00,158.98,158.98,158.88,158.91,70766
2024-01-30 14:54:00,158.92,158.92,158.82,158.83,51801
2024-01-30 14:55:00,158.83,158.89,158.83,158.88,58205
2024-01-30 14:56:00,158.88,158.89,158.81,158.81,54999
2024-01-30 14:57:00,158.81,158.83,158.74,158.75,67557
2024-01-30 14:58:00,158.75,158.78,158.72,158.74,59888
2024-01-30 14:59:00,158.73,158.76,158.72,158.72,64809
2024-01-30 15:00:00,158.72,158.82,158.69,158.81,58975
2024-01-30 15:01:00,158.82,158.9,158.79,158.8,67800
2024-01-30 15:02:00,158.8,158.94,158.8,158.92,104268
2024-01-30 15:03:00,158.93,158.96,158.89,158.94,46098
2024-01-30 15:04:00,158.94,158.96,158.86,158.87,68147
2024-01-30 15:05:00,158.87,158.87,158.8,158.83,44072
2024-01-30 15:06:00,158.84,158.89,158.82,158.89,41630
2024-01-30 15:07:00,158.89,158.93,158.88,158.89,37799
2024-01-30 15:08:00,158.88,158.92,158.86,158.91,45534
2024-01-30 15:09:00,158.92,159.01,158.89,159.0,48916
2024-01-30 15:10:00,159.01,159.12,159.0,159.06,68482
2024-01-30 15:11:00,159.06,159.13,159.06,159.09,40361
2024-01-30 15:12:00,159.09,159.11,159.03,159.09,36514
2024-01-30 15:13:00,159.1,159.18,159.1,159.18,91650
2024-01-30 15:14:00,159.17,159.17,159.08,159.09,56641
2024-01-30 15:15:00,159.08,159.1,158.99,159.01,57337
2024-01-30 15:16:00,159.02,159.03,158.97,158.97,25280
2024-01-30 15:17:00,158.97,159.06,158.94,159.03,55151
2024-01-30 15:18:00,159.03,159.05,158.9,158.95,75713
2024-01-30 15:19:00,158.95,158.99,158.94,158.99,69553
2024-01-30 15:20:00,158.98,159.1,158.98,159.0,68836
2024-01-30 15:21:00,159.01,159.08,159.0,159.04,45816
2024-01-30 15:22:00,159.03,159.08,159.01,159.01,47486
2024-01-30 15:23:00,159.01,159.08,158.98,159.06,54749
2024-01-30 15:24:00,159.06,159.09,159.04,159.09,49924
2024-01-30 15:25:00,159.08,159.09,159.03,159.08,36796
2024-01-30 15:26:00,159.08,159.16,159.07,159.12,83130
2024-01-30 15:27:00,159.13,159.16,159.11,159.14,39378
2024-01-30 15:28:00,159.13,159.18,159.11,159.14,50252
2024-01-30 15:29:00,159.14,159.14,159.08,159.09,42972
2024-01-30 15:30:00,159.1,159.16,159.1,159.11,79528
2024-01-30 15:31:00,159.11,159.11,159.0,159.03,75704
2024-01-30 15:32:00,159.03,159.04,158.97,158.99,55441
2024-01-30 15:33:00,158.98,158.98,158.9,158.93,67909
2024-01-30 15:34:00,158.93,158.93,158.81,158.84,99283
2024-01-30 15:35:00,158.84,158.95,158.81,158.95,89922
2024-01-30 15:36:00,158.95,159.05,158.92,159.04,161261
2024-01-30 15:37:00,159.04,159.07,159.0,159.0,72849
2024-01-30 15:38:00,159.0,159.01,158.93,158.96,78738
2024-01-30 15:39:00,158.96,159.06,158.94,159.05,67914
2024-01-30 15:40:00,159.05,159.12,159.05,159.11,55566
2024-01-30 15:41:00,159.11,159.17,159.07,159.14,60532
2024-01-30 15:42:00,159.14,159.25,159.13,159.22,95545
2024-01-30 15:43:00,159.22,159.25,159.17,159.23,69918
2024-01-30 15:44:00,159.24,159.26,159.2,159.2,50433
2024-01-30 15:45:00,159.2,159.2,159.14,159.17,51735
2024-01-30 15:46:00,159.18,159.26,159.17,159.24,80695
2024-01-30 15:47:00,159.24,159.32,159.21,159.31,102680
2024-01-30 15:48:00,159.31,159.31,159.18,159.24,91107
2024-01-30 15:49:00,159.24,159.28,159.2,159.27,73453
2024-01-30 15:50:00,159.26,159.26,159.13,159.24,130596
2024-01-30 15:51:00,159.24,159.26,159.16,159.17,99237
2024-01-30 15:52:00,159.16,159.17,159.04,159.05,112461
2024-01-30 15:53:00,159.05,159.05,158.94,159.0,136428
2024-01-30 15:54:00,158.99,159.02,158.77,158.8,246007
2024-01-30 15:55:00,158.8,159.02,158.79,158.91,221412
2024-01-30 15:56:00,158.91,159.01,158.9,158.95,148447
2024-01-30 15:57:00,158.96,159.05,158.93,158.99,251556
2024-01-30 15:58:00,158.99,159.07,158.98,159.04,234331
2024-01-30 15:59:00,159.03,159.09,158.94,158.95,553382
2024-01-31 09:30:00,157.0,157.35,156.55,157.09,1050040
2024-01-31 09:31:00,157.09,158.22,156.99,158.19,388934
2024-01-31 09:32:00,158.19,158.85,158.08,158.84,289745
2024-01-31 09:33:00,158.86,159.01,158.24,158.28,359122
2024-01-31 09:34:00,158.24,158.67,158.17,158.35,260528
2024-01-31 09:35:00,158.33,158.64,158.13,158.44,220099
2024-01-31 09:36:00,158.43,158.53,157.94,158.21,263934
2024-01-31 09:37:00,158.21,158.21,157.26,157.33,225957
2024-01-31 09:38:00,157.33,157.49,157.17,157.23,247295
2024-01-31 09:39:00,157.21,157.56,157.18,157.56,189343
2024-01-31 09:40:00,157.57,157.57,157.1,157.15,206789
2024-01-31 09:41:00,157.15,157.17,156.62,156.73,175530
2024-01-31 09:42:00,156.74,156.97,156.65,156.72,183336
2024-01-31 09:43:00,156.74,156.77,156.47,156.54,270390
2024-01-31 09:44:00,156.55,156.91,156.4,156.8,177733
2024-01-31 09:45:00,156.82,156.86,156.56,156.72,169732
2024-01-31 09:46:00,156.74,156.88,156.5,156.65,228449
2024-01-31 09:47:00,156.64,156.82,156.53,156.8,83813
2024-01-31 09:48:00,156.81,157.15,156.66,157.14,152002
2024-01-31 09:49:00,157.15,157.56,157.05,157.39,190456
2024-01-31 09:50:00,157.38,157.4,156.98,157.23,94101
2024-01-31 09:51:00,157.23,157.27,156.99,157.22,76329
2024-01-31 09:52:00,157.22,157.24,157.01,157.12,64766
2024-01-31 09:53:00,157.1,157.12,156.95,157.01,87045
2024-01-31 09:54:00,157.02,157.27,157.02,157.1,95091
2024-01-31 09:55:00,157.1,157.37,157.09,157.22,107017
2024-01-31 09:56:00,157.23,157.23,157.05,157.06,80889
2024-01-31 09:57:00,157.07,157.29,157.04,157.13,97958
2024-01-31 09:58:00,157.12,157.25,157.03,157.07,85309
2024-01-31 09:59:00,157.07,157.31,157.01,157.2,91866
2024-01-31 10:00:00,157.21,157.25,156.92,157.24,179690
2024-01-31 10:01:00,157.23,157.26,157.03,157.22,74864
2024-01-31 10:02:00,157.21,157.3,157.1,157.17,93777
2024-01-31 10:03:00,157.16,157.38,157.16,157.25,81082
2024-01-31 10:04:00,157.24,157.38,157.19,157.2,73891
2024-01-31 10:05:00,157.21,157.31,157.03,157.16,71249
2024-01-31 10:06:00,157.17,157.26,157.04,157.17,71668
2024-01-31 10:07:00,157.18,157.2,156.96,157.0,124545
2024-01-31 10:08:00,157.0,157.11,156.94,157.0,91597
2024-01-31 10:09:00,157.0,157.27,156.99,157.12,84509
2024-01-31 10:10:00,157.12,157.17,157.06,157.07,59294
2024-01-31 10:11:00,157.07,157.07,156.88,156.9,102702
2024-01-31 10:12:00,156.89,157.15,156.89,157.05,109940
2024-01-31 10:13:00,157.03,157.2,156.91,157.1,107761
2024-01-31 10:14:00,157.1,157.2,156.96,156.97,104399
2024-01-31 10:15:00,156.97,157.37,156.94,157.17,191875
2024-01-31 10:16:00,157.16,157.36,156.99,157.25,114440
2024-01-31 10:17:00,157.28,157.34,157.16,157.26,51990
2024-01-31 10:18:00,157.25,157.31,157.05,157.31,76841
2024-01-31 10:19:00,157.3,157.35,157.19,157.26,49953
2024-01-31 10:20:00,157.26,157.3,157.05,157.15,61197
2024-01-31 10:21:00,157.12,157.25,157.04,157.12,66027
2024-01-31 10:22:00,157.11,157.18,157.01,157.1,77846
2024-01-31 10:23:00,157.1,157.13,156.94,156.99,107479
2024-01-31 10:24:00,156.97,157.17,156.91,157.06,124085
2024-01-31 10:25:00,157.05,157.05,156.89,156.96,109975
2024-01-31 10:26:00,156.96,157.06,156.9,157.03,85548
2024-01-31 10:27:00,157.04,157.04,156.83,156.85,82188
2024-01-31 10:28:00,156.84,156.87,156.77,156.81,107990
2024-01-31 10:29:00,156.81,156.88,156.79,156.86,47396
2024-01-31 10:30:00,156.86,156.99,156.84,156.9,88078
2024-01-31 10:31:00,156.89,156.89,156.65,156.74,85069
2024-01-31 10:32:00,156.74,156.76,156.44,156.45,190784
2024-01-31 10:33:00,156.46,156.5,156.39,156.41,137006
2024-01-31 10:34:00,156.4,156.57,156.32,156.44,115620
2024-01-31 10:35:00,156.46,156.66,156.46,156.51,50545
2024-01-31 10:36:00,156.5,156.52,156.32,156.34,79846
2024-01-31 10:37:00,156.33,156.41,156.3,156.31,69107
2024-01-31 10:38:00,156.31,156.42,156.27,156.4,104212
2024-01-31 10:39:00,156.4,156.45,156.14,156.22,132655
2024-01-31 10:40:00,156.22,156.25,155.96,155.97,197449
2024-01-31 10:41:00,155.97,156.05,155.87,155.97,134605
2024-01-31 10:42:00,155.97,156.04,155.82,155.83,96375
2024-01-31 10:43:00,155.85,155.91,155.78,155.86,83628
2024-01-31 10:44:00,155.85,155.88,155.7,155.88,159493
2024-01-31 10:45:00,155.89,156.05,155.83,155.91,131335
2024-01-31 10:46:00,155.92,156.0,155.81,155.93,133074
2024-01-31 10:47:00,155.92,156.09,155.92,155.97,59643
2024-01-31 10:48:00,155.97,156.01,155.91,156.0,53505
2024-01-31 10:49:00,156.01,156.08,155.98,156.01,64523
2024-01-31 10:50:00,156.02,156.15,155.95,156.02,77870
2024-01-31 10:51:00,156.02,156.04,155.87,155.92,69211
2024-01-31 10:52:00,155.91,155.91,155.74,155.77,58438
2024-01-31 10:53:00,155.77,155.79,155.41,155.43,175952
2024-01-31 10:54:00,155.44,155.7,155.43,155.58,89078
2024-01-31 10:55:00,155.58,155.76,155.58,155.65,71375
2024-01-31 10:56:00,155.66,155.82,155.63,155.68,80907
2024-01-31 10:57:00,155.68,155.73,155.5,155.52,63084
2024-01-31 10:58:00,155.5,155.55,155.34,155.35,126260
2024-01-31 10:59:00,155.38,155.71,155.34,155.7,198970
2024-01-31 11:00:00,155.68,155.78,155.65,155.69,75366
2024-01-31 11:01:00,155.7,155.8,155.63,155.79,84846
2024-01-31 11:02:00,155.78,155.88,155.76,155.8,59461
2024-01-31 11:03:00,155.8,155.98,155.8,155.94,61610
2024-01-31 11:04:00,155.94,155.95,155.78,155.81,43859
2024-01-31 11:05:00,155.78,155.89,155.76,155.82,44035
2024-01-31 11:06:00,155.82,155.82,155.71,155.72,72166
2024-01-31 11:07:00,155.72,155.84,155.61,155.67,52211
2024-01-31 11:08:00,155.66,155.8,155.63,155.79,48990
2024-01-31 11:09:00,155.8,155.9,155.76,155.9,47717
2024-01-31 11:10:00,155.9,155.99,155.84,155.94,41963
2024-01-31 11:11:00,155.93,156.07,155.92,155.98,66815
2024-01-31 11:12:00,155.97,156.06,155.97,156.01,36782
2024-01-31 11:13:00,156.02,156.17,156.02,156.08,70532
2024-01-31 11:14:00,156.09,156.13,156.01,156.05,43971
2024-01-31 11:15:00,156.04,156.14,156.02,156.09,61919
2024-01-31 11:16:00,156.09,156.21,156.07,156.16,52386
2024-01-31 11:17:00,156.17,156.2,156.03,156.09,49151
2024-01-31 11:18:00,156.07,156.09,155.97,156.05,54450
2024-01-31 11:19:00,156.04,156.11,155.99,156.07,42358
2024-01-31 11:20:00,156.08,156.15,156.01,156.12,70328
2024-01-31 11:21:00,156.11,156.3,156.11,156.26,107789
2024-01-31 11:22:00,156.25,156.35,156.25,156.3,65778
2024-01-31 11:23:00,156.3,156.36,156.28,156.33,47923
2024-01-31 11:24:00,156.34,156.38,156.25,156.27,41362
2024-01-31 11:25:00,156.28,156.35,156.23,156.34,42985
2024-01-31 11:26:00,156.33,156.35,156.17,156.18,54270
2024-01-31 11:27:00,156.19,156.25,156.12,156.24,35986
2024-01-31 11:28:00,156.24,156.4,156.24,156.37,32401
2024-01-31 11:29:00,156.37,156.4,156.24,156.33,36488
2024-01-31 11:30:00,156.34,156.37,156.24,156.25,21459
2024-01-31 11:31:00,156.23,156.26,156.16,156.25,31201
2024-01-31 11:32:00,156.25,156.28,156.18,156.24,31210
2024-01-31 11:33:00,156.25,156.3,156.22,156.27,24930
2024-01-31 11:34:00,156.28,156.36,156.23,156.32,25415
2024-01-31 11:35:00,156.33,156.33,156.2,156.26,32626
2024-01-31 11:36:00,156.27,156.35,156.25,156.35,30294
2024-01-31 11:37:00,156.34,156.44,156.3,156.42,33256
2024-01-31 11:38:00,156.43,156.44,156.28,156.32,41293
2024-01-31 11:39:00,156.32,156.45,156.31,156.42,25214
2024-01-31 11:40:00,156.42,156.45,156.38,156.41,27217
2024-01-31 11:41:00,156.41,156.46,156.35,156.41,25157
2024-01-31 11:42:00,156.41,156.51,156.36,156.46,69729
2024-01-31 11:43:00,156.47,156.49,156.42,156.47,26338
2024-01-31 11:44:00,156.48,156.55,156.46,156.51,38992
2024-01-31 11:45:00,156.5,156.7,156.48,156.68,48045
2024-01-31 11:46:00,156.67,156.67,156.55,156.6,52309
2024-01-31 11:47:00,156.6,156.61,156.35,156.41,49565
2024-01-31 11:48:00,156.4,156.4,156.12,156.12,89811
2024-01-31 11:49:00,156.14,156.23,156.06,156.22,76433
2024-01-31 11:50:00,156.23,156.23,156.11,156.15,35725
2024-01-31 11:51:00,156.16,156.16,156.02,156.06,49342
2024-01-31 11:52:00,156.06,156.13,155.88,155.9,81365
2024-01-31 11:53:00,155.88,156.06,155.88,155.98,79252
2024-01-31 11:54:00,155.99,156.04,155.95,156.02,65477
2024-01-31 11:55:00,156.03,156.09,155.98,156.06,59675
2024-01-31 11:56:00,156.05,156.1,155.98,156.05,25402
2024-01-31 11:57:00,156.06,156.09,156.01,156.08,23509
2024-01-31 11:58:00,156.09,156.12,156.05,156.11,37560
2024-01-31 11:59:00,156.11,156.21,156.09,156.17,30421
2024-01-31 12:00:00,156.16,156.27,156.16,156.22,43143
2024-01-31 12:01:00,156.23,156.29,156.19,156.28,62022
2024-01-31 12:02:00,156.28,156.34,156.23,156.34,45740
2024-01-31 12:03:00,156.34,156.35,156.26,156.31,40283
2024-01-31 12:04:00,156.32,156.45,156.32,156.39,55080
2024-01-31 12:05:00,156.38,156.5,156.37,156.43,63246
2024-01-31 12:06:00,156.44,156.44,156.33,156.36,39798
2024-01-31 12:07:00,156.34,156.41,156.32,156.41,26849
2024-01-31 12:08:00,156.42,156.49,156.4,156.42,52309
2024-01-31 12:09:00,156.41,156.57,156.41,156.54,39194
2024-01-31 12:10:00,156.54,156.54,156.44,156.45,26608
2024-01-31 12:11:00,156.45,156.54,156.44,156.51,34283
2024-01-31 12:12:00,156.5,156.51,156.43,156.47,31094
2024-01-31 12:13:00,156.47,156.47,156.42,156.44,21723
2024-01-31 12:14:00,156.45,156.47,156.36,156.37,37936
2024-01-31 12:15:00,156.37,156.45,156.35,156.4,48264
2024-01-31 12:16:00,156.37,156.42,156.35,156.39,19658
2024-01-31 12:17:00,156.38,156.39,156.28,156.3,16912
2024-01-31 12:18:00,156.3,156.35,156.27,156.34,24326
2024-01-31 12:19:00,156.33,156.36,156.26,156.27,21007
2024-01-31 12:20:00,156.26,156.29,156.21,156.25,21914
2024-01-31 12:21:00,156.25,156.29,156.22,156.25,32231
2024-01-31 12:22:00,156.27,156.35,156.22,156.35,40386
2024-01-31 12:23:00,156.34,156.4,156.32,156.36,32245
2024-01-31 12:24:00,156.35,156.43,156.34,156.37,28041
2024-01-31 12:25:00,156.37,156.4,156.34,156.35,30920
2024-01-31 12:26:00,156.37,156.4,156.34,156.4,23604
2024-01-31 12:27:00,156.4,156.45,156.39,156.43,33486
2024-01-31 12:28:00,156.43,156.49,156.42,156.46,43087
2024-01-31 12:29:00,156.46,156.51,156.45,156.51,43322
2024-01-31 12:30:00,156.52,156.65,156.51,156.64,40066
2024-01-31 12:31:00,156.64,156.71,156.58,156.67,64718
2024-01-31 12:32:00,156.68,156.75,156.63,156.75,48034
2024-01-31 12:33:00,156.75,156.75,156.57,156.58,34584
2024-01-31 12:34:00,156.58,156.58,156.42,156.42,40151
2024-01-31 12:35:00,156.41,156.51,156.37,156.5,53477
2024-01-31 12:36:00,156.47,156.47,156.35,156.38,27806
2024-01-31 12:37:00,156.38,156.41,156.29,156.38,58294
2024-01-31 12:38:00,156.37,156.41,156.36,156.38,30978
2024-01-31 12:39:00,156.38,156.47,156.37,156.43,22365
2024-01-31 12:40:00,156.42,156.52,156.41,156.5,34576
2024-01-31 12:41:00,156.51,156.57,156.49,156.5,26367
2024-01-31 12:42:00,156.51,156.58,156.49,156.58,25773
2024-01-31 12:43:00,156.58,156.64,156.56,156.61,31730
2024-01-31 12:44:00,156.61,156.65,156.57,156.58,29771
2024-01-31 12:45:00,156.57,156.64,156.54,156.54,34987
2024-01-31 12:46:00,156.55,156.62,156.54,156.55,43492
2024-01-31 12:47:00,156.55,156.56,156.49,156.5,30955
2024-01-31 12:48:00,156.5,156.56,156.49,156.54,27716
2024-01-31 12:49:00,156.55,156.58,156.52,156.55,40291
2024-01-31 12:50:00,156.55,156.75,156.54,156.74,91839
2024-01-31 12:51:00,156.73,156.83,156.69,156.71,87638
2024-01-31 12:52:00,156.7,156.7,156.61,156.7,34485
2024-01-31 12:53:00,156.69,156.73,156.59,156.61,48858
2024-01-31 12:54:00,156.61,156.62,156.53,156.56,32283
2024-01-31 12:55:00,156.56,156.56,156.5,156.53,34009
2024-01-31 12:56:00,156.53,156.57,156.5,156.57,20813
2024-01-31 12:57:00,156.56,156.62,156.54,156.57,32016
2024-01-31 12:58:00,156.56,156.64,156.55,156.62,32660
2024-01-31 12:59:00,156.61,156.67,156.57,156.64,38798
2024-01-31 13:00:00,156.64,156.66,156.53,156.55,41802
2024-01-31 13:01:00,156.54,156.62,156.5,156.62,31335
2024-01-31 13:02:00,156.62,156.72,156.55,156.71,56803
2024-01-31 13:03:00,156.71,156.75,156.66,156.75,50801
2024-01-31 13:04:00,156.75,156.78,156.72,156.74,23311
2024-01-31 13:05:00,156.74,156.83,156.73,156.81,46064
2024-01-31 13:06:00,156.8,156.81,156.72,156.77,30430
2024-01-31 13:07:00,156.77,156.83,156.74,156.78,36903
2024-01-31 13:08:00,156.77,156.81,156.69,156.74,26861
2024-01-31 13:09:00,156.74,156.77,156.72,156.74,28768
2024-01-31 13:10:00,156.73,156.75,156.67,156.68,36913
2024-01-31 13:11:00,156.69,156.82,156.69,156.8,50066
2024-01-31 13:12:00,156.8,157.04,156.8,157.02,92978
2024-01-31 13:13:00,157.02,157.04,156.99,157.02,46817
2024-01-31 13:14:00,157.02,157.03,156.97,156.99,31124
2024-01-31 13:15:00,157.0,157.06,156.98,157.04,68768
2024-01-31 13:16:00,157.04,157.09,156.99,157.05,62151
2024-01-31 13:17:00,157.06,157.16,157.01,157.1,80144
2024-01-31 13:18:00,157.11,157.19,157.1,157.16,55527
2024-01-31 13:19:00,157.16,157.22,157.16,157.21,53141
2024-01-31 13:20:00,157.22,157.25,157.04,157.05,45078
2024-01-31 13:21:00,157.05,157.06,156.95,156.99,76118
2024-01-31 13:22:00,157.0,157.17,156.97,157.08,74964
2024-01-31 13:23:00,157.08,157.11,156.97,156.99,43913
2024-01-31 13:24:00,156.97,156.99,156.82,156.86,47234
2024-01-31 13:25:00,156.87,156.88,156.82,156.84,39726
2024-01-31 13:26:00,156.84,156.9,156.83,156.9,36944
2024-01-31 13:27:00,156.91,157.0,156.9,157.0,34125
2024-01-31 13:28:00,157.01,157.09,156.95,156.98,69199
2024-01-31 13:29:00,156.98,157.0,156.92,156.99,37342
2024-01-31 13:30:00,156.99,157.01,156.94,156.99,36717
2024-01-31 13:31:00,156.99,157.01,156.95,156.99,26884
2024-01-31 13:32:00,156.98,157.01,156.91,157.0,49313
2024-01-31 13:33:00,157.0,157.07,156.93,157.04,37472
2024-01-31 13:34:00,157.05,157.15,157.04,157.06,40982
2024-01-31 13:35:00,157.06,157.12,157.06,157.06,21328
2024-01-31 13:36:00,157.06,157.12,157.03,157.11,39786
2024-01-31 13:37:00,157.11,157.12,157.07,157.09,18096
2024-01-31 13:38:00,157.09,157.11,157.01,157.02,16646
2024-01-31 13:39:00,157.03,157.04,156.94,156.96,21511
2024-01-31 13:40:00,156.96,157.0,156.95,156.98,31258
2024-01-31 13:41:00,157.0,157.03,156.97,156.99,40401
2024-01-31 13:42:00,156.99,157.0,156.92,156.95,42019
2024-01-31 13:43:00,156.96,156.97,156.88,156.9,42379
2024-01-31 13:44:00,156.9,156.99,156.88,156.98,30559
2024-01-31 13:45:00,156.99,157.07,156.97,157.02,46279
2024-01-31 13:46:00,157.02,157.07,157.01,157.06,57220
2024-01-31 13:47:00,157.06,157.08,157.0,157.01,24800
2024-01-31 13:48:00,157.0,157.01,156.92,156.93,45836
2024-01-31 13:49:00,156.93,156.98,156.9,156.91,33310
2024-01-31 13:50:00,156.91,156.93,156.78,156.8,40710
2024-01-31 13:51:00,156.8,156.85,156.77,156.83,42096
2024-01-31 13:52:00,156.84,156.85,156.76,156.77,31266
2024-01-31 13:53:00,156.77,156.78,156.72,156.78,49920
2024-01-31 13:54:00,156.77,156.79,156.73,156.76,39070
2024-01-31 13:55:00,156.77,156.9,156.76,156.9,36344
2024-01-31 13:56:00,156.89,156.95,156.83,156.95,39172
2024-01-31 13:57:00,156.95,156.95,156.89,156.93,24462
2024-01-31 13:58:00,156.94,156.99,156.94,156.98,22332
2024-01-31 13:59:00,156.98,157.07,156.87,157.03,37465
2024-01-31 14:00:00,157.02,157.19,156.31,156.43,191152
2024-01-31 14:01:00,156.45,156.58,156.21,156.42,77880
2024-01-31 14:02:00,156.45,156.46,156.12,156.43,49474
2024-01-31 14:03:00,156.41,156.82,156.31,156.81,57433
2024-01-31 14:04:00,156.79,156.85,156.61,156.8,64331
2024-01-31 14:05:00,156.8,157.06,156.78,156.84,69524
2024-01-31 14:06:00,156.88,156.98,156.65,156.68,37327
2024-01-31 14:07:00,156.67,156.68,156.48,156.51,45831
2024-01-31 14:08:00,156.51,156.56,156.41,156.46,47732
2024-01-31 14:09:00,156.46,156.6,156.36,156.48,53832
2024-01-31 14:10:00,156.48,156.64,156.46,156.56,66302
2024-01-31 14:11:00,156.5,156.64,156.44,156.64,47107
2024-01-31 14:12:00,156.64,156.78,156.64,156.72,56518
2024-01-31 14:13:00,156.75,156.83,156.66,156.73,55355
2024-01-31 14:14:00,156.73,156.76,156.57,156.63,67854
2024-01-31 14:15:00,156.62,156.64,156.49,156.53,59601
2024-01-31 14:16:00,156.51,156.62,156.47,156.6,47518
2024-01-31 14:17:00,156.59,156.62,156.44,156.45,34297
2024-01-31 14:18:00,156.45,156.45,156.28,156.3,85436
2024-01-31 14:19:00,156.31,156.37,156.23,156.3,45272
2024-01-31 14:20:00,156.27,156.45,156.27,156.43,50218
2024-01-31 14:21:00,156.43,156.49,156.37,156.38,39010
2024-01-31 14:22:00,156.39,156.43,156.3,156.32,29261
2024-01-31 14:23:00,156.32,156.41,156.3,156.39,32009
2024-01-31 14:24:00,156.39,156.53,156.35,156.5,56052
2024-01-31 14:25:00,156.49,156.65,156.46,156.61,40220
2024-01-31 14:26:00,156.61,156.7,156.61,156.67,53285
2024-01-31 14:27:00,156.66,156.69,156.57,156.57,43964
2024-01-31 14:28:00,156.57,156.61,156.44,156.47,27408
2024-01-31 14:29:00,156.47,156.5,156.42,156.45,21727
2024-01-31 14:30:00,156.45,156.49,156.35,156.35,41258
2024-01-31 14:31:00,156.36,156.73,156.31,156.7,131271
2024-01-31 14:32:00,156.7,156.99,156.7,156.89,69597
2024-01-31 14:33:00,156.92,156.93,156.73,156.81,64096
2024-01-31 14:34:00,156.81,156.83,156.65,156.83,46009
2024-01-31 14:35:00,156.81,157.06,156.73,156.87,154784
2024-01-31 14:36:00,156.83,156.88,156.63,156.63,56011
2024-01-31 14:37:00,156.62,156.78,156.53,156.74,58189
2024-01-31 14:38:00,156.74,157.19,156.68,157.08,66030
2024-01-31 14:39:00,157.1,157.53,157.08,157.37,151980
2024-01-31 14:40:00,157.39,157.53,157.25,157.37,87351
2024-01-31 14:41:00,157.38,157.55,157.3,157.4,84400
2024-01-31 14:42:00,157.4,157.5,157.31,157.44,70519
2024-01-31 14:43:00,157.43,157.53,157.25,157.41,140949
2024-01-31 14:44:00,157.44,157.61,157.37,157.39,88254
2024-01-31 14:45:00,157.41,157.71,157.4,157.52,115830
2024-01-31 14:46:00,157.55,157.76,157.54,157.73,119870
2024-01-31 14:47:00,157.7,157.75,157.42,157.5,81566
2024-01-31 14:48:00,157.51,157.57,157.39,157.52,51565
2024-01-31 14:49:00,157.53,157.62,157.36,157.4,72205
2024-01-31 14:50:00,157.42,157.46,157.15,157.33,95812
2024-01-31 14:51:00,157.33,157.37,157.04,157.04,61029
2024-01-31 14:52:00,157.04,157.1,156.9,157.0,78874
2024-01-31 14:53:00,157.0,157.15,156.98,157.1,47186
2024-01-31 14:54:00,157.12,157.23,157.05,157.11,53287
2024-01-31 14:55:00,157.12,157.21,157.02,157.17,44784
2024-01-31 14:56:00,157.14,157.21,157.06,157.07,69090
2024-01-31 14:57:00,157.07,157.19,157.04,157.13,33807
2024-01-31 14:58:00,157.14,157.15,156.95,157.0,61999
2024-01-31 14:59:00,156.98,156.99,156.7,156.8,75552
2024-01-31 15:00:00,156.83,156.89,156.69,156.85,99156
2024-01-31 15:01:00,156.84,156.94,156.61,156.64,82308
2024-01-31 15:02:00,156.63,156.64,156.29,156.38,104946
2024-01-31 15:03:00,156.36,156.41,156.2,156.28,58951
2024-01-31 15:04:00,156.28,156.29,156.02,156.13,125769
2024-01-31 15:05:00,156.13,156.19,155.97,156.14,111933
2024-01-31 15:06:00,156.1,156.18,155.88,155.99,143499
2024-01-31 15:07:00,156.0,156.19,155.8,156.17,115200
2024-01-31 15:08:00,156.19,156.34,156.01,156.22,81128
2024-01-31 15:09:00,156.23,156.33,156.04,156.18,48483
2024-01-31 15:10:00,156.15,156.34,156.11,156.22,53905
2024-01-31 15:11:00,156.24,156.24,155.97,156.05,52574
2024-01-31 15:12:00,156.03,156.18,155.97,156.16,53450
2024-01-31 15:13:00,156.15,156.32,156.02,156.29,45821
2024-01-31 15:14:00,156.29,156.29,156.12,156.12,42063
2024-01-31 15:15:00,156.12,156.25,156.06,156.2,60853
2024-01-31 15:16:00,156.21,156.3,156.05,156.12,71489
2024-01-31 15:17:00,156.12,156.22,156.07,156.12,41948
2024-01-31 15:18:00,156.11,156.11,155.99,156.06,76464
2024-01-31 15:19:00,156.06,156.24,156.0,156.02,63439
2024-01-31 15:20:00,156.05,156.22,155.93,156.22,70487
2024-01-31 15:21:00,156.2,156.3,156.14,156.22,84443
2024-01-31 15:22:00,156.21,156.41,156.14,156.36,73147
2024-01-31 15:23:00,156.36,156.57,156.29,156.54,78241
2024-01-31 15:24:00,156.55,156.57,156.35,156.43,98116
2024-01-31 15:25:00,156.41,156.44,156.25,156.26,52181
2024-01-31 15:26:00,156.25,156.28,156.1,156.16,61366
2024-01-31 15:27:00,156.16,156.36,156.09,156.36,53255
2024-01-31 15:28:00,156.36,156.39,156.11,156.11,67430
2024-01-31 15:29:00,156.1,156.13,156.01,156.02,124357
2024-01-31 15:30:00,156.03,156.11,155.89,155.89,67416
2024-01-31 15:31:00,155.9,156.01,155.86,155.93,80357
2024-01-31 15:32:00,155.93,155.93,155.69,155.74,99699
2024-01-31 15:33:00,155.74,155.78,155.64,155.66,79838
2024-01-31 15:34:00,155.67,155.67,155.58,155.65,73465
2024-01-31 15:35:00,155.64,155.65,155.51,155.54,64347
2024-01-31 15:36:00,155.55,155.63,155.51,155.59,91657
2024-01-31 15:37:00,155.59,155.66,155.44,155.53,114670
2024-01-31 15:38:00,155.52,155.56,155.41,155.43,97392
2024-01-31 15:39:00,155.42,155.46,155.38,155.38,106063
2024-01-31 15:40:00,155.37,155.46,155.29,155.43,184262
2024-01-31 15:41:00,155.42,155.42,155.25,155.34,98730
2024-01-31 15:42:00,155.33,155.34,155.23,155.27,90148
2024-01-31 15:43:00,155.28,155.52,155.26,155.47,123876
2024-01-31 15:44:00,155.48,155.49,155.29,155.3,59270
2024-01-31 15:45:00,155.3,155.34,155.26,155.29,85174
2024-01-31 15:46:00,155.28,155.4,155.26,155.33,115088
2024-01-31 15:47:00,155.33,155.37,155.22,155.32,149114
2024-01-31 15:48:00,155.31,155.33,155.1,155.12,185679
2024-01-31 15:49:00,155.12,155.27,155.11,155.2,124767
2024-01-31 15:50:00,155.21,155.3,154.92,155.29,263948
2024-01-31 15:51:00,155.3,155.34,155.13,155.2,143754
2024-01-31 15:52:00,155.2,155.2,155.03,155.03,146934
2024-01-31 15:53:00,155.04,155.05,154.83,154.83,237211
2024-01-31 15:54:00,154.84,155.15,154.81,155.14,341971
2024-01-31 15:55:00,155.14,155.54,155.07,155.32,410330
2024-01-31 15:56:00,155.31,155.47,155.29,155.38,219051
2024-01-31 15:57:00,155.38,155.65,155.37,155.53,327395
2024-01-31 15:58:00,155.54,155.56,155.39,155.45,273466
2024-01-31 15:59:00,155.44,155.45,155.1,155.13,656016
2024-02-01 09:30:00,155.82,156.84,155.62,156.65,1244449
2024-02-01 09:31:00,156.65,156.65,155.97,156.56,290960
2024-02-01 09:32:00,156.56,156.87,156.46,156.67,227546
2024-02-01 09:33:00,156.7,157.2,156.67,156.9,186597
2024-02-01 09:34:00,156.88,157.2,156.72,157.17,210763
2024-02-01 09:35:00,157.18,157.41,157.04,157.41,190057
2024-02-01 09:36:00,157.41,157.51,157.03,157.37,244695
2024-02-01 09:37:00,157.37,157.6,157.34,157.57,269529
2024-02-01 09:38:00,157.58,157.64,157.44,157.46,167016
2024-02-01 09:39:00,157.46,157.86,157.43,157.85,242503
2024-02-01 09:40:00,157.85,157.86,157.43,157.76,212406
2024-02-01 09:41:00,157.77,157.82,157.42,157.53,152718
2024-02-01 09:42:00,157.54,157.55,157.16,157.49,155561
2024-02-01 09:43:00,157.49,157.9,157.41,157.81,227880
2024-02-01 09:44:00,157.78,157.81,157.62,157.72,87142
2024-02-01 09:45:00,157.7,158.06,157.58,158.03,240524
2024-02-01 09:46:00,158.04,158.49,158.03,158.47,313181
2024-02-01 09:47:00,158.47,158.51,157.92,158.13,326838
2024-02-01 09:48:00,158.09,158.28,157.82,157.88,183130
2024-02-01 09:49:00,157.88,157.96,157.6,157.81,219449
2024-02-01 09:50:00,157.81,158.18,157.73,158.07,160311
2024-02-01 09:51:00,158.08,158.24,157.97,158.2,139603
2024-02-01 09:52:00,158.19,158.25,157.76,157.83,137690
2024-02-01 09:53:00,157.81,157.82,157.58,157.72,101513
2024-02-01 09:54:00,157.74,157.94,157.69,157.73,91828
2024-02-01 09:55:00,157.74,157.84,157.63,157.8,91700
2024-02-01 09:56:00,157.8,157.98,157.74,157.93,92614
2024-02-01 09:57:00,157.93,158.28,157.87,158.27,156618
2024-02-01 09:58:00,158.27,158.28,158.1,158.13,103741
2024-02-01 09:59:00,158.13,158.5,158.13,158.44,172266
2024-02-01 10:00:00,158.4,158.4,157.74,157.81,232144
2024-02-01 10:01:00,157.8,158.02,157.7,157.74,133796
2024-02-01 10:02:00,157.71,158.09,157.71,158.09,116218
2024-02-01 10:03:00,158.11,158.39,157.98,158.36,105322
2024-02-01 10:04:00,158.37,158.74,158.3,158.65,156734
2024-02-01 10:05:00,158.63,158.74,158.53,158.58,116793
2024-02-01 10:06:00,158.58,158.58,158.32,158.42,127418
2024-02-01 10:07:00,158.41,158.59,158.38,158.47,106315
2024-02-01 10:08:00,158.47,158.87,158.47,158.82,166566
2024-02-01 10:09:00,158.83,159.1,158.66,159.03,256494
2024-02-01 10:10:00,159.03,159.16,158.98,159.0,225271
2024-02-01 10:11:00,159.02,159.1,158.53,158.54,240710
2024-02-01 10:12:00,158.54,158.7,158.45,158.55,161341
2024-02-01 10:13:00,158.55,158.58,158.01,158.09,179643
2024-02-01 10:14:00,158.1,158.15,157.85,158.12,215344
2024-02-01 10:15:00,158.15,158.37,158.08,158.26,141739
2024-02-01 10:16:00,158.29,158.32,158.02,158.08,114824
2024-02-01 10:17:00,158.06,158.26,157.97,158.22,90512
2024-02-01 10:18:00,158.2,158.44,158.2,158.35,99117
2024-02-01 10:19:00,158.36,158.4,158.17,158.2,64329
2024-02-01 10:20:00,158.22,158.43,158.21,158.27,72573
2024-02-01 10:21:00,158.26,158.3,158.16,158.24,62027
2024-02-01 10:22:00,158.23,158.28,158.14,158.26,68224
2024-02-01 10:23:00,158.28,158.4,158.21,158.22,70685
2024-02-01 10:24:00,158.22,158.22,158.06,158.08,88077
2024-02-01 10:25:00,158.07,158.24,157.94,157.97,138157
2024-02-01 10:26:00,157.97,158.15,157.94,158.14,103688
2024-02-01 10:27:00,158.14,158.3,158.06,158.18,85933
2024-02-01 10:28:00,158.16,158.33,158.06,158.13,76170
2024-02-01 10:29:00,158.12,158.25,158.09,158.16,112141
2024-02-01 10:30:00,158.14,158.18,158.06,158.1,72199
2024-02-01 10:31:00,158.09,158.28,158.02,158.25,65376
2024-02-01 10:32:00,158.29,158.38,158.1,158.14,81759
2024-02-01 10:33:00,158.14,158.2,157.98,158.2,81613
2024-02-01 10:34:00,158.22,158.27,158.16,158.25,53057
2024-02-01 10:35:00,158.25,158.33,158.2,158.25,64441
2024-02-01 10:36:00,158.25,158.27,158.1,158.23,57397
2024-02-01 10:37:00,158.22,158.28,157.95,157.97,105134
2024-02-01 10:38:00,157.97,158.14,157.95,158.05,62931
2024-02-01 10:39:00,158.06,158.15,158.01,158.14,66634
2024-02-01 10:40:00,158.14,158.15,157.96,158.01,100287
2024-02-01 10:41:00,157.97,158.05,157.93,157.97,91231
2024-02-01 10:42:00,157.97,158.03,157.9,158.02,55612
2024-02-01 10:43:00,158.03,158.07,157.83,157.89,112324
2024-02-01 10:44:00,157.89,158.06,157.85,157.95,94674
2024-02-01 10:45:00,157.94,158.02,157.86,158.02,66097
2024-02-01 10:46:00,158.01,158.07,157.95,158.03,47112
2024-02-01 10:47:00,158.04,158.11,158.02,158.06,53074
2024-02-01 10:48:00,158.07,158.13,158.02,158.05,50699
2024-02-01 10:49:00,158.05,158.19,157.97,158.09,101617
2024-02-01 10:50:00,158.1,158.12,157.96,158.01,97068
2024-02-01 10:51:00,158.01,158.09,157.94,158.01,54775
2024-02-01 10:52:00,158.03,158.03,157.82,157.85,96515
2024-02-01 10:53:00,157.86,157.92,157.65,157.68,96502
2024-02-01 10:54:00,157.68,157.74,157.55,157.63,87533
2024-02-01 10:55:00,157.63,157.73,157.58,157.73,70405
2024-02-01 10:56:00,157.73,157.75,157.36,157.39,123960
2024-02-01 10:57:00,157.39,157.41,157.23,157.25,122426
2024-02-01 10:58:00,157.25,157.4,157.25,157.39,80021
2024-02-01 10:59:00,157.37,157.39,157.07,157.09,99553
2024-02-01 11:00:00,157.08,157.26,157.06,157.23,75528
2024-02-01 11:01:00,157.23,157.43,157.15,157.41,68861
2024-02-01 11:02:00,157.41,157.64,157.41,157.53,82789
2024-02-01 11:03:00,157.52,157.54,157.43,157.52,64483
2024-02-01 11:04:00,157.51,157.52,157.3,157.3,50980
2024-02-01 11:05:00,157.31,157.35,157.24,157.29,73052
2024-02-01 11:06:00,157.27,157.4,157.26,157.34,47933
2024-02-01 11:07:00,157.34,157.5,157.31,157.5,46583
2024-02-01 11:08:00,157.5,157.53,157.36,157.36,53460
2024-02-01 11:09:00,157.35,157.41,157.16,157.16,83265
2024-02-01 11:10:00,157.16,157.28,157.11,157.16,47563
2024-02-01 11:11:00,157.16,157.21,157.02,157.16,79481
2024-02-01 11:12:00,157.15,157.16,156.99,157.06,67404
2024-02-01 11:13:00,157.05,157.22,157.05,157.11,47384
2024-02-01 11:14:00,157.11,157.22,157.11,157.2,34879
2024-02-01 11:15:00,157.19,157.3,157.16,157.22,41989
2024-02-01 11:16:00,157.22,157.23,157.01,157.01,83057
2024-02-01 11:17:00,157.0,157.05,156.84,156.84,109772
2024-02-01 11:18:00,156.85,156.95,156.76,156.78,101479
2024-02-01 11:19:00,156.78,156.86,156.73,156.85,69247
2024-02-01 11:20:00,156.9,156.93,156.7,156.73,90918
2024-02-01 11:21:00,156.74,156.92,156.71,156.92,53974
2024-02-01 11:22:00,156.91,157.02,156.87,156.95,53597
2024-02-01 11:23:00,156.94,157.1,156.88,157.09,60977
2024-02-01 11:24:00,157.11,157.17,157.08,157.1,48864
2024-02-01 11:25:00,157.11,157.14,156.95,156.95,54558
2024-02-01 11:26:00,156.94,157.04,156.92,156.98,54186
2024-02-01 11:27:00,156.99,157.11,156.95,157.02,39166
2024-02-01 11:28:00,157.04,157.07,156.92,156.98,32758
2024-02-01 11:29:00,156.98,157.04,156.96,157.02,45044
2024-02-01 11:30:00,157.04,157.21,157.02,157.2,55875
2024-02-01 11:31:00,157.21,157.3,157.19,157.25,77478
2024-02-01 11:32:00,157.26,157.38,157.22,157.36,60761
2024-02-01 11:33:00,157.37,157.48,157.31,157.34,71524
2024-02-01 11:34:00,157.32,157.4,157.27,157.4,49044
2024-02-01 11:35:00,157.39,157.47,157.36,157.37,44786
2024-02-01 11:36:00,157.35,157.39,157.27,157.29,52355
2024-02-01 11:37:00,157.27,157.35,157.24,157.24,66384
2024-02-01 11:38:00,157.24,157.44,157.22,157.43,41080
2024-02-01 11:39:00,157.45,157.56,157.39,157.54,64182
2024-02-01 11:40:00,157.55,157.58,157.49,157.56,76179
2024-02-01 11:41:00,157.56,157.66,157.42,157.42,115490
2024-02-01 11:42:00,157.43,157.44,157.13,157.19,82554
2024-02-01 11:43:00,157.19,157.28,157.16,157.25,67508
2024-02-01 11:44:00,157.25,157.37,157.2,157.21,59616
2024-02-01 11:45:00,157.22,157.39,157.17,157.32,71645
2024-02-01 11:46:00,157.32,157.33,157.25,157.32,29339
2024-02-01 11:47:00,157.31,157.31,157.19,157.23,46203
2024-02-01 11:48:00,157.22,157.36,157.21,157.34,43625
2024-02-01 11:49:00,157.33,157.33,157.18,157.23,41870
2024-02-01 11:50:00,157.23,157.31,157.21,157.27,33765
2024-02-01 11:51:00,157.27,157.36,157.14,157.14,46096
2024-02-01 11:52:00,157.14,157.22,157.08,157.13,49123
2024-02-01 11:53:00,157.14,157.17,157.04,157.1,51426
2024-02-01 11:54:00,157.1,157.16,157.05,157.16,44389
2024-02-01 11:55:00,157.16,157.35,157.14,157.3,64918
2024-02-01 11:56:00,157.31,157.35,157.24,157.32,50902
2024-02-01 11:57:00,157.32,157.35,157.28,157.32,43955
2024-02-01 11:58:00,157.32,157.33,157.19,157.2,41936
2024-02-01 11:59:00,157.2,157.3,157.18,157.19,47687
2024-02-01 12:00:00,157.2,157.32,157.12,157.23,56588
2024-02-01 12:01:00,157.24,157.26,157.1,157.14,53906
2024-02-01 12:02:00,157.13,157.15,157.03,157.06,48641
2024-02-01 12:03:00,157.04,157.19,156.99,157.14,88829
2024-02-01 12:04:00,157.15,157.29,157.13,157.2,127303
2024-02-01 12:05:00,157.21,157.36,157.21,157.27,65419
2024-02-01 12:06:00,157.27,157.45,157.26,157.41,92685
2024-02-01 12:07:00,157.42,157.54,157.38,157.5,105787
2024-02-01 12:08:00,157.51,157.55,157.44,157.54,42800
2024-02-01 12:09:00,157.53,157.66,157.53,157.66,88595
2024-02-01 12:10:00,157.67,157.67,157.56,157.57,71567
2024-02-01 12:11:00,157.57,157.71,157.55,157.7,117067
2024-02-01 12:12:00,157.69,157.69,157.51,157.51,126589
2024-02-01 12:13:00,157.51,157.57,157.42,157.56,126023
2024-02-01 12:14:00,157.57,157.66,157.55,157.66,143250
2024-02-01 12:15:00,157.66,157.68,157.57,157.67,92006
2024-02-01 12:16:00,157.68,157.74,157.66,157.68,116748
2024-02-01 12:17:00,157.67,157.68,157.63,157.64,92520
2024-02-01 12:18:00,157.64,157.72,157.59,157.64,217070
2024-02-01 12:19:00,157.64,157.69,157.57,157.62,58628
2024-02-01 12:20:00,157.62,157.7,157.61,157.7,70240
2024-02-01 12:21:00,157.7,157.73,157.59,157.59,73359
2024-02-01 12:22:00,157.59,157.63,157.33,157.34,79873
2024-02-01 12:23:00,157.33,157.44,157.3,157.34,64817
2024-02-01 12:24:00,157.34,157.46,157.32,157.41,57712
2024-02-01 12:25:00,157.4,157.48,157.39,157.41,48848
2024-02-01 12:26:00,157.43,157.43,157.35,157.38,45687
2024-02-01 12:27:00,157.39,157.41,157.34,157.41,62516
2024-02-01 12:28:00,157.41,157.41,157.3,157.31,53031
2024-02-01 12:29:00,157.31,157.4,157.26,157.38,52149
2024-02-01 12:30:00,157.38,157.43,157.36,157.4,43600
2024-02-01 12:31:00,157.39,157.4,157.33,157.33,52605
2024-02-01 12:32:00,157.33,157.33,157.16,157.21,66190
2024-02-01 12:33:00,157.21,157.27,157.15,157.27,53023
2024-02-01 12:34:00,157.25,157.28,157.19,157.24,36830
2024-02-01 12:35:00,157.24,157.31,157.21,157.27,56371
2024-02-01 12:36:00,157.28,157.36,157.25,157.3,32608
2024-02-01 12:37:00,157.31,157.36,157.29,157.31,51867
2024-02-01 12:38:00,157.3,157.3,157.1,157.14,80270
2024-02-01 12:39:00,157.15,157.17,157.07,157.09,78342
2024-02-01 12:40:00,157.08,157.15,157.07,157.12,52010
2024-02-01 12:41:00,157.12,157.3,157.12,157.2,128317
2024-02-01 12:42:00,157.21,157.25,157.15,157.24,84790
2024-02-01 12:43:00,157.23,157.27,157.18,157.25,57047
2024-02-01 12:44:00,157.24,157.39,157.22,157.37,80544
2024-02-01 12:45:00,157.37,157.43,157.33,157.39,80904
2024-02-01 12:46:00,157.4,157.56,157.38,157.55,135720
2024-02-01 12:47:00,157.54,157.62,157.51,157.59,76594
2024-02-01 12:48:00,157.59,157.65,157.56,157.6,53858
2024-02-01 12:49:00,157.6,157.74,157.59,157.72,53969
2024-02-01 12:50:00,157.73,157.86,157.73,157.82,92124
2024-02-01 12:51:00,157.82,157.85,157.74,157.82,65733
2024-02-01 12:52:00,157.83,157.91,157.77,157.88,56569
2024-02-01 12:53:00,157.88,157.89,157.75,157.75,56484
2024-02-01 12:54:00,157.75,157.85,157.75,157.82,44948
2024-02-01 12:55:00,157.83,157.97,157.82,157.97,71719
2024-02-01 12:56:00,157.96,158.0,157.85,157.92,122930
2024-02-01 12:57:00,157.92,157.99,157.8,157.82,135650
2024-02-01 12:58:00,157.81,157.83,157.54,157.63,93956
2024-02-01 12:59:00,157.63,157.78,157.61,157.77,53671
2024-02-01 13:00:00,157.77,157.81,157.55,157.55,73828
2024-02-01 13:01:00,157.55,157.69,157.47,157.53,94741
2024-02-01 13:02:00,157.52,157.58,157.41,157.44,155682
2024-02-01 13:03:00,157.44,157.47,157.28,157.28,85819
2024-02-01 13:04:00,157.28,157.43,157.25,157.38,74807
2024-02-01 13:05:00,157.38,157.46,157.34,157.42,36653
2024-02-01 13:06:00,157.42,157.43,157.22,157.23,58682
2024-02-01 13:07:00,157.24,157.39,157.19,157.2,53259
2024-02-01 13:08:00,157.21,157.31,157.19,157.27,60120
2024-02-01 13:09:00,157.27,157.37,157.25,157.29,60950
2024-02-01 13:10:00,157.29,157.36,157.27,157.36,31193
2024-02-01 13:11:00,157.37,157.45,157.36,157.45,43970
2024-02-01 13:12:00,157.45,157.46,157.37,157.46,28217
2024-02-01 13:13:00,157.46,157.6,157.44,157.59,56639
2024-02-01 13:14:00,157.62,157.66,157.53,157.57,39711
2024-02-01 13:15:00,157.57,157.64,157.54,157.56,49565
2024-02-01 13:16:00,157.57,157.6,157.5,157.51,61259
2024-02-01 13:17:00,157.51,157.75,157.49,157.72,57945
2024-02-01 13:18:00,157.72,157.77,157.6,157.6,72058
2024-02-01 13:19:00,157.63,157.79,157.6,157.76,34252
2024-02-01 13:20:00,157.75,157.86,157.74,157.82,55847
2024-02-01 13:21:00,157.81,157.84,157.62,157.63,50516
2024-02-01 13:22:00,157.64,157.7,157.6,157.7,35079
2024-02-01 13:23:00,157.7,157.74,157.6,157.69,64392
2024-02-01 13:24:00,157.69,157.79,157.67,157.78,44577
2024-02-01 13:25:00,157.79,157.85,157.72,157.82,54236
2024-02-01 13:26:00,157.81,157.85,157.68,157.71,60233
2024-02-01 13:27:00,157.71,157.71,157.45,157.52,93854
2024-02-01 13:28:00,157.51,157.6,157.45,157.49,64844
2024-02-01 13:29:00,157.5,157.59,157.45,157.5,51158
2024-02-01 13:30:00,157.51,157.63,157.5,157.6,51870
2024-02-01 13:31:00,157.59,157.69,157.57,157.69,54975
2024-02-01 13:32:00,157.67,157.8,157.66,157.73,55040
2024-02-01 13:33:00,157.73,157.75,157.68,157.71,32529
2024-02-01 13:34:00,157.71,157.82,157.66,157.67,69043
2024-02-01 13:35:00,157.67,157.74,157.62,157.64,51400
2024-02-01 13:36:00,157.65,157.7,157.46,157.47,50919
2024-02-01 13:37:00,157.48,157.48,157.14,157.19,87486
2024-02-01 13:38:00,157.19,157.23,157.06,157.22,55808
2024-02-01 13:39:00,157.22,157.29,157.15,157.17,60552
2024-02-01 13:40:00,157.17,157.28,157.15,157.22,44088
2024-02-01 13:41:00,157.21,157.22,157.14,157.2,60757
2024-02-01 13:42:00,157.2,157.22,157.12,157.15,46313
2024-02-01 13:43:00,157.14,157.18,157.08,157.11,44622
2024-02-01 13:44:00,157.12,157.25,157.12,157.21,75402
2024-02-01 13:45:00,157.22,157.28,157.21,157.28,89676
2024-02-01 13:46:00,157.28,157.35,157.25,157.27,84339
2024-02-01 13:47:00,157.27,157.31,157.24,157.28,45265
2024-02-01 13:48:00,157.3,157.37,157.28,157.34,62668
2024-02-01 13:49:00,157.36,157.37,157.21,157.24,57015
2024-02-01 13:50:00,157.25,157.32,157.23,157.24,49703
2024-02-01 13:51:00,157.25,157.32,157.24,157.31,45607
2024-02-01 13:52:00,157.31,157.35,157.26,157.32,42033
2024-02-01 13:53:00,157.3,157.35,157.28,157.3,29335
2024-02-01 13:54:00,157.3,157.41,157.29,157.3,41896
2024-02-01 13:55:00,157.3,157.3,157.16,157.18,76399
2024-02-01 13:56:00,157.18,157.29,157.17,157.24,71249
2024-02-01 13:57:00,157.24,157.29,157.16,157.19,49825
2024-02-01 13:58:00,157.19,157.25,157.1,157.11,61940
2024-02-01 13:59:00,157.11,157.19,157.08,157.11,62434
2024-02-01 14:00:00,157.11,157.29,157.1,157.19,77695
2024-02-01 14:01:00,157.19,157.22,157.14,157.19,49860
2024-02-01 14:02:00,157.19,157.26,157.14,157.14,45819
2024-02-01 14:03:00,157.14,157.36,157.12,157.33,108925
2024-02-01 14:04:00,157.33,157.38,157.26,157.37,94500
2024-02-01 14:05:00,157.36,157.47,157.31,157.35,106409
2024-02-01 14:06:00,157.35,157.48,157.33,157.48,50432
2024-02-01 14:07:00,157.47,157.48,157.42,157.43,44322
2024-02-01 14:08:00,157.44,157.62,157.42,157.53,70931
2024-02-01 14:09:00,157.55,157.77,157.53,157.75,85916
2024-02-01 14:10:00,157.74,157.8,157.69,157.7,118047
2024-02-01 14:11:00,157.7,157.71,157.41,157.41,133855
2024-02-01 14:12:00,157.42,157.47,157.31,157.31,83016
2024-02-01 14:13:00,157.3,157.41,157.28,157.4,77417
2024-02-01 14:14:00,157.39,157.67,157.39,157.67,96610
2024-02-01 14:15:00,157.67,157.75,157.63,157.72,92578
2024-02-01 14:16:00,157.72,157.78,157.65,157.78,93702
2024-02-01 14:17:00,157.78,157.91,157.74,157.9,88963
2024-02-01 14:18:00,157.9,157.94,157.82,157.87,70879
2024-02-01 14:19:00,157.86,157.97,157.85,157.93,66841
2024-02-01 14:20:00,157.93,158.09,157.93,158.06,135848
2024-02-01 14:21:00,158.07,158.1,158.0,158.07,67198
2024-02-01 14:22:00,158.08,158.08,157.99,158.05,58068
2024-02-01 14:23:00,158.05,158.06,157.95,158.04,58296
2024-02-01 14:24:00,158.05,158.07,157.99,158.03,104673
2024-02-01 14:25:00,158.03,158.08,157.99,158.05,63674
2024-02-01 14:26:00,158.05,158.08,158.02,158.06,82619
2024-02-01 14:27:00,158.06,158.08,157.9,157.94,106487
2024-02-01 14:28:00,157.94,158.03,157.91,157.97,52705
2024-02-01 14:29:00,157.97,158.08,157.96,158.04,76944
2024-02-01 14:30:00,158.04,158.06,157.99,158.03,56395
2024-02-01 14:31:00,158.04,158.08,157.97,158.06,64838
2024-02-01 14:32:00,158.07,158.07,158.0,158.04,56809
2024-02-01 14:33:00,158.05,158.05,157.97,158.0,62351
2024-02-01 14:34:00,158.0,158.03,157.95,157.97,65414
2024-02-01 14:35:00,157.97,158.0,157.89,157.93,58621
2024-02-01 14:36:00,157.94,158.05,157.94,157.97,50423
2024-02-01 14:37:00,157.97,158.01,157.88,157.92,68316
2024-02-01 14:38:00,157.91,158.01,157.91,158.0,39942
2024-02-01 14:39:00,158.0,158.02,157.91,157.94,43273
2024-02-01 14:40:00,157.94,158.06,157.91,158.03,61462
2024-02-01 14:41:00,158.02,158.09,158.01,158.07,82144
2024-02-01 14:42:00,158.08,158.09,158.03,158.09,36927
2024-02-01 14:43:00,158.09,158.13,158.07,158.11,58491
2024-02-01 14:44:00,158.12,158.21,158.07,158.15,59677
2024-02-01 14:45:00,158.16,158.43,158.15,158.38,110698
2024-02-01 14:46:00,158.39,158.44,158.32,158.41,113919
2024-02-01 14:47:00,158.41,158.59,158.4,158.57,123033
2024-02-01 14:48:00,158.58,158.6,158.52,158.59,102501
2024-02-01 14:49:00,158.58,158.59,158.25,158.36,136847
2024-02-01 14:50:00,158.37,158.49,158.32,158.34,91471
2024-02-01 14:51:00,158.35,158.43,158.3,158.4,77538
2024-02-01 14:52:00,158.41,158.55,158.38,158.49,68991
2024-02-01 14:53:00,158.49,158.51,158.41,158.46,43153
2024-02-01 14:54:00,158.45,158.51,158.35,158.44,71530
2024-02-01 14:55:00,158.45,158.57,158.45,158.56,91990
2024-02-01 14:56:00,158.56,158.59,158.54,158.59,93186
2024-02-01 14:57:00,158.58,158.71,158.58,158.69,106462
2024-02-01 14:58:00,158.68,158.79,158.65,158.69,85098
2024-02-01 14:59:00,158.69,158.72,158.6,158.7,60796
2024-02-01 15:00:00,158.71,158.78,158.69,158.69,72428
2024-02-01 15:01:00,158.69,158.71,158.57,158.71,116494
2024-02-01 15:02:00,158.71,158.74,158.61,158.71,81406
2024-02-01 15:03:00,158.71,158.81,158.68,158.81,71549
2024-02-01 15:04:00,158.82,158.94,158.79,158.9,115056
2024-02-01 15:05:00,158.89,158.9,158.78,158.87,63384
2024-02-01 15:06:00,158.87,158.87,158.67,158.68,133321
2024-02-01 15:07:00,158.68,158.69,158.46,158.47,105145
2024-02-01 15:08:00,158.48,158.6,158.47,158.57,88715
2024-02-01 15:09:00,158.56,158.72,158.51,158.68,120828
2024-02-01 15:10:00,158.69,158.7,158.51,158.7,118225
2024-02-01 15:11:00,158.72,158.78,158.63,158.74,136340
2024-02-01 15:12:00,158.74,158.88,158.73,158.87,152497
2024-02-01 15:13:00,158.88,158.88,158.73,158.81,135761
2024-02-01 15:14:00,158.81,158.85,158.71,158.79,82516
2024-02-01 15:15:00,158.79,158.85,158.77,158.83,68136
2024-02-01 15:16:00,158.83,158.88,158.78,158.86,130061
2024-02-01 15:17:00,158.86,158.99,158.83,158.98,217841
2024-02-01 15:18:00,158.97,159.0,158.88,158.94,202619
2024-02-01 15:19:00,158.94,159.0,158.89,158.94,175898
2024-02-01 15:20:00,158.94,158.97,158.83,158.94,150575
2024-02-01 15:21:00,158.93,159.01,158.91,158.95,137243
2024-02-01 15:22:00,158.95,158.99,158.8,158.81,134148
2024-02-01 15:23:00,158.8,158.92,158.8,158.87,110950
2024-02-01 15:24:00,158.86,158.93,158.8,158.93,112111
2024-02-01 15:25:00,158.94,159.07,158.93,159.03,181240
2024-02-01 15:26:00,159.03,159.03,158.9,158.99,131347
2024-02-01 15:27:00,158.99,159.01,158.78,158.92,212244
2024-02-01 15:28:00,158.92,159.07,158.9,158.98,167936
2024-02-01 15:29:00,158.97,159.1,158.96,159.1,159647
2024-02-01 15:30:00,159.09,159.17,159.01,159.06,163993
2024-02-01 15:31:00,159.06,159.2,159.01,159.18,122911
2024-02-01 15:32:00,159.18,159.33,159.17,159.24,209616
2024-02-01 15:33:00,159.23,159.25,159.01,159.02,178674
2024-02-01 15:34:00,159.02,159.12,158.99,159.09,120370
2024-02-01 15:35:00,159.09,159.15,159.01,159.06,102830
2024-02-01 15:36:00,159.06,159.07,158.82,158.83,183338
2024-02-01 15:37:00,158.83,158.92,158.78,158.83,159011
2024-02-01 15:38:00,158.82,158.83,158.69,158.81,158373
2024-02-01 15:39:00,158.82,159.0,158.79,158.94,182053
2024-02-01 15:40:00,158.93,159.05,158.92,159.01,183546
2024-02-01 15:41:00,159.02,159.02,158.84,158.95,178119
2024-02-01 15:42:00,158.95,158.97,158.9,158.93,123584
2024-02-01 15:43:00,158.93,158.99,158.88,158.97,161908
2024-02-01 15:44:00,158.96,159.04,158.9,158.91,161252
2024-02-01 15:45:00,158.91,158.94,158.77,158.88,169856
2024-02-01 15:46:00,158.88,158.99,158.87,158.96,125105
2024-02-01 15:47:00,158.95,159.08,158.9,159.03,191859
2024-02-01 15:48:00,159.03,159.11,158.89,159.1,168206
2024-02-01 15:49:00,159.11,159.11,158.95,159.04,177591
2024-02-01 15:50:00,159.05,159.05,158.78,158.84,314080
2024-02-01 15:51:00,158.84,158.89,158.75,158.84,185215
2024-02-01 15:52:00,158.84,158.84,158.57,158.62,302984
2024-02-01 15:53:00,158.62,158.76,158.52,158.76,205626
2024-02-01 15:54:00,158.76,158.84,158.61,158.69,306913
2024-02-01 15:55:00,158.69,158.82,158.62,158.77,296617
2024-02-01 15:56:00,158.77,159.0,158.76,158.91,388097
2024-02-01 15:57:00,158.91,159.17,158.87,159.17,420588
2024-02-01 15:58:00,159.16,159.22,158.9,159.18,545916
2024-02-01 15:59:00,159.18,159.76,159.13,159.76,1265190
2024-02-02 09:30:00,169.19,170.0,168.5,169.87,3686359
2024-02-02 09:31:00,169.87,169.9,168.47,168.55,1111910
2024-02-02 09:32:00,168.53,168.58,167.33,167.8,1248715
2024-02-02 09:33:00,167.8,168.29,167.58,168.23,879172
2024-02-02 09:34:00,168.25,169.88,167.97,169.78,974417
2024-02-02 09:35:00,169.76,169.99,169.6,169.75,818313
2024-02-02 09:36:00,169.75,170.0,169.11,169.99,1184449
2024-02-02 09:37:00,169.95,170.64,169.78,170.26,980351
2024-02-02 09:38:00,170.24,170.89,170.16,170.85,670411
2024-02-02 09:39:00,170.87,170.99,170.61,170.89,545828
2024-02-02 09:40:00,170.9,171.34,170.71,170.82,984306
2024-02-02 09:41:00,170.83,171.14,170.81,170.95,547015
2024-02-02 09:42:00,170.94,170.97,170.52,170.71,494330
2024-02-02 09:43:00,170.72,170.96,170.55,170.95,382324
2024-02-02 09:44:00,170.95,171.0,170.69,170.79,447350
2024-02-02 09:45:00,170.79,170.84,170.1,170.35,625432
2024-02-02 09:46:00,170.35,170.36,169.85,170.01,563593
2024-02-02 09:47:00,170.01,170.61,169.59,170.52,521955
2024-02-02 09:48:00,170.51,170.67,170.09,170.12,295980
2024-02-02 09:49:00,170.14,170.25,169.53,169.64,443333
2024-02-02 09:50:00,169.66,169.83,169.05,169.73,518669
2024-02-02 09:51:00,169.74,169.82,169.32,169.49,396015
2024-02-02 09:52:00,169.51,169.58,169.11,169.34,371335
2024-02-02 09:53:00,169.37,169.44,169.0,169.38,428973
2024-02-02 09:54:00,169.38,169.83,169.3,169.77,420136
2024-02-02 09:55:00,169.77,170.0,169.54,169.97,371839
2024-02-02 09:56:00,169.98,170.77,169.97,170.48,679462
2024-02-02 09:57:00,170.5,170.78,170.16,170.76,388996
2024-02-02 09:58:00,170.75,170.8,170.41,170.66,349302
2024-02-02 09:59:00,170.66,171.0,170.5,170.82,686104
2024-02-02 10:00:00,170.8,170.99,170.72,170.97,594468
2024-02-02 10:01:00,170.97,171.21,170.78,171.12,727473
2024-02-02 10:02:00,171.15,171.17,170.51,171.16,429823
2024-02-02 10:03:00,171.15,171.21,170.6,170.79,597732
2024-02-02 10:04:00,170.8,170.84,169.59,169.79,620177
2024-02-02 10:05:00,169.78,169.86,169.27,169.55,325959
2024-02-02 10:06:00,169.54,170.81,169.54,170.64,409492
2024-02-02 10:07:00,170.65,170.81,170.33,170.61,340211
2024-02-02 10:08:00,170.62,170.64,170.36,170.41,276601
2024-02-02 10:09:00,170.4,170.5,170.23,170.34,218817
2024-02-02 10:10:00,170.35,170.39,170.05,170.1,188047
2024-02-02 10:11:00,170.12,170.26,169.81,169.98,192708
2024-02-02 10:12:00,169.98,169.99,169.59,169.83,167870
2024-02-02 10:13:00,169.82,170.15,169.76,170.07,196000
2024-02-02 10:14:00,170.07,170.35,169.93,170.33,208223
2024-02-02 10:15:00,170.33,170.42,169.83,170.39,268713
2024-02-02 10:16:00,170.4,170.45,170.11,170.15,228578
2024-02-02 10:17:00,170.15,170.4,170.14,170.15,177472
2024-02-02 10:18:00,170.17,170.25,170.04,170.16,154316
2024-02-02 10:19:00,170.17,170.35,170.04,170.3,158701
2024-02-02 10:20:00,170.3,170.46,170.14,170.32,326049
2024-02-02 10:21:00,170.32,170.34,169.94,169.97,257874
2024-02-02 10:22:00,170.0,170.09,169.62,169.71,259025
2024-02-02 10:23:00,169.71,169.76,169.3,169.61,340736
2024-02-02 10:24:00,169.6,170.07,169.54,169.72,296227
2024-02-02 10:25:00,169.74,169.93,169.61,169.82,215304
2024-02-02 10:26:00,169.8,169.99,169.5,169.57,170910
2024-02-02 10:27:00,169.58,169.78,169.42,169.72,216049
2024-02-02 10:28:00,169.71,169.87,169.44,169.83,196434
2024-02-02 10:29:00,169.83,170.02,169.79,170.0,210882
2024-02-02 10:30:00,170.0,170.23,170.0,170.06,170091
2024-02-02 10:31:00,170.07,170.2,169.5,169.62,240681
2024-02-02 10:32:00,169.6,169.7,169.34,169.54,300139
2024-02-02 10:33:00,169.55,169.64,169.27,169.49,275575
2024-02-02 10:34:00,169.48,170.14,169.47,170.14,211123
2024-02-02 10:35:00,170.14,170.14,169.81,169.92,164316
2024-02-02 10:36:00,169.9,169.92,169.64,169.73,146976
2024-02-02 10:37:00,169.74,170.01,169.7,169.71,166324
2024-02-02 10:38:00,169.72,169.79,169.58,169.6,127931
2024-02-02 10:39:00,169.61,169.85,169.51,169.63,173641
2024-02-02 10:40:00,169.62,169.73,169.35,169.72,218203
2024-02-02 10:41:00,169.72,169.73,169.25,169.5,319843
2024-02-02 10:42:00,169.5,169.65,169.43,169.58,212778
2024-02-02 10:43:00,169.58,169.95,169.58,169.81,195100
2024-02-02 10:44:00,169.82,170.0,169.66,169.71,194636
2024-02-02 10:45:00,169.71,170.0,169.58,169.99,165141
2024-02-02 10:46:00,169.97,170.17,169.73,169.96,283461
2024-02-02 10:47:00,169.97,170.15,169.92,170.14,160355
2024-02-02 10:48:00,170.14,170.49,170.12,170.21,404634
2024-02-02 10:49:00,170.21,170.28,169.92,170.06,178368
2024-02-02 10:50:00,170.07,170.39,170.06,170.38,128191
2024-02-02 10:51:00,170.38,170.43,170.18,170.38,155745
2024-02-02 10:52:00,170.39,170.58,170.21,170.5,277519
2024-02-02 10:53:00,170.49,170.65,170.34,170.64,221707
2024-02-02 10:54:00,170.64,170.75,170.52,170.69,287059
2024-02-02 10:55:00,170.7,170.71,170.5,170.64,158645
2024-02-02 10:56:00,170.64,170.87,170.62,170.85,213643
2024-02-02 10:57:00,170.84,170.99,170.83,170.95,199270
2024-02-02 10:58:00,170.95,171.0,170.88,170.95,229472
2024-02-02 10:59:00,170.96,170.99,170.8,170.91,257944
2024-02-02 11:00:00,170.9,170.93,170.72,170.91,207615
2024-02-02 11:01:00,170.89,170.91,170.63,170.63,179365
2024-02-02 11:02:00,170.63,170.67,170.36,170.39,150520
2024-02-02 11:03:00,170.39,170.5,170.35,170.45,148339
2024-02-02 11:04:00,170.45,170.5,170.18,170.35,206794
2024-02-02 11:05:00,170.37,170.62,170.34,170.58,143904
2024-02-02 11:06:00,170.61,170.85,170.59,170.81,132477
2024-02-02 11:07:00,170.84,170.95,170.74,170.84,162463
2024-02-02 11:08:00,170.83,170.86,170.59,170.8,146510
2024-02-02 11:09:00,170.77,170.83,170.59,170.8,95716
2024-02-02 11:10:00,170.79,171.0,170.78,170.94,234108
2024-02-02 11:11:00,170.94,171.0,170.78,170.93,233634
2024-02-02 11:12:00,170.94,171.0,170.92,170.98,409198
2024-02-02 11:13:00,170.99,171.0,170.76,170.8,161657
2024-02-02 11:14:00,170.82,170.95,170.76,170.81,79868
2024-02-02 11:15:00,170.8,170.82,170.51,170.51,244683
2024-02-02 11:16:00,170.51,170.81,170.44,170.79,136454
2024-02-02 11:17:00,170.79,170.99,170.72,170.97,135128
2024-02-02 11:18:00,170.99,171.0,170.84,171.0,145263
2024-02-02 11:19:00,170.99,171.0,170.81,170.92,149480
2024-02-02 11:20:00,170.94,170.94,170.75,170.82,117032
2024-02-02 11:21:00,170.82,171.0,170.81,170.99,153943
2024-02-02 11:22:00,170.99,171.0,170.83,170.97,128228
2024-02-02 11:23:00,170.96,171.0,170.89,170.9,113647
2024-02-02 11:24:00,170.89,170.91,170.71,170.87,123293
2024-02-02 11:25:00,170.88,170.97,170.76,170.84,180758
2024-02-02 11:26:00,170.84,170.9,170.65,170.89,130964
2024-02-02 11:27:00,170.87,170.9,170.63,170.71,132078
2024-02-02 11:28:00,170.71,170.84,170.69,170.78,121164
2024-02-02 11:29:00,170.78,170.93,170.74,170.84,150818
2024-02-02 11:30:00,170.84,171.0,170.81,170.98,202145
2024-02-02 11:31:00,170.98,171.0,170.96,170.97,180064
2024-02-02 11:32:00,170.98,171.33,170.97,171.21,545615
2024-02-02 11:33:00,171.21,171.54,171.16,171.5,428793
2024-02-02 11:34:00,171.49,171.52,170.5,170.98,583297
2024-02-02 11:35:00,170.98,171.17,170.73,171.11,181552
2024-02-02 11:36:00,171.11,171.28,170.97,171.07,183128
2024-02-02 11:37:00,171.08,171.11,170.68,170.94,136199
2024-02-02 11:38:00,170.94,171.21,170.78,171.11,117618
2024-02-02 11:39:00,171.12,171.36,171.08,171.35,117130
2024-02-02 11:40:00,171.36,171.45,171.23,171.34,204472
2024-02-02 11:41:00,171.33,171.53,171.17,171.53,165432
2024-02-02 11:42:00,171.52,171.7,171.49,171.51,276232
2024-02-02 11:43:00,171.53,171.66,171.35,171.52,140777
2024-02-02 11:44:00,171.54,171.77,171.48,171.77,200420
2024-02-02 11:45:00,171.77,171.97,171.74,171.95,242071
2024-02-02 11:46:00,171.95,172.0,171.91,171.97,256190
2024-02-02 11:47:00,171.97,172.0,171.95,171.99,185830
2024-02-02 11:48:00,171.99,172.24,171.98,172.23,431122
2024-02-02 11:49:00,172.22,172.47,172.16,172.19,324711
2024-02-02 11:50:00,172.18,172.23,172.06,172.11,197254
2024-02-02 11:51:00,172.12,172.16,172.03,172.12,198114
2024-02-02 11:52:00,172.12,172.35,172.08,172.34,194332
2024-02-02 11:53:00,172.33,172.48,172.32,172.37,194858
2024-02-02 11:54:00,172.36,172.5,172.29,172.46,164380
2024-02-02 11:55:00,172.44,172.49,172.26,172.28,151902
2024-02-02 11:56:00,172.28,172.34,172.16,172.26,136591
2024-02-02 11:57:00,172.24,172.27,172.12,172.18,133935
2024-02-02 11:58:00,172.18,172.22,172.06,172.14,114986
2024-02-02 11:59:00,172.13,172.18,172.04,172.18,87559
2024-02-02 12:00:00,172.2,172.4,172.18,172.39,137871
2024-02-02 12:01:00,172.38,172.4,172.04,172.05,153202
2024-02-02 12:02:00,172.07,172.12,171.76,171.92,215973
2024-02-02 12:03:00,171.92,172.2,171.86,172.07,179816
2024-02-02 12:04:00,172.07,172.09,171.87,171.98,125816
2024-02-02 12:05:00,171.97,172.1,171.95,172.03,119299
2024-02-02 12:06:00,172.03,172.25,172.01,172.22,138046
2024-02-02 12:07:00,172.22,172.25,171.98,172.02,117851
2024-02-02 12:08:00,172.03,172.17,171.96,172.0,90132
2024-02-02 12:09:00,172.02,172.08,171.92,172.08,120936
2024-02-02 12:10:00,172.09,172.15,171.96,172.02,111813
2024-02-02 12:11:00,172.02,172.05,171.89,172.03,72565
2024-02-02 12:12:00,172.02,172.15,172.0,172.02,79336
2024-02-02 12:13:00,172.02,172.1,171.92,171.94,95096
2024-02-02 12:14:00,171.94,172.0,171.8,171.97,110563
2024-02-02 12:15:00,171.97,172.09,171.92,172.0,156783
2024-02-02 12:16:00,172.01,172.05,171.85,171.89,125363
2024-02-02 12:17:00,171.88,171.93,171.76,171.78,145689
2024-02-02 12:18:00,171.78,171.81,171.57,171.81,250533
2024-02-02 12:19:00,171.8,171.88,171.71,171.81,167671
2024-02-02 12:20:00,171.81,171.92,171.72,171.89,108777
2024-02-02 12:21:00,171.88,171.9,171.65,171.88,96360
2024-02-02 12:22:00,171.89,172.0,171.87,171.99,134307
2024-02-02 12:23:00,171.98,172.14,171.97,172.06,161077
2024-02-02 12:24:00,172.06,172.07,171.91,171.95,108047
2024-02-02 12:25:00,171.97,172.0,171.89,171.96,75846
2024-02-02 12:26:00,171.96,172.0,171.93,171.97,65938
2024-02-02 12:27:00,171.95,172.13,171.95,172.13,72241
2024-02-02 12:28:00,172.13,172.23,172.13,172.2,127164
2024-02-02 12:29:00,172.2,172.37,172.19,172.34,154360
2024-02-02 12:30:00,172.34,172.36,172.18,172.29,108837
2024-02-02 12:31:00,172.3,172.32,172.15,172.29,98556
2024-02-02 12:32:00,172.28,172.38,172.28,172.37,90967
2024-02-02 12:33:00,172.37,172.45,172.34,172.41,99321
2024-02-02 12:34:00,172.41,172.42,172.31,172.37,62788
2024-02-02 12:35:00,172.37,172.44,172.36,172.42,75236
2024-02-02 12:36:00,172.43,172.43,172.25,172.37,120747
2024-02-02 12:37:00,172.39,172.44,172.36,172.42,62391
2024-02-02 12:38:00,172.41,172.44,172.36,172.4,51405
2024-02-02 12:39:00,172.39,172.4,172.32,172.38,40683
2024-02-02 12:40:00,172.38,172.48,172.38,172.47,95571
2024-02-02 12:41:00,172.47,172.48,172.24,172.33,97447
2024-02-02 12:42:00,172.33,172.38,172.28,172.29,60109
2024-02-02 12:43:00,172.28,172.3,171.86,171.95,234243
2024-02-02 12:44:00,171.95,171.98,171.22,171.33,278447
2024-02-02 12:45:00,171.33,171.54,171.22,171.34,164311
2024-02-02 12:46:00,171.34,171.47,171.19,171.47,174465
2024-02-02 12:47:00,171.46,171.55,171.37,171.52,105204
2024-02-02 12:48:00,171.51,171.71,171.5,171.57,161022
2024-02-02 12:49:00,171.59,171.63,171.48,171.61,111131
2024-02-02 12:50:00,171.59,171.69,171.52,171.64,118781
2024-02-02 12:51:00,171.62,171.67,171.5,171.55,101195
2024-02-02 12:52:00,171.56,171.68,171.55,171.65,94929
2024-02-02 12:53:00,171.65,171.7,171.61,171.66,97022
2024-02-02 12:54:00,171.67,171.73,171.63,171.7,109236
2024-02-02 12:55:00,171.7,171.72,171.61,171.66,86629
2024-02-02 12:56:00,171.66,171.81,171.66,171.78,124165
2024-02-02 12:57:00,171.8,171.9,171.77,171.88,90077
2024-02-02 12:58:00,171.88,172.18,171.87,172.12,258425
2024-02-02 12:59:00,172.12,172.27,172.08,172.25,116722
2024-02-02 13:00:00,172.26,172.38,172.23,172.26,177037
2024-02-02 13:01:00,172.26,172.35,172.14,172.24,127949
2024-02-02 13:02:00,172.24,172.24,172.06,172.18,96679
2024-02-02 13:03:00,172.19,172.23,172.14,172.17,86671
2024-02-02 13:04:00,172.18,172.31,172.14,172.2,99582
2024-02-02 13:05:00,172.21,172.25,172.07,172.17,119929
2024-02-02 13:06:00,172.17,172.38,172.14,172.32,109411
2024-02-02 13:07:00,172.32,172.46,172.32,172.43,101612
2024-02-02 13:08:00,172.43,172.49,172.39,172.48,174814
2024-02-02 13:09:00,172.47,172.49,172.29,172.42,188121
2024-02-02 13:10:00,172.42,172.5,172.36,172.43,295466
2024-02-02 13:11:00,172.43,172.49,172.4,172.46,73535
2024-02-02 13:12:00,172.45,172.49,172.39,172.45,84393
2024-02-02 13:13:00,172.46,172.48,172.28,172.45,116129
2024-02-02 13:14:00,172.46,172.49,172.33,172.36,89030
2024-02-02 13:15:00,172.36,172.39,172.27,172.34,108913
2024-02-02 13:16:00,172.32,172.34,172.15,172.17,98854
2024-02-02 13:17:00,172.19,172.32,172.09,172.28,131206
2024-02-02 13:18:00,172.3,172.3,172.07,172.08,77639
2024-02-02 13:19:00,172.08,172.1,171.8,171.86,123786
2024-02-02 13:20:00,171.87,171.95,171.65,171.65,149154
2024-02-02 13:21:00,171.66,171.99,171.63,171.97,126009
2024-02-02 13:22:00,171.97,172.0,171.84,171.88,147079
2024-02-02 13:23:00,171.88,172.0,171.85,172.0,223984
2024-02-02 13:24:00,172.0,172.29,171.95,172.23,360101
2024-02-02 13:25:00,172.23,172.24,171.99,172.02,261003
2024-02-02 13:26:00,172.02,172.05,171.76,171.89,119627
2024-02-02 13:27:00,171.88,172.01,171.85,171.88,95759
2024-02-02 13:28:00,171.9,172.05,171.82,171.99,78337
2024-02-02 13:29:00,172.0,172.08,171.94,171.98,101357
2024-02-02 13:30:00,171.99,171.99,171.81,171.94,63240
2024-02-02 13:31:00,171.94,172.0,171.8,171.86,84077
2024-02-02 13:32:00,171.84,171.89,171.79,171.87,104990
2024-02-02 13:33:00,171.86,171.88,171.79,171.84,93655
2024-02-02 13:34:00,171.84,171.9,171.75,171.79,193888
2024-02-02 13:35:00,171.8,171.97,171.74,171.8,262388
2024-02-02 13:36:00,171.8,171.81,171.42,171.48,234091
2024-02-02 13:37:00,171.48,171.67,171.42,171.66,146903
2024-02-02 13:38:00,171.65,171.74,171.62,171.69,82719
2024-02-02 13:39:00,171.69,171.79,171.57,171.64,98475
2024-02-02 13:40:00,171.65,171.79,171.65,171.72,91521
2024-02-02 13:41:00,171.71,171.78,171.58,171.6,67891
2024-02-02 13:42:00,171.61,171.68,171.55,171.58,73063
2024-02-02 13:43:00,171.57,171.76,171.55,171.64,95376
2024-02-02 13:44:00,171.65,171.67,171.56,171.59,87237
2024-02-02 13:45:00,171.59,171.8,171.55,171.72,112489
2024-02-02 13:46:00,171.72,171.78,171.65,171.76,96691
2024-02-02 13:47:00,171.77,171.78,171.53,171.55,101679
2024-02-02 13:48:00,171.55,171.59,171.3,171.43,150016
2024-02-02 13:49:00,171.43,171.52,171.36,171.49,103148
2024-02-02 13:50:00,171.49,171.66,171.44,171.65,130181
2024-02-02 13:51:00,171.65,171.69,171.5,171.57,77230
2024-02-02 13:52:00,171.58,171.59,171.45,171.55,92742
2024-02-02 13:53:00,171.56,171.74,171.54,171.67,106231
2024-02-02 13:54:00,171.67,171.78,171.59,171.74,86015
2024-02-02 13:55:00,171.74,171.85,171.69,171.73,89220
2024-02-02 13:56:00,171.73,171.9,171.72,171.86,73694
2024-02-02 13:57:00,171.87,171.95,171.79,171.95,66612
2024-02-02 13:58:00,171.95,171.98,171.92,171.97,72872
2024-02-02 13:59:00,171.96,171.98,171.87,171.95,119818
2024-02-02 14:00:00,171.96,171.98,171.86,171.9,84106
2024-02-02 14:01:00,171.89,171.95,171.66,171.71,94741
2024-02-02 14:02:00,171.7,171.94,171.7,171.91,69224
2024-02-02 14:03:00,171.92,171.96,171.84,171.92,62793
2024-02-02 14:04:00,171.93,171.97,171.91,171.94,60524
2024-02-02 14:05:00,171.94,171.98,171.9,171.94,59484
2024-02-02 14:06:00,171.94,171.98,171.91,171.94,58996
2024-02-02 14:07:00,171.94,171.96,171.91,171.93,93212
2024-02-02 14:08:00,171.93,171.98,171.92,171.96,63215
2024-02-02 14:09:00,171.96,171.97,171.91,171.96,58280
2024-02-02 14:10:00,171.96,171.98,171.92,171.93,58793
2024-02-02 14:11:00,171.93,171.98,171.91,171.98,59225
2024-02-02 14:12:00,171.97,171.98,171.91,171.97,103989
2024-02-02 14:13:00,171.97,171.98,171.94,171.97,61285
2024-02-02 14:14:00,171.97,171.98,171.9,171.95,233214
2024-02-02 14:15:00,171.96,171.98,171.92,171.97,92221
2024-02-02 14:16:00,171.98,171.98,171.95,171.98,91102
2024-02-02 14:17:00,171.98,172.23,171.97,172.2,265700
2024-02-02 14:18:00,172.2,172.3,172.19,172.25,137315
2024-02-02 14:19:00,172.25,172.34,172.23,172.28,176044
2024-02-02 14:20:00,172.28,172.33,172.19,172.21,123197
2024-02-02 14:21:00,172.2,172.22,172.02,172.07,85031
2024-02-02 14:22:00,172.08,172.15,172.0,172.14,80427
2024-02-02 14:23:00,172.15,172.3,172.12,172.29,109150
2024-02-02 14:24:00,172.3,172.36,172.27,172.36,135363
2024-02-02 14:25:00,172.35,172.37,172.32,172.36,93323
2024-02-02 14:26:00,172.35,172.37,172.28,172.33,91576
2024-02-02 14:27:00,172.33,172.34,172.08,172.12,125580
2024-02-02 14:28:00,172.12,172.16,172.03,172.03,74602
2024-02-02 14:29:00,172.02,172.12,171.95,172.02,106940
2024-02-02 14:30:00,172.02,172.15,172.01,172.12,69026
2024-02-02 14:31:00,172.12,172.13,171.99,172.03,104743
2024-02-02 14:32:00,172.02,172.03,171.87,172.0,139780
2024-02-02 14:33:00,172.0,172.0,171.95,171.97,78335
2024-02-02 14:34:00,171.97,172.0,171.93,171.96,43271
2024-02-02 14:35:00,171.96,172.05,171.81,171.86,118490
2024-02-02 14:36:00,171.87,171.91,171.83,171.89,102122
2024-02-02 14:37:00,171.89,171.92,171.85,171.87,71903
2024-02-02 14:38:00,171.87,171.9,171.69,171.87,104849
2024-02-02 14:39:00,171.87,171.87,171.71,171.79,114103
2024-02-02 14:40:00,171.8,171.84,171.74,171.79,69935
2024-02-02 14:41:00,171.77,171.77,171.58,171.63,83267
2024-02-02 14:42:00,171.62,171.63,171.41,171.44,143281
2024-02-02 14:43:00,171.43,171.53,171.36,171.52,130614
2024-02-02 14:44:00,171.53,171.65,171.52,171.54,101766
2024-02-02 14:45:00,171.52,171.61,171.4,171.53,128757
2024-02-02 14:46:00,171.54,171.62,171.46,171.51,72168
2024-02-02 14:47:00,171.51,171.79,171.5,171.76,108594
2024-02-02 14:48:00,171.76,171.9,171.74,171.85,101817
2024-02-02 14:49:00,171.86,171.89,171.81,171.81,59146
2024-02-02 14:50:00,171.81,171.82,171.68,171.72,93949
2024-02-02 14:51:00,171.71,171.93,171.69,171.89,111850
2024-02-02 14:52:00,171.9,171.94,171.84,171.9,67458
2024-02-02 14:53:00,171.9,171.91,171.81,171.89,83968
2024-02-02 14:54:00,171.9,171.99,171.9,171.95,95898
2024-02-02 14:55:00,171.91,171.96,171.71,171.72,102890
2024-02-02 14:56:00,171.73,171.75,171.58,171.75,90624
2024-02-02 14:57:00,171.75,171.77,171.68,171.75,76938
2024-02-02 14:58:00,171.75,171.9,171.74,171.86,88885
2024-02-02 14:59:00,171.86,171.98,171.85,171.98,102302
2024-02-02 15:00:00,171.98,172.0,171.9,171.95,131347
2024-02-02 15:01:00,171.93,171.96,171.85,171.95,97547
2024-02-02 15:02:00,171.95,171.96,171.88,171.95,60978
2024-02-02 15:03:00,171.95,172.0,171.88,171.99,93142
2024-02-02 15:04:00,171.99,172.01,171.96,171.98,312461
2024-02-02 15:05:00,171.97,172.18,171.95,172.18,238596
2024-02-02 15:06:00,172.17,172.33,172.15,172.18,218349
2024-02-02 15:07:00,172.19,172.2,172.09,172.18,113387
2024-02-02 15:08:00,172.17,172.26,172.13,172.14,112997
2024-02-02 15:09:00,172.15,172.25,172.13,172.25,107472
2024-02-02 15:10:00,172.24,172.33,172.23,172.32,102602
2024-02-02 15:11:00,172.32,172.35,172.14,172.2,99931
2024-02-02 15:12:00,172.19,172.24,172.05,172.11,114020
2024-02-02 15:13:00,172.12,172.26,172.11,172.25,134212
2024-02-02 15:14:00,172.25,172.29,172.07,172.07,133569
2024-02-02 15:15:00,172.08,172.17,171.95,171.96,189692
2024-02-02 15:16:00,171.97,172.0,171.8,171.84,103274
2024-02-02 15:17:00,171.84,171.87,171.8,171.83,80544
2024-02-02 15:18:00,171.83,171.84,171.66,171.81,148790
2024-02-02 15:19:00,171.81,171.9,171.79,171.88,73408
2024-02-02 15:20:00,171.88,171.89,171.67,171.77,119296
2024-02-02 15:21:00,171.77,171.78,171.62,171.65,124506
2024-02-02 15:22:00,171.65,171.66,171.41,171.43,189999
2024-02-02 15:23:00,171.43,171.48,171.18,171.25,302405
2024-02-02 15:24:00,171.24,171.39,171.07,171.27,225357
2024-02-02 15:25:00,171.28,171.31,171.07,171.13,239807
2024-02-02 15:26:00,171.15,171.15,170.91,171.04,239627
2024-02-02 15:27:00,171.05,171.36,171.05,171.33,269700
2024-02-02 15:28:00,171.33,171.42,171.32,171.39,114095
2024-02-02 15:29:00,171.38,171.39,171.28,171.38,98512
2024-02-02 15:30:00,171.38,171.47,171.24,171.25,175271
2024-02-02 15:31:00,171.25,171.32,171.18,171.23,133536
2024-02-02 15:32:00,171.22,171.3,171.18,171.24,119306
2024-02-02 15:33:00,171.24,171.35,171.1,171.33,183490
2024-02-02 15:34:00,171.31,171.34,171.17,171.21,121114
2024-02-02 15:35:00,171.22,171.25,171.11,171.18,112149
2024-02-02 15:36:00,171.18,171.37,171.16,171.37,134114
2024-02-02 15:37:00,171.37,171.42,171.29,171.36,140791
2024-02-02 15:38:00,171.37,171.39,171.2,171.22,98687
2024-02-02 15:39:00,171.22,171.3,171.13,171.24,133286
2024-02-02 15:40:00,171.25,171.35,171.2,171.34,132483
2024-02-02 15:41:00,171.34,171.44,171.25,171.39,194183
2024-02-02 15:42:00,171.39,171.43,171.31,171.39,122414
2024-02-02 15:43:00,171.39,171.39,171.24,171.26,139121
2024-02-02 15:44:00,171.28,171.34,171.21,171.28,160822
2024-02-02 15:45:00,171.28,171.39,171.22,171.29,213812
2024-02-02 15:46:00,171.3,171.48,171.25,171.48,255867
2024-02-02 15:47:00,171.48,171.48,171.38,171.47,160909
2024-02-02 15:48:00,171.47,171.85,171.46,171.72,380277
2024-02-02 15:49:00,171.73,171.74,171.5,171.74,220559
2024-02-02 15:50:00,171.74,171.77,171.6,171.74,227469
2024-02-02 15:51:00,171.74,171.98,171.66,171.95,267994
2024-02-02 15:52:00,171.96,172.1,171.85,171.96,387839
2024-02-02 15:53:00,171.94,171.97,171.7,171.92,296091
2024-02-02 15:54:00,171.92,172.0,171.75,171.88,350119
2024-02-02 15:55:00,171.9,172.06,171.66,171.7,522489
2024-02-02 15:56:00,171.7,171.83,171.63,171.8,371089
2024-02-02 15:57:00,171.8,171.84,171.62,171.79,472100
2024-02-02 15:58:00,171.78,171.89,171.65,171.87,697604
2024-02-02 15:59:00,171.87,171.92,171.72,171.8,1009805
2024-02-05 09:30:00,170.2,170.55,169.72,170.27,1731693
2024-02-05 09:31:00,170.27,170.52,169.77,170.11,344772
2024-02-05 09:32:00,170.07,170.14,169.46,169.65,341888
2024-02-05 09:33:00,169.68,170.09,169.47,169.92,351887
2024-02-05 09:34:00,169.92,169.97,169.1,169.31,496186
2024-02-05 09:35:00,169.31,169.5,168.62,169.01,642717
2024-02-05 09:36:00,169.01,169.67,168.97,169.63,284066
2024-02-05 09:37:00,169.63,169.78,168.7,169.03,426881
2024-02-05 09:38:00,169.04,169.21,168.77,169.15,235624
2024-02-05 09:39:00,169.15,169.15,168.76,168.98,231275
2024-02-05 09:40:00,168.98,169.14,168.86,168.89,282672
2024-02-05 09:41:00,168.89,169.09,168.81,169.03,197520
2024-02-05 09:42:00,169.04,169.12,168.65,168.85,308396
2024-02-05 09:43:00,168.86,169.02,168.8,169.0,143426
2024-02-05 09:44:00,168.99,169.1,168.83,168.92,216709
2024-02-05 09:45:00,168.93,169.2,168.85,169.09,251631
2024-02-05 09:46:00,169.07,169.08,168.79,168.99,153196
2024-02-05 09:47:00,169.01,169.03,168.75,168.77,155638
2024-02-05 09:48:00,168.78,168.9,168.73,168.82,166903
2024-02-05 09:49:00,168.8,168.8,168.38,168.4,322953
2024-02-05 09:50:00,168.41,168.49,167.8,167.8,558162
2024-02-05 09:51:00,167.8,168.08,167.7,168.08,373320
2024-02-05 09:52:00,168.09,168.29,168.06,168.17,238551
2024-02-05 09:53:00,168.19,168.5,168.16,168.43,262898
2024-02-05 09:54:00,168.43,168.43,168.19,168.27,142900
2024-02-05 09:55:00,168.26,168.66,168.23,168.63,233308
2024-02-05 09:56:00,168.67,168.89,168.62,168.86,238779
2024-02-05 09:57:00,168.85,168.85,168.62,168.74,133394
2024-02-05 09:58:00,168.73,168.74,168.43,168.52,103681
2024-02-05 09:59:00,168.52,168.78,168.51,168.61,113977
2024-02-05 10:00:00,168.6,168.62,168.2,168.42,204323
2024-02-05 10:01:00,168.41,168.71,168.27,168.6,136401
2024-02-05 10:02:00,168.58,168.98,168.53,168.97,187144
2024-02-05 10:03:00,168.97,168.98,168.6,168.61,115478
2024-02-05 10:04:00,168.61,168.71,168.49,168.58,116043
2024-02-05 10:05:00,168.58,168.78,168.47,168.73,140371
2024-02-05 10:06:00,168.74,169.04,168.64,168.99,162834
2024-02-05 10:07:00,168.99,169.02,168.73,168.86,123344
2024-02-05 10:08:00,168.85,169.09,168.81,168.97,128733
2024-02-05 10:09:00,168.98,169.03,168.76,168.92,93841
2024-02-05 10:10:00,168.92,169.11,168.92,169.04,165449
2024-02-05 10:11:00,169.01,169.1,168.74,168.75,142615
2024-02-05 10:12:00,168.75,168.94,168.62,168.69,128842
2024-02-05 10:13:00,168.69,168.71,168.43,168.48,144942
2024-02-05 10:14:00,168.48,168.74,168.4,168.63,99839
2024-02-05 10:15:00,168.63,168.81,168.56,168.65,137935
2024-02-05 10:16:00,168.64,168.68,168.49,168.59,85089
2024-02-05 10:17:00,168.6,168.74,168.47,168.66,108515
2024-02-05 10:18:00,168.66,168.8,168.53,168.69,128762
2024-02-05 10:19:00,168.73,168.96,168.65,168.91,83052
2024-02-05 10:20:00,168.91,168.96,168.61,168.64,148572
2024-02-05 10:21:00,168.64,168.83,168.62,168.66,131893
2024-02-05 10:22:00,168.65,168.75,168.6,168.66,65337
2024-02-05 10:23:00,168.65,168.81,168.59,168.74,105441
2024-02-05 10:24:00,168.75,168.93,168.75,168.93,86482
2024-02-05 10:25:00,168.93,169.02,168.9,168.9,112714
2024-02-05 10:26:00,168.9,168.98,168.79,168.81,80635
2024-02-05 10:27:00,168.81,169.02,168.78,168.94,92850
2024-02-05 10:28:00,168.94,169.04,168.88,169.04,70102
2024-02-05 10:29:00,169.04,169.13,168.94,168.95,128366
2024-02-05 10:30:00,168.95,169.1,168.84,168.96,84449
2024-02-05 10:31:00,168.97,168.97,168.7,168.71,94314
2024-02-05 10:32:00,168.72,168.76,168.62,168.75,149659
2024-02-05 10:33:00,168.75,168.83,168.72,168.74,74244
2024-02-05 10:34:00,168.74,168.87,168.74,168.86,86075
2024-02-05 10:35:00,168.86,169.0,168.84,168.97,87973
2024-02-05 10:36:00,168.96,169.02,168.93,168.97,160037
2024-02-05 10:37:00,168.97,168.98,168.8,168.95,100052
2024-02-05 10:38:00,168.96,169.01,168.9,168.94,67471
2024-02-05 10:39:00,168.94,169.02,168.92,168.97,106898
2024-02-05 10:40:00,168.96,168.96,168.68,168.8,150113
2024-02-05 10:41:00,168.78,168.78,168.44,168.52,176067
2024-02-05 10:42:00,168.51,168.53,168.37,168.47,76120
2024-02-05 10:43:00,168.47,168.73,168.46,168.7,92483
2024-02-05 10:44:00,168.69,168.71,168.56,168.66,64616
2024-02-05 10:45:00,168.65,168.65,168.47,168.53,111434
2024-02-05 10:46:00,168.53,168.67,168.46,168.47,78231
2024-02-05 10:47:00,168.47,168.58,168.26,168.52,136879
2024-02-05 10:48:00,168.54,168.57,168.31,168.34,56160
2024-02-05 10:49:00,168.35,168.47,168.3,168.47,56943
2024-02-05 10:50:00,168.47,168.51,168.41,168.46,42571
2024-02-05 10:51:00,168.47,168.51,168.4,168.45,45905
2024-02-05 10:52:00,168.43,168.49,168.4,168.43,30828
2024-02-05 10:53:00,168.43,168.6,168.39,168.57,47350
2024-02-05 10:54:00,168.56,168.65,168.43,168.44,63938
2024-02-05 10:55:00,168.43,168.61,168.43,168.59,56563
2024-02-05 10:56:00,168.59,168.71,168.57,168.69,79164
2024-02-05 10:57:00,168.69,168.73,168.67,168.7,157691
2024-02-05 10:58:00,168.71,168.94,168.69,168.94,182976
2024-02-05 10:59:00,168.94,169.02,168.9,168.91,166244
2024-02-05 11:00:00,168.9,169.03,168.81,169.02,150936
2024-02-05 11:01:00,169.02,169.02,168.81,168.82,51295
2024-02-05 11:02:00,168.83,168.87,168.69,168.76,76413
2024-02-05 11:03:00,168.77,168.82,168.65,168.68,52012
2024-02-05 11:04:00,168.66,168.7,168.49,168.52,64706
2024-02-05 11:05:00,168.52,168.63,168.5,168.58,36157
2024-02-05 11:06:00,168.57,168.62,168.52,168.6,38939
2024-02-05 11:07:00,168.61,168.78,168.6,168.76,74823
2024-02-05 11:08:00,168.76,168.85,168.7,168.83,95594
2024-02-05 11:09:00,168.84,168.87,168.8,168.83,58590
2024-02-05 11:10:00,168.83,168.89,168.79,168.88,68926
2024-02-05 11:11:00,168.87,168.92,168.8,168.81,63370
2024-02-05 11:12:00,168.81,168.97,168.77,168.94,63373
2024-02-05 11:13:00,168.95,168.95,168.85,168.89,46038
2024-02-05 11:14:00,168.89,168.89,168.72,168.81,80283
2024-02-05 11:15:00,168.81,168.85,168.72,168.74,66112
2024-02-05 11:16:00,168.73,168.89,168.68,168.87,69043
2024-02-05 11:17:00,168.87,168.87,168.68,168.7,109654
2024-02-05 11:18:00,168.69,168.74,168.6,168.69,98821
2024-02-05 11:19:00,168.68,168.74,168.65,168.67,37243
2024-02-05 11:20:00,168.67,168.68,168.56,168.61,61849
2024-02-05 11:21:00,168.62,168.63,168.45,168.45,94220
2024-02-05 11:22:00,168.44,168.5,168.41,168.47,70028
2024-02-05 11:23:00,168.47,168.58,168.44,168.57,60916
2024-02-05 11:24:00,168.59,168.62,168.57,168.58,51461
2024-02-05 11:25:00,168.58,168.62,168.48,168.52,58942
2024-02-05 11:26:00,168.53,168.53,168.43,168.46,34443
2024-02-05 11:27:00,168.46,168.51,168.42,168.42,46647
2024-02-05 11:28:00,168.41,168.43,168.33,168.41,79540
2024-02-05 11:29:00,168.4,168.45,168.35,168.39,44981
2024-02-05 11:30:00,168.39,168.51,168.32,168.49,83082
2024-02-05 11:31:00,168.49,168.59,168.47,168.56,59970
2024-02-05 11:32:00,168.57,168.62,168.52,168.53,63755
2024-02-05 11:33:00,168.53,168.57,168.49,168.56,38723
2024-02-05 11:34:00,168.55,168.68,168.54,168.66,104756
2024-02-05 11:35:00,168.65,168.67,168.58,168.61,45478
2024-02-05 11:36:00,168.6,168.61,168.51,168.56,30543
2024-02-05 11:37:00,168.55,168.61,168.53,168.57,41417
2024-02-05 11:38:00,168.58,168.82,168.58,168.82,91656
2024-02-05 11:39:00,168.82,168.89,168.78,168.81,90403
2024-02-05 11:40:00,168.81,168.82,168.7,168.71,40530
2024-02-05 11:41:00,168.71,168.73,168.56,168.7,77487
2024-02-05 11:42:00,168.69,168.7,168.58,168.59,44005
2024-02-05 11:43:00,168.58,168.78,168.55,168.77,63133
2024-02-05 11:44:00,168.77,168.85,168.76,168.85,47843
2024-02-05 11:45:00,168.86,168.93,168.84,168.88,64547
2024-02-05 11:46:00,168.88,168.95,168.84,168.86,102824
2024-02-05 11:47:00,168.86,168.94,168.81,168.92,43973
2024-02-05 11:48:00,168.94,168.97,168.89,168.91,66027
2024-02-05 11:49:00,168.91,168.96,168.9,168.94,31567
2024-02-05 11:50:00,168.94,168.98,168.93,168.97,40971
2024-02-05 11:51:00,168.97,169.02,168.96,169.0,99905
2024-02-05 11:52:00,168.99,169.25,168.96,169.22,172167
2024-02-05 11:53:00,169.23,169.42,169.21,169.38,130688
2024-02-05 11:54:00,169.37,169.38,169.23,169.24,65179
2024-02-05 11:55:00,169.25,169.37,169.25,169.3,52391
2024-02-05 11:56:00,169.31,169.39,169.23,169.25,67709
2024-02-05 11:57:00,169.26,169.27,169.12,169.21,69367
2024-02-05 11:58:00,169.22,169.24,169.14,169.23,48460
2024-02-05 11:59:00,169.24,169.33,169.23,169.3,56746
2024-02-05 12:00:00,169.3,169.35,169.22,169.31,64210
2024-02-05 12:01:00,169.32,169.4,169.3,169.38,53194
2024-02-05 12:02:00,169.39,169.42,169.29,169.31,61103
2024-02-05 12:03:00,169.31,169.56,169.28,169.51,133640
2024-02-05 12:04:00,169.51,169.58,169.44,169.49,56574
2024-02-05 12:05:00,169.49,169.63,169.48,169.61,86667
2024-02-05 12:06:00,169.61,169.66,169.48,169.5,106058
2024-02-05 12:07:00,169.49,169.63,169.45,169.6,68061
2024-02-05 12:08:00,169.59,169.66,169.56,169.57,51380
2024-02-05 12:09:00,169.57,169.74,169.56,169.68,90950
2024-02-05 12:10:00,169.7,169.73,169.63,169.72,53342
2024-02-05 12:11:00,169.73,169.8,169.71,169.75,62326
2024-02-05 12:12:00,169.75,169.88,169.75,169.8,143342
2024-02-05 12:13:00,169.78,169.82,169.73,169.82,80936
2024-02-05 12:14:00,169.81,169.87,169.79,169.79,75620
2024-02-05 12:15:00,169.8,169.9,169.79,169.87,73522
2024-02-05 12:16:00,169.88,169.89,169.73,169.78,75379
2024-02-05 12:17:00,169.79,169.85,169.76,169.82,38953
2024-02-05 12:18:00,169.82,169.83,169.7,169.75,45808
2024-02-05 12:19:00,169.77,169.8,169.72,169.75,33418
2024-02-05 12:20:00,169.77,169.79,169.74,169.77,42910
2024-02-05 12:21:00,169.78,169.78,169.53,169.77,89031
2024-02-05 12:22:00,169.78,169.85,169.74,169.75,65982
2024-02-05 12:23:00,169.77,169.86,169.76,169.79,29598
2024-02-05 12:24:00,169.78,169.88,169.78,169.85,46553
2024-02-05 12:25:00,169.86,169.95,169.85,169.95,87918
2024-02-05 12:26:00,169.95,170.0,169.93,169.98,101101
2024-02-05 12:27:00,169.99,170.04,169.97,170.0,243641
2024-02-05 12:28:00,170.0,170.08,169.97,170.04,112456
2024-02-05 12:29:00,170.05,170.13,169.98,170.13,97494
2024-02-05 12:30:00,170.13,170.18,170.11,170.15,87160
2024-02-05 12:31:00,170.17,170.2,170.08,170.11,90328
2024-02-05 12:32:00,170.11,170.16,170.03,170.15,81467
2024-02-05 12:33:00,170.16,170.16,170.0,170.02,91596
2024-02-05 12:34:00,170.01,170.1,170.01,170.06,51105
2024-02-05 12:35:00,170.06,170.1,169.97,170.05,71318
2024-02-05 12:36:00,170.06,170.14,170.05,170.09,64448
2024-02-05 12:37:00,170.07,170.2,170.07,170.14,69421
2024-02-05 12:38:00,170.14,170.31,170.13,170.29,114208
2024-02-05 12:39:00,170.29,170.3,170.21,170.26,87571
2024-02-05 12:40:00,170.27,170.28,170.04,170.05,104720
2024-02-05 12:41:00,170.05,170.17,170.04,170.16,64535
2024-02-05 12:42:00,170.15,170.18,170.11,170.15,57705
2024-02-05 12:43:00,170.16,170.19,170.14,170.17,37036
2024-02-05 12:44:00,170.17,170.18,170.03,170.03,64487
2024-02-05 12:45:00,170.04,170.14,170.03,170.08,68238
2024-02-05 12:46:00,170.08,170.09,169.94,169.97,122689
2024-02-05 12:47:00,169.96,170.04,169.87,170.0,72016
2024-02-05 12:48:00,169.98,170.01,169.88,169.89,41630
2024-02-05 12:49:00,169.87,169.96,169.82,169.95,64784
2024-02-05 12:50:00,169.93,169.98,169.77,169.8,62294
2024-02-05 12:51:00,169.81,169.81,169.68,169.69,72800
2024-02-05 12:52:00,169.69,169.8,169.67,169.77,62078
2024-02-05 12:53:00,169.77,169.86,169.74,169.86,43650
2024-02-05 12:54:00,169.87,169.95,169.86,169.91,50851
2024-02-05 12:55:00,169.9,169.9,169.78,169.81,42510
2024-02-05 12:56:00,169.81,169.81,169.74,169.81,35626
2024-02-05 12:57:00,169.81,169.83,169.69,169.7,53021
2024-02-05 12:58:00,169.71,169.76,169.7,169.7,25940
2024-02-05 12:59:00,169.7,169.73,169.64,169.64,38661
2024-02-05 13:00:00,169.65,169.78,169.65,169.73,38069
2024-02-05 13:01:00,169.72,169.73,169.55,169.62,60742
2024-02-05 13:02:00,169.62,169.8,169.61,169.78,46431
2024-02-05 13:03:00,169.78,169.78,169.63,169.66,27671
2024-02-05 13:04:00,169.66,169.79,169.66,169.75,31234
2024-02-05 13:05:00,169.76,169.76,169.56,169.6,42507
2024-02-05 13:06:00,169.6,169.71,169.58,169.69,32946
2024-02-05 13:07:00,169.68,169.69,169.62,169.64,32392
2024-02-05 13:08:00,169.63,169.75,169.63,169.68,43093
2024-02-05 13:09:00,169.67,169.73,169.63,169.69,34999
2024-02-05 13:10:00,169.68,169.7,169.57,169.58,56899
2024-02-05 13:11:00,169.59,169.63,169.57,169.59,29663
2024-02-05 13:12:00,169.58,169.68,169.57,169.63,38210
2024-02-05 13:13:00,169.63,169.73,169.63,169.7,53765
2024-02-05 13:14:00,169.7,169.85,169.69,169.81,62901
2024-02-05 13:15:00,169.81,169.84,169.72,169.75,52185
2024-02-05 13:16:00,169.75,169.76,169.63,169.63,45612
2024-02-05 13:17:00,169.63,169.65,169.58,169.61,55379
2024-02-05 13:18:00,169.61,169.62,169.47,169.51,47589
2024-02-05 13:19:00,169.5,169.51,169.42,169.44,59714
2024-02-05 13:20:00,169.44,169.44,169.35,169.39,58126
2024-02-05 13:21:00,169.39,169.44,169.36,169.42,35905
2024-02-05 13:22:00,169.41,169.43,169.3,169.34,43131
2024-02-05 13:23:00,169.34,169.39,169.31,169.32,30176
2024-02-05 13:24:00,169.33,169.35,169.23,169.28,77664
2024-02-05 13:25:00,169.28,169.28,169.16,169.19,48741
2024-02-05 13:26:00,169.17,169.36,169.17,169.25,151110
2024-02-05 13:27:00,169.24,169.27,169.16,169.22,43776
2024-02-05 13:28:00,169.24,169.28,169.2,169.2,54788
2024-02-05 13:29:00,169.2,169.26,169.11,169.2,51488
2024-02-05 13:30:00,169.21,169.3,169.2,169.27,47617
2024-02-05 13:31:00,169.25,169.34,169.24,169.33,46340
2024-02-05 13:32:00,169.32,169.35,169.24,169.31,37890
2024-02-05 13:33:00,169.31,169.35,169.28,169.35,35970
2024-02-05 13:34:00,169.36,169.42,169.36,169.39,53974
2024-02-05 13:35:00,169.39,169.5,169.36,169.44,56725
2024-02-05 13:36:00,169.44,169.5,169.36,169.4,53603
2024-02-05 13:37:00,169.41,169.41,169.21,169.21,38919
2024-02-05 13:38:00,169.23,169.32,169.17,169.3,59620
2024-02-05 13:39:00,169.29,169.35,169.2,169.33,31915
2024-02-05 13:40:00,169.33,169.33,169.19,169.21,28159
2024-02-05 13:41:00,169.21,169.22,169.12,169.21,50974
2024-02-05 13:42:00,169.2,169.28,169.2,169.28,33800
2024-02-05 13:43:00,169.28,169.39,169.26,169.35,44291
2024-02-05 13:44:00,169.35,169.38,169.32,169.37,29140
2024-02-05 13:45:00,169.36,169.38,169.31,169.33,30985
2024-02-05 13:46:00,169.32,169.37,169.3,169.36,30413
2024-02-05 13:47:00,169.35,169.42,169.31,169.42,31448
2024-02-05 13:48:00,169.42,169.43,169.37,169.42,39987
2024-02-05 13:49:00,169.41,169.45,169.36,169.37,56143
2024-02-05 13:50:00,169.36,169.43,169.27,169.28,31787
2024-02-05 13:51:00,169.29,169.34,169.29,169.34,44594
2024-02-05 13:52:00,169.33,169.38,169.29,169.31,36730
2024-02-05 13:53:00,169.32,169.35,169.26,169.33,30657
2024-02-05 13:54:00,169.34,169.38,169.3,169.38,38044
2024-02-05 13:55:00,169.38,169.38,169.28,169.36,43873
2024-02-05 13:56:00,169.37,169.44,169.36,169.43,36869
2024-02-05 13:57:00,169.42,169.47,169.37,169.38,34574
2024-02-05 13:58:00,169.38,169.4,169.34,169.36,35227
2024-02-05 13:59:00,169.36,169.47,169.35,169.46,31722
2024-02-05 14:00:00,169.47,169.51,169.34,169.34,50022
2024-02-05 14:01:00,169.34,169.4,169.29,169.39,31548
2024-02-05 14:02:00,169.39,169.45,169.32,169.34,35031
2024-02-05 14:03:00,169.33,169.34,169.25,169.26,31728
2024-02-05 14:04:00,169.26,169.31,169.24,169.26,47905
2024-02-05 14:05:00,169.27,169.31,169.22,169.3,33593
2024-02-05 14:06:00,169.31,169.39,169.28,169.39,54887
2024-02-05 14:07:00,169.39,169.43,169.36,169.42,48763
2024-02-05 14:08:00,169.43,169.57,169.42,169.52,60448
2024-02-05 14:09:00,169.52,169.61,169.51,169.6,48554
2024-02-05 14:10:00,169.61,169.71,169.61,169.68,70413
2024-02-05 14:11:00,169.68,169.79,169.66,169.75,70613
2024-02-05 14:12:00,169.74,169.76,169.7,169.75,60189
2024-02-05 14:13:00,169.75,169.82,169.75,169.78,91347
2024-02-05 14:14:00,169.77,169.78,169.64,169.7,72001
2024-02-05 14:15:00,169.7,169.71,169.6,169.61,57181
2024-02-05 14:16:00,169.59,169.66,169.55,169.65,51206
2024-02-05 14:17:00,169.66,169.67,169.47,169.49,65273
2024-02-05 14:18:00,169.48,169.64,169.48,169.59,48316
2024-02-05 14:19:00,169.59,169.65,169.51,169.61,75184
2024-02-05 14:20:00,169.62,169.73,169.56,169.71,40864
2024-02-05 14:21:00,169.7,169.75,169.7,169.74,34907
2024-02-05 14:22:00,169.74,169.89,169.73,169.89,60811
2024-02-05 14:23:00,169.89,169.99,169.86,169.94,90022
2024-02-05 14:24:00,169.95,170.06,169.93,170.02,183616
2024-02-05 14:25:00,170.02,170.08,170.02,170.04,58901
2024-02-05 14:26:00,170.04,170.14,170.0,170.11,88933
2024-02-05 14:27:00,170.12,170.18,170.11,170.15,66778
2024-02-05 14:28:00,170.14,170.17,170.04,170.05,82970
2024-02-05 14:29:00,170.04,170.13,170.02,170.12,48623
2024-02-05 14:30:00,170.12,170.13,170.06,170.1,46641
2024-02-05 14:31:00,170.11,170.22,170.07,170.16,113874
2024-02-05 14:32:00,170.16,170.21,170.06,170.1,93897
2024-02-05 14:33:00,170.1,170.2,170.1,170.19,57555
2024-02-05 14:34:00,170.19,170.37,170.18,170.33,131469
2024-02-05 14:35:00,170.32,170.35,170.22,170.24,78578
2024-02-05 14:36:00,170.23,170.25,170.13,170.16,45374
2024-02-05 14:37:00,170.17,170.28,170.16,170.19,57827
2024-02-05 14:38:00,170.2,170.25,170.16,170.24,37024
2024-02-05 14:39:00,170.23,170.25,170.17,170.24,52741
2024-02-05 14:40:00,170.25,170.27,170.21,170.22,37056
2024-02-05 14:41:00,170.22,170.35,170.22,170.34,44921
2024-02-05 14:42:00,170.34,170.37,170.21,170.25,53655
2024-02-05 14:43:00,170.25,170.3,170.18,170.2,65241
2024-02-05 14:44:00,170.22,170.23,170.16,170.19,61513
2024-02-05 14:45:00,170.18,170.19,170.09,170.13,51017
2024-02-05 14:46:00,170.12,170.22,170.11,170.17,54187
2024-02-05 14:47:00,170.17,170.2,170.1,170.13,32085
2024-02-05 14:48:00,170.12,170.18,170.09,170.14,37276
2024-02-05 14:49:00,170.14,170.21,170.12,170.21,48076
2024-02-05 14:50:00,170.21,170.28,170.15,170.21,70434
2024-02-05 14:51:00,170.2,170.31,170.19,170.27,82909
2024-02-05 14:52:00,170.27,170.3,170.14,170.16,37040
2024-02-05 14:53:00,170.16,170.19,170.07,170.07,51008
2024-02-05 14:54:00,170.06,170.07,169.98,170.03,68596
2024-02-05 14:55:00,170.03,170.16,170.02,170.16,57909
2024-02-05 14:56:00,170.16,170.24,170.14,170.2,62464
2024-02-05 14:57:00,170.21,170.21,170.14,170.19,39968
2024-02-05 14:58:00,170.19,170.2,170.11,170.13,29790
2024-02-05 14:59:00,170.13,170.2,170.11,170.19,45994
2024-02-05 15:00:00,170.2,170.28,170.16,170.21,39965
2024-02-05 15:01:00,170.21,170.21,169.97,169.98,78501
2024-02-05 15:02:00,169.98,170.02,169.91,169.94,56357
2024-02-05 15:03:00,169.93,169.97,169.88,169.95,53642
2024-02-05 15:04:00,169.96,170.06,169.96,170.03,65991
2024-02-05 15:05:00,170.04,170.1,170.02,170.03,74165
2024-02-05 15:06:00,170.03,170.16,170.01,170.14,64088
2024-02-05 15:07:00,170.14,170.14,169.91,169.96,85375
2024-02-05 15:08:00,169.96,170.04,169.93,170.02,44812
2024-02-05 15:09:00,170.02,170.06,169.99,170.0,34362
2024-02-05 15:10:00,170.01,170.09,169.98,170.09,39873
2024-02-05 15:11:00,170.09,170.12,169.99,170.11,62746
2024-02-05 15:12:00,170.12,170.15,170.05,170.07,51921
2024-02-05 15:13:00,170.07,170.08,169.93,170.04,81241
2024-02-05 15:14:00,170.05,170.09,169.94,169.96,51507
2024-02-05 15:15:00,169.95,169.96,169.84,169.9,52608
2024-02-05 15:16:00,169.91,169.98,169.89,169.98,45928
2024-02-05 15:17:00,169.98,170.16,169.97,170.13,92861
2024-02-05 15:18:00,170.12,170.18,170.11,170.16,88624
2024-02-05 15:19:00,170.15,170.16,169.96,169.97,56562
2024-02-05 15:20:00,169.97,169.99,169.85,169.86,79440
2024-02-05 15:21:00,169.86,169.94,169.75,169.93,128044
2024-02-05 15:22:00,169.93,169.98,169.9,169.91,54379
2024-02-05 15:23:00,169.91,169.95,169.87,169.88,51658
2024-02-05 15:24:00,169.88,170.01,169.87,169.97,73112
2024-02-05 15:25:00,169.97,170.08,169.95,170.08,59062
2024-02-05 15:26:00,170.07,170.09,170.03,170.03,56733
2024-02-05 15:27:00,170.04,170.1,169.99,170.09,59999
2024-02-05 15:28:00,170.09,170.19,170.08,170.16,98284
2024-02-05 15:29:00,170.16,170.16,169.99,170.05,59541
2024-02-05 15:30:00,170.03,170.12,169.93,169.94,49368
2024-02-05 15:31:00,169.94,170.0,169.91,169.95,43498
2024-02-05 15:32:00,169.96,169.97,169.91,169.92,32829
2024-02-05 15:33:00,169.92,169.93,169.81,169.91,65476
2024-02-05 15:34:00,169.91,169.98,169.9,169.95,53393
2024-02-05 15:35:00,169.95,169.96,169.91,169.95,57145
2024-02-05 15:36:00,169.95,169.96,169.9,169.94,30753
2024-02-05 15:37:00,169.95,169.95,169.81,169.86,101171
2024-02-05 15:38:00,169.86,169.86,169.72,169.81,78831
2024-02-05 15:39:00,169.81,169.92,169.8,169.9,95250
2024-02-05 15:40:00,169.9,169.97,169.88,169.93,98729
2024-02-05 15:41:00,169.93,169.97,169.89,169.95,54988
2024-02-05 15:42:00,169.95,169.98,169.83,169.86,92719
2024-02-05 15:43:00,169.85,169.96,169.85,169.9,82131
2024-02-05 15:44:00,169.9,169.92,169.73,169.77,76739
2024-02-05 15:45:00,169.78,169.82,169.71,169.72,57377
2024-02-05 15:46:00,169.73,169.84,169.68,169.81,115106
2024-02-05 15:47:00,169.82,169.88,169.77,169.82,82035
2024-02-05 15:48:00,169.83,169.87,169.67,169.69,77589
2024-02-05 15:49:00,169.68,169.8,169.67,169.71,89408
2024-02-05 15:50:00,169.72,170.1,169.72,170.06,238504
2024-02-05 15:51:00,170.06,170.12,170.03,170.05,96097
2024-02-05 15:52:00,170.04,170.08,169.85,169.85,102394
2024-02-05 15:53:00,169.85,169.98,169.83,169.86,80933
2024-02-05 15:54:00,169.88,170.13,169.86,170.1,274203
2024-02-05 15:55:00,170.1,170.3,170.1,170.23,327685
2024-02-05 15:56:00,170.24,170.3,170.21,170.27,195209
2024-02-05 15:57:00,170.27,170.28,170.13,170.19,281265
2024-02-05 15:58:00,170.21,170.29,170.19,170.28,344379
2024-02-05 15:59:00,170.29,170.33,170.04,170.28,988405
2024-02-06 09:30:00,169.4,170.65,169.39,170.5,1071997
2024-02-06 09:31:00,170.5,170.71,170.25,170.5,162539
2024-02-06 09:32:00,170.5,170.69,170.23,170.3,169515
2024-02-06 09:33:00,170.25,170.48,170.17,170.29,137139
2024-02-06 09:34:00,170.27,170.48,170.05,170.38,140857
2024-02-06 09:35:00,170.33,170.4,169.6,169.63,248595
2024-02-06 09:36:00,169.63,169.86,169.58,169.59,132828
2024-02-06 09:37:00,169.6,169.69,169.49,169.53,151827
2024-02-06 09:38:00,169.55,169.85,169.5,169.8,129949
2024-02-06 09:39:00,169.78,170.01,169.73,169.74,153310
2024-02-06 09:40:00,169.74,169.82,169.63,169.67,94454
2024-02-06 09:41:00,169.67,169.81,169.52,169.78,103900
2024-02-06 09:42:00,169.79,169.95,169.78,169.92,96768
2024-02-06 09:43:00,169.9,170.02,169.8,170.0,150364
2024-02-06 09:44:00,169.99,170.2,169.91,170.03,179278
2024-02-06 09:45:00,170.04,170.42,170.01,170.34,242736
2024-02-06 09:46:00,170.34,170.36,170.0,170.07,203109
2024-02-06 09:47:00,170.07,170.38,170.06,170.36,106899
2024-02-06 09:48:00,170.36,170.37,169.93,170.0,149020
2024-02-06 09:49:00,170.0,170.1,169.72,169.95,119490
2024-02-06 09:50:00,169.96,169.97,169.53,169.56,114319
2024-02-06 09:51:00,169.55,169.61,169.41,169.57,133446
2024-02-06 09:52:00,169.56,169.6,169.44,169.46,134488
2024-02-06 09:53:00,169.48,169.66,169.47,169.54,139409
2024-02-06 09:54:00,169.53,169.62,169.42,169.52,87087
2024-02-06 09:55:00,169.5,169.54,169.27,169.32,167325
2024-02-06 09:56:00,169.34,169.47,169.32,169.36,98404
2024-02-06 09:57:00,169.35,169.4,169.23,169.36,98525
2024-02-06 09:58:00,169.32,169.41,169.15,169.24,109928
2024-02-06 09:59:00,169.24,169.36,169.23,169.32,70631
2024-02-06 10:00:00,169.31,169.33,169.1,169.18,121062
2024-02-06 10:01:00,169.18,169.18,168.93,168.94,172193
2024-02-06 10:02:00,168.94,169.11,168.82,169.06,142232
2024-02-06 10:03:00,169.05,169.05,168.86,169.05,117038
2024-02-06 10:04:00,169.04,169.13,168.93,168.95,70265
2024-02-06 10:05:00,168.95,169.05,168.92,168.97,88910
2024-02-06 10:06:00,168.96,169.15,168.94,169.14,89650
2024-02-06 10:07:00,169.14,169.32,169.14,169.24,88554
2024-02-06 10:08:00,169.24,169.28,169.11,169.18,69570
2024-02-06 10:09:00,169.16,169.26,168.96,168.99,76145
2024-02-06 10:10:00,169.01,169.01,168.76,168.82,153629
2024-02-06 10:11:00,168.84,168.9,168.79,168.83,106372
2024-02-06 10:12:00,168.84,168.89,168.78,168.83,126586
2024-02-06 10:13:00,168.82,168.91,168.79,168.79,99317
2024-02-06 10:14:00,168.79,168.85,168.69,168.76,138495
2024-02-06 10:15:00,168.77,168.89,168.74,168.87,91835
2024-02-06 10:16:00,168.87,169.04,168.87,168.87,139459
2024-02-06 10:17:00,168.86,168.9,168.79,168.84,65483
2024-02-06 10:18:00,168.85,168.99,168.84,168.84,67455
2024-02-06 10:19:00,168.84,168.98,168.8,168.92,62294
2024-02-06 10:20:00,168.93,168.94,168.75,168.8,74917
2024-02-06 10:21:00,168.78,168.79,168.65,168.71,99628
2024-02-06 10:22:00,168.72,168.79,168.68,168.78,78801
2024-02-06 10:23:00,168.78,168.78,168.56,168.57,136685
2024-02-06 10:24:00,168.58,168.63,168.4,168.44,133506
2024-02-06 10:25:00,168.43,168.45,168.21,168.21,146616
2024-02-06 10:26:00,168.21,168.47,168.19,168.44,139875
2024-02-06 10:27:00,168.43,168.46,168.32,168.32,77792
2024-02-06 10:28:00,168.35,168.5,168.31,168.44,164982
2024-02-06 10:29:00,168.44,168.52,168.41,168.5,64632
2024-02-06 10:30:00,168.49,168.62,168.41,168.56,138279
2024-02-06 10:31:00,168.55,168.56,168.44,168.54,103738
2024-02-06 10:32:00,168.54,168.75,168.46,168.74,74636
2024-02-06 10:33:00,168.75,168.83,168.68,168.83,120724
2024-02-06 10:34:00,168.84,168.92,168.83,168.88,105209
2024-02-06 10:35:00,168.88,168.94,168.79,168.87,108913
2024-02-06 10:36:00,168.87,168.87,168.73,168.81,61844
2024-02-06 10:37:00,168.8,168.93,168.78,168.78,89135
2024-02-06 10:38:00,168.79,168.84,168.72,168.74,42789
2024-02-06 10:39:00,168.77,168.81,168.74,168.74,32197
2024-02-06 10:40:00,168.75,168.87,168.73,168.82,79528
2024-02-06 10:41:00,168.83,168.84,168.6,168.63,64985
2024-02-06 10:42:00,168.63,168.64,168.47,168.57,61814
2024-02-06 10:43:00,168.57,168.75,168.56,168.62,48295
2024-02-06 10:44:00,168.61,168.71,168.58,168.7,30795
2024-02-06 10:45:00,168.69,168.86,168.69,168.81,85414
2024-02-06 10:46:00,168.81,168.95,168.8,168.95,58481
2024-02-06 10:47:00,168.94,168.99,168.77,168.84,75409
2024-02-06 10:48:00,168.83,168.85,168.7,168.78,56575
2024-02-06 10:49:00,168.77,168.79,168.63,168.73,53377
2024-02-06 10:50:00,168.73,168.88,168.71,168.84,53686
2024-02-06 10:51:00,168.86,168.89,168.8,168.89,49461
2024-02-06 10:52:00,168.88,168.98,168.74,168.76,93075
2024-02-06 10:53:00,168.79,168.86,168.71,168.72,48091
2024-02-06 10:54:00,168.72,168.84,168.7,168.81,36803
2024-02-06 10:55:00,168.81,168.91,168.8,168.86,54882
2024-02-06 10:56:00,168.87,168.94,168.83,168.83,41646
2024-02-06 10:57:00,168.84,168.87,168.72,168.79,47504
2024-02-06 10:58:00,168.79,168.88,168.75,168.82,46192
2024-02-06 10:59:00,168.81,168.81,168.7,168.74,33505
2024-02-06 11:00:00,168.74,168.81,168.68,168.78,46644
2024-02-06 11:01:00,168.78,168.82,168.69,168.76,41642
2024-02-06 11:02:00,168.78,168.8,168.68,168.8,54273
2024-02-06 11:03:00,168.8,168.84,168.7,168.84,46065
2024-02-06 11:04:00,168.83,168.87,168.75,168.81,81388
2024-02-06 11:05:00,168.81,168.89,168.77,168.88,55678
2024-02-06 11:06:00,168.89,168.93,168.82,168.91,60247
2024-02-06 11:07:00,168.92,168.95,168.8,168.82,69163
2024-02-06 11:08:00,168.81,168.94,168.79,168.83,57715
2024-02-06 11:09:00,168.83,168.86,168.68,168.71,71305
2024-02-06 11:10:00,168.71,168.82,168.68,168.8,95682
2024-02-06 11:11:00,168.8,168.83,168.69,168.73,63943
2024-02-06 11:12:00,168.72,168.76,168.61,168.63,63071
2024-02-06 11:13:00,168.63,168.63,168.46,168.53,106245
2024-02-06 11:14:00,168.54,168.58,168.46,168.54,52692
2024-02-06 11:15:00,168.53,168.68,168.48,168.67,47555
2024-02-06 11:16:00,168.67,168.69,168.57,168.59,60699
2024-02-06 11:17:00,168.58,168.67,168.58,168.66,30452
2024-02-06 11:18:00,168.66,168.7,168.46,168.56,68473
2024-02-06 11:19:00,168.54,168.59,168.5,168.57,44350
2024-02-06 11:20:00,168.57,168.62,168.52,168.59,62847
2024-02-06 11:21:00,168.59,168.62,168.54,168.55,39597
2024-02-06 11:22:00,168.54,168.61,168.44,168.49,94012
2024-02-06 11:23:00,168.49,168.58,168.45,168.54,75936
2024-02-06 11:24:00,168.54,168.63,168.51,168.54,50585
2024-02-06 11:25:00,168.54,168.62,168.53,168.58,45253
2024-02-06 11:26:00,168.58,168.67,168.54,168.61,58413
2024-02-06 11:27:00,168.6,168.63,168.53,168.59,55370
2024-02-06 11:28:00,168.6,168.62,168.53,168.61,33438
2024-02-06 11:29:00,168.61,168.67,168.59,168.62,58399
2024-02-06 11:30:00,168.62,168.71,168.54,168.71,49843
2024-02-06 11:31:00,168.71,168.76,168.65,168.72,64878
2024-02-06 11:32:00,168.71,168.74,168.65,168.7,40083
2024-02-06 11:33:00,168.71,168.77,168.65,168.66,32975
2024-02-06 11:34:00,168.67,168.75,168.66,168.72,31990
2024-02-06 11:35:00,168.73,168.73,168.57,168.58,36556
2024-02-06 11:36:00,168.57,168.62,168.44,168.5,99656
2024-02-06 11:37:00,168.51,168.56,168.46,168.56,39315
2024-02-06 11:38:00,168.57,168.63,168.54,168.58,52998
2024-02-06 11:39:00,168.59,168.63,168.59,168.62,43326
2024-02-06 11:40:00,168.63,168.64,168.5,168.51,29943
2024-02-06 11:41:00,168.51,168.57,168.47,168.55,51625
2024-02-06 11:42:00,168.55,168.72,168.55,168.71,71813
2024-02-06 11:43:00,168.71,168.73,168.63,168.69,64077
2024-02-06 11:44:00,168.7,168.73,168.62,168.64,35509
2024-02-06 11:45:00,168.62,168.62,168.5,168.53,59855
2024-02-06 11:46:00,168.55,168.6,168.38,168.43,78324
2024-02-06 11:47:00,168.43,168.55,168.37,168.53,58377
2024-02-06 11:48:00,168.52,168.54,168.36,168.42,49894
2024-02-06 11:49:00,168.42,168.49,168.39,168.4,29046
2024-02-06 11:50:00,168.39,168.44,168.36,168.39,49271
2024-02-06 11:51:00,168.39,168.41,168.26,168.39,87173
2024-02-06 11:52:00,168.4,168.4,168.22,168.24,35857
2024-02-06 11:53:00,168.24,168.28,168.2,168.2,86008
2024-02-06 11:54:00,168.2,168.24,168.2,168.22,50933
2024-02-06 11:55:00,168.2,168.21,168.06,168.13,127232
2024-02-06 11:56:00,168.14,168.15,168.0,168.01,208901
2024-02-06 11:57:00,168.02,168.12,168.0,168.11,99554
2024-02-06 11:58:00,168.11,168.11,168.02,168.06,48640
2024-02-06 11:59:00,168.03,168.1,167.98,168.01,93213
2024-02-06 12:00:00,168.02,168.13,167.91,168.08,109020
2024-02-06 12:01:00,168.08,168.17,167.99,168.06,110985
2024-02-06 12:02:00,168.07,168.07,167.93,167.96,95565
2024-02-06 12:03:00,167.95,168.01,167.85,167.9,121016
2024-02-06 12:04:00,167.89,167.9,167.8,167.86,87846
2024-02-06 12:05:00,167.85,167.95,167.83,167.91,56184
2024-02-06 12:06:00,167.92,167.95,167.83,167.9,32679
2024-02-06 12:07:00,167.89,167.91,167.8,167.81,68093
2024-02-06 12:08:00,167.82,167.9,167.8,167.89,68688
2024-02-06 12:09:00,167.88,167.97,167.88,167.92,58418
2024-02-06 12:10:00,167.93,167.99,167.9,167.95,73439
2024-02-06 12:11:00,167.95,167.95,167.8,167.84,109469
2024-02-06 12:12:00,167.83,167.85,167.76,167.8,51076
2024-02-06 12:13:00,167.8,167.81,167.7,167.72,87790
2024-02-06 12:14:00,167.71,167.76,167.65,167.73,63714
2024-02-06 12:15:00,167.73,167.91,167.71,167.91,87686
2024-02-06 12:16:00,167.9,168.0,167.86,167.94,69569
2024-02-06 12:17:00,167.93,168.01,167.92,167.97,67269
2024-02-06 12:18:00,167.96,168.0,167.9,167.9,23485
2024-02-06 12:19:00,167.9,167.99,167.88,167.92,31321
2024-02-06 12:20:00,167.89,167.9,167.77,167.8,41033
2024-02-06 12:21:00,167.79,167.83,167.77,167.83,35416
2024-02-06 12:22:00,167.81,167.81,167.74,167.8,26073
2024-02-06 12:23:00,167.8,167.94,167.79,167.94,49681
2024-02-06 12:24:00,167.93,167.96,167.84,167.93,47473
2024-02-06 12:25:00,167.94,168.02,167.92,168.02,63647
2024-02-06 12:26:00,168.02,168.13,168.02,168.08,83191
2024-02-06 12:27:00,168.07,168.1,168.01,168.04,48507
2024-02-06 12:28:00,168.04,168.12,168.02,168.03,88968
2024-02-06 12:29:00,168.04,168.14,168.04,168.11,64222
2024-02-06 12:30:00,168.12,168.14,168.02,168.07,85389
2024-02-06 12:31:00,168.06,168.08,167.97,167.98,64754
2024-02-06 12:32:00,167.97,168.06,167.91,167.94,39275
2024-02-06 12:33:00,167.93,167.98,167.91,167.92,25667
2024-02-06 12:34:00,167.94,168.0,167.91,167.94,39300
2024-02-06 12:35:00,167.95,168.06,167.9,167.99,55486
2024-02-06 12:36:00,167.99,168.0,167.92,167.98,44037
2024-02-06 12:37:00,167.98,167.99,167.94,167.97,43589
2024-02-06 12:38:00,167.97,167.99,167.95,167.96,30163
2024-02-06 12:39:00,167.96,167.99,167.96,167.99,35440
2024-02-06 12:40:00,167.98,168.0,167.94,167.98,45888
2024-02-06 12:41:00,167.98,168.0,167.96,167.98,43014
2024-02-06 12:42:00,167.98,167.99,167.96,167.97,30634
2024-02-06 12:43:00,167.97,168.13,167.96,168.09,73021
2024-02-06 12:44:00,168.09,168.09,168.01,168.04,49512
2024-02-06 12:45:00,168.03,168.03,167.91,167.94,52667
2024-02-06 12:46:00,167.94,167.94,167.85,167.9,69309
2024-02-06 12:47:00,167.91,167.94,167.89,167.89,20922
2024-02-06 12:48:00,167.89,167.89,167.72,167.77,65428
2024-02-06 12:49:00,167.78,167.83,167.76,167.81,28813
2024-02-06 12:50:00,167.8,167.88,167.78,167.85,37241
2024-02-06 12:51:00,167.84,167.86,167.76,167.76,88226
2024-02-06 12:52:00,167.75,167.77,167.7,167.72,35037
2024-02-06 12:53:00,167.72,167.77,167.72,167.76,24319
2024-02-06 12:54:00,167.77,167.77,167.66,167.68,56224
2024-02-06 12:55:00,167.68,167.78,167.67,167.76,52442
2024-02-06 12:56:00,167.77,167.78,167.74,167.76,56126
2024-02-06 12:57:00,167.76,167.89,167.76,167.86,43963
2024-02-06 12:58:00,167.85,167.9,167.8,167.82,34911
2024-02-06 12:59:00,167.81,167.82,167.76,167.78,22256
2024-02-06 13:00:00,167.79,167.83,167.71,167.72,65518
2024-02-06 13:01:00,167.74,167.77,167.71,167.75,25199
2024-02-06 13:02:00,167.75,167.78,167.71,167.75,41240
2024-02-06 13:03:00,167.75,167.77,167.72,167.76,30459
2024-02-06 13:04:00,167.75,167.78,167.73,167.77,43616
2024-02-06 13:05:00,167.77,167.89,167.77,167.82,105625
2024-02-06 13:06:00,167.81,167.95,167.8,167.94,39543
2024-02-06 13:07:00,167.94,167.98,167.91,167.92,24406
2024-02-06 13:08:00,167.92,167.96,167.88,167.94,34582
2024-02-06 13:09:00,167.93,167.99,167.93,167.94,35574
2024-02-06 13:10:00,167.96,167.98,167.9,167.93,30599
2024-02-06 13:11:00,167.92,167.92,167.84,167.9,31812
2024-02-06 13:12:00,167.89,167.95,167.89,167.92,25338
2024-02-06 13:13:00,167.92,167.99,167.92,167.96,24438
2024-02-06 13:14:00,167.95,167.98,167.84,167.93,44504
2024-02-06 13:15:00,167.92,167.94,167.9,167.94,13189
2024-02-06 13:16:00,167.94,168.03,167.93,168.03,41435
2024-02-06 13:17:00,168.02,168.07,168.0,168.02,81092
2024-02-06 13:18:00,168.01,168.04,167.94,167.95,24321
2024-02-06 13:19:00,167.96,167.97,167.9,167.92,30422
2024-02-06 13:20:00,167.92,167.99,167.9,167.95,33840
2024-02-06 13:21:00,167.96,167.97,167.89,167.93,37154
2024-02-06 13:22:00,167.92,167.94,167.88,167.89,28880
2024-02-06 13:23:00,167.9,167.92,167.87,167.9,17885
2024-02-06 13:24:00,167.92,167.95,167.85,167.86,25066
2024-02-06 13:25:00,167.86,167.92,167.85,167.92,14774
2024-02-06 13:26:00,167.92,168.0,167.9,167.97,40903
2024-02-06 13:27:00,167.97,168.01,167.96,167.99,24764
2024-02-06 13:28:00,168.0,168.01,167.96,167.98,24485
2024-02-06 13:29:00,167.99,168.1,167.96,168.06,41781
2024-02-06 13:30:00,168.07,168.12,168.07,168.08,53329
2024-02-06 13:31:00,168.09,168.23,168.07,168.18,84333
2024-02-06 13:32:00,168.17,168.34,168.16,168.31,43951
2024-02-06 13:33:00,168.32,168.44,168.3,168.34,53757
2024-02-06 13:34:00,168.33,168.38,168.27,168.27,39208
2024-02-06 13:35:00,168.28,168.38,168.24,168.37,50609
2024-02-06 13:36:00,168.37,168.43,168.34,168.36,51728
2024-02-06 13:37:00,168.37,168.4,168.31,168.39,45827
2024-02-06 13:38:00,168.39,168.42,168.37,168.4,30753
2024-02-06 13:39:00,168.4,168.47,168.39,168.41,38696
2024-02-06 13:40:00,168.41,168.44,168.36,168.36,29608
2024-02-06 13:41:00,168.36,168.37,168.27,168.28,37107
2024-02-06 13:42:00,168.28,168.37,168.27,168.35,23033
2024-02-06 13:43:00,168.36,168.44,168.35,168.39,44743
2024-02-06 13:44:00,168.4,168.45,168.39,168.45,20852
2024-02-06 13:45:00,168.44,168.52,168.44,168.47,44481
2024-02-06 13:46:00,168.47,168.5,168.42,168.43,36240
2024-02-06 13:47:00,168.43,168.51,168.43,168.51,30076
2024-02-06 13:48:00,168.5,168.51,168.41,168.41,30084
2024-02-06 13:49:00,168.41,168.5,168.4,168.49,23801
2024-02-06 13:50:00,168.49,168.55,168.45,168.53,33098
2024-02-06 13:51:00,168.54,168.55,168.46,168.46,30491
2024-02-06 13:52:00,168.46,168.5,168.46,168.49,16307
2024-02-06 13:53:00,168.5,168.53,168.45,168.5,21662
2024-02-06 13:54:00,168.52,168.53,168.48,168.5,40222
2024-02-06 13:55:00,168.51,168.56,168.44,168.56,27832
2024-02-06 13:56:00,168.56,168.56,168.5,168.51,21803
2024-02-06 13:57:00,168.52,168.52,168.45,168.48,32264
2024-02-06 13:58:00,168.48,168.52,168.46,168.51,28170
2024-02-06 13:59:00,168.5,168.53,168.49,168.49,31266
2024-02-06 14:00:00,168.5,168.5,168.4,168.42,39361
2024-02-06 14:01:00,168.41,168.44,168.36,168.38,48099
2024-02-06 14:02:00,168.39,168.42,168.37,168.38,24591
2024-02-06 14:03:00,168.38,168.43,168.28,168.31,62846
2024-02-06 14:04:00,168.32,168.38,168.31,168.36,28309
2024-02-06 14:05:00,168.36,168.38,168.26,168.27,32585
2024-02-06 14:06:00,168.27,168.27,168.17,168.2,50650
2024-02-06 14:07:00,168.2,168.26,168.18,168.22,43529
2024-02-06 14:08:00,168.22,168.22,168.02,168.09,72473
2024-02-06 14:09:00,168.09,168.16,168.07,168.09,35293
2024-02-06 14:10:00,168.09,168.15,168.01,168.13,43399
2024-02-06 14:11:00,168.12,168.16,168.07,168.13,33139
2024-02-06 14:12:00,168.13,168.14,168.08,168.09,29364
2024-02-06 14:13:00,168.08,168.17,168.06,168.16,40057
2024-02-06 14:14:00,168.14,168.21,168.1,168.2,44519
2024-02-06 14:15:00,168.19,168.27,168.16,168.22,45205
2024-02-06 14:16:00,168.23,168.23,168.19,168.23,19023
2024-02-06 14:17:00,168.23,168.24,168.12,168.15,27930
2024-02-06 14:18:00,168.15,168.24,168.13,168.19,44487
2024-02-06 14:19:00,168.18,168.31,168.18,168.3,47815
2024-02-06 14:20:00,168.3,168.36,168.29,168.35,49479
2024-02-06 14:21:00,168.35,168.45,168.35,168.44,49198
2024-02-06 14:22:00,168.45,168.66,168.44,168.65,109308
2024-02-06 14:23:00,168.66,168.66,168.58,168.61,55550
2024-02-06 14:24:00,168.62,168.63,168.56,168.59,31225
2024-02-06 14:25:00,168.59,168.64,168.58,168.63,33177
2024-02-06 14:26:00,168.64,168.66,168.62,168.64,31067
2024-02-06 14:27:00,168.64,168.65,168.54,168.59,45977
2024-02-06 14:28:00,168.58,168.6,168.53,168.57,44308
2024-02-06 14:29:00,168.58,168.59,168.53,168.55,20342
2024-02-06 14:30:00,168.54,168.58,168.51,168.58,36535
2024-02-06 14:31:00,168.58,168.61,168.55,168.59,46521
2024-02-06 14:32:00,168.59,168.71,168.56,168.7,43603
2024-02-06 14:33:00,168.71,168.74,168.68,168.71,43788
2024-02-06 14:34:00,168.7,168.71,168.64,168.65,67120
2024-02-06 14:35:00,168.66,168.71,168.63,168.68,43382
2024-02-06 14:36:00,168.69,168.78,168.68,168.78,58302
2024-02-06 14:37:00,168.78,168.79,168.71,168.78,47788
2024-02-06 14:38:00,168.79,168.8,168.65,168.73,48622
2024-02-06 14:39:00,168.71,168.76,168.65,168.7,64444
2024-02-06 14:40:00,168.71,168.71,168.57,168.64,44541
2024-02-06 14:41:00,168.65,168.69,168.61,168.63,43376
2024-02-06 14:42:00,168.65,168.68,168.62,168.66,25027
2024-02-06 14:43:00,168.66,168.67,168.57,168.63,25542
2024-02-06 14:44:00,168.63,168.63,168.57,168.59,19597
2024-02-06 14:45:00,168.59,168.64,168.55,168.6,33962
2024-02-06 14:46:00,168.59,168.65,168.59,168.64,35193
2024-02-06 14:47:00,168.64,168.68,168.63,168.67,38913
2024-02-06 14:48:00,168.66,168.75,168.66,168.71,62411
2024-02-06 14:49:00,168.72,168.74,168.7,168.71,32597
2024-02-06 14:50:00,168.71,168.77,168.71,168.76,57628
2024-02-06 14:51:00,168.76,168.79,168.7,168.71,30532
2024-02-06 14:52:00,168.71,168.75,168.69,168.74,26574
2024-02-06 14:53:00,168.74,168.82,168.74,168.8,57556
2024-02-06 14:54:00,168.81,168.84,168.8,168.83,35999
2024-02-06 14:55:00,168.82,168.87,168.79,168.86,52334
2024-02-06 14:56:00,168.87,168.97,168.87,168.94,81918
2024-02-06 14:57:00,168.94,168.99,168.91,168.97,34213
2024-02-06 14:58:00,168.97,169.0,168.9,168.9,48279
2024-02-06 14:59:00,168.91,168.94,168.89,168.93,39930
2024-02-06 15:00:00,168.94,168.99,168.92,168.99,63822
2024-02-06 15:01:00,168.98,169.07,168.98,169.07,103832
2024-02-06 15:02:00,169.07,169.15,169.07,169.14,80350
2024-02-06 15:03:00,169.14,169.18,169.04,169.06,58618
2024-02-06 15:04:00,169.07,169.08,169.03,169.06,31378
2024-02-06 15:05:00,169.07,169.22,169.07,169.2,65359
2024-02-06 15:06:00,169.21,169.28,169.2,169.24,91749
2024-02-06 15:07:00,169.24,169.32,169.24,169.29,74515
2024-02-06 15:08:00,169.3,169.36,169.16,169.34,121390
2024-02-06 15:09:00,169.34,169.37,169.32,169.34,56610
2024-02-06 15:10:00,169.35,169.45,169.33,169.45,73642
2024-02-06 15:11:00,169.45,169.46,169.38,169.39,58833
2024-02-06 15:12:00,169.39,169.41,169.33,169.39,66331
2024-02-06 15:13:00,169.39,169.43,169.37,169.39,64456
2024-02-06 15:14:00,169.39,169.46,169.38,169.44,44128
2024-02-06 15:15:00,169.45,169.47,169.37,169.41,52534
2024-02-06 15:16:00,169.41,169.45,169.33,169.33,53742
2024-02-06 15:17:00,169.33,169.37,169.21,169.21,71012
2024-02-06 15:18:00,169.21,169.28,169.12,169.19,69612
2024-02-06 15:19:00,169.19,169.22,169.15,169.17,40836
2024-02-06 15:20:00,169.18,169.21,169.13,169.16,41178
2024-02-06 15:21:00,169.17,169.21,169.13,169.15,36017
2024-02-06 15:22:00,169.15,169.19,169.13,169.17,35333
2024-02-06 15:23:00,169.17,169.25,169.15,169.15,47882
2024-02-06 15:24:00,169.16,169.2,169.15,169.2,34604
2024-02-06 15:25:00,169.19,169.29,169.13,169.27,61501
2024-02-06 15:26:00,169.28,169.32,169.25,169.31,74155
2024-02-06 15:27:00,169.31,169.37,169.3,169.36,63462
2024-02-06 15:28:00,169.36,169.36,169.24,169.27,49708
2024-02-06 15:29:00,169.27,169.28,169.19,169.2,43106
2024-02-06 15:30:00,169.19,169.2,169.03,169.03,91801
2024-02-06 15:31:00,169.03,169.03,168.9,168.93,83914
2024-02-06 15:32:00,168.93,168.94,168.83,168.83,70926
2024-02-06 15:33:00,168.82,168.86,168.72,168.73,85822
2024-02-06 15:34:00,168.72,168.8,168.72,168.75,83417
2024-02-06 15:35:00,168.75,168.87,168.71,168.86,86575
2024-02-06 15:36:00,168.85,168.85,168.74,168.77,45549
2024-02-06 15:37:00,168.77,168.78,168.68,168.76,48088
2024-02-06 15:38:00,168.75,168.81,168.74,168.78,31118
2024-02-06 15:39:00,168.78,168.83,168.75,168.77,51089
2024-02-06 15:40:00,168.77,168.82,168.69,168.71,71258
2024-02-06 15:41:00,168.71,168.71,168.56,168.61,108858
2024-02-06 15:42:00,168.61,168.72,168.58,168.71,49022
2024-02-06 15:43:00,168.71,168.75,168.66,168.72,44139
2024-02-06 15:44:00,168.71,168.81,168.7,168.78,49810
2024-02-06 15:45:00,168.78,168.82,168.69,168.72,51954
2024-02-06 15:46:00,168.72,168.84,168.69,168.76,73927
2024-02-06 15:47:00,168.75,168.79,168.74,168.77,56319
2024-02-06 15:48:00,168.78,168.88,168.77,168.77,52317
2024-02-06 15:49:00,168.78,168.78,168.7,168.71,86979
2024-02-06 15:50:00,168.71,168.89,168.68,168.86,103921
2024-02-06 15:51:00,168.85,168.94,168.78,168.87,125747
2024-02-06 15:52:00,168.86,168.91,168.72,168.72,96518
2024-02-06 15:53:00,168.72,168.9,168.69,168.86,88492
2024-02-06 15:54:00,168.86,168.93,168.74,168.76,100046
2024-02-06 15:55:00,168.77,169.09,168.76,168.96,200511
2024-02-06 15:56:00,168.97,169.0,168.83,168.9,159750
2024-02-06 15:57:00,168.9,168.98,168.87,168.95,141619
2024-02-06 15:58:00,168.95,168.99,168.94,168.96,230124
2024-02-06 15:59:00,168.96,169.14,168.87,169.14,493706
2024-02-07 09:30:00,169.48,170.33,169.37,169.84,1399388
2024-02-07 09:31:00,169.78,170.0,169.48,169.98,282977
2024-02-07 09:32:00,169.99,170.43,169.94,170.19,326681
2024-02-07 09:33:00,170.2,170.4,169.85,169.9,254531
2024-02-07 09:34:00,169.9,170.04,169.61,169.96,198147
2024-02-07 09:35:00,169.99,170.24,169.79,169.91,187506
2024-02-07 09:36:00,169.91,170.08,169.88,169.98,238263
2024-02-07 09:37:00,169.99,170.14,169.78,169.93,213033
2024-02-07 09:38:00,169.93,169.98,169.55,169.64,151909
2024-02-07 09:39:00,169.62,169.99,169.6,169.63,183390
2024-02-07 09:40:00,169.67,169.96,169.53,169.91,163579
2024-02-07 09:41:00,169.91,170.47,169.89,170.45,329638
2024-02-07 09:42:00,170.44,170.48,170.11,170.17,191357
2024-02-07 09:43:00,170.17,170.34,169.97,170.24,231332
2024-02-07 09:44:00,170.2,170.36,169.95,169.96,174914
2024-02-07 09:45:00,169.97,170.16,169.94,170.02,178414
2024-02-07 09:46:00,170.04,170.26,170.01,170.25,93718
2024-02-07 09:47:00,170.26,170.49,170.15,170.22,193300
2024-02-07 09:48:00,170.21,170.35,170.11,170.35,138262
2024-02-07 09:49:00,170.34,170.49,170.22,170.29,149555
2024-02-07 09:50:00,170.3,170.41,170.21,170.38,101914
2024-02-07 09:51:00,170.37,170.4,170.07,170.09,141884
2024-02-07 09:52:00,170.1,170.29,170.0,170.13,145552
2024-02-07 09:53:00,170.12,170.15,170.01,170.09,104162
2024-02-07 09:54:00,170.13,170.15,169.88,169.9,149869
2024-02-07 09:55:00,169.9,169.91,168.94,169.67,199649
2024-02-07 09:56:00,169.67,170.14,169.62,169.97,180383
2024-02-07 09:57:00,169.98,170.03,169.85,169.97,90455
2024-02-07 09:58:00,169.97,169.98,169.8,169.82,74272
2024-02-07 09:59:00,169.81,170.12,169.8,170.1,110669
2024-02-07 10:00:00,170.08,170.22,169.95,169.96,139212
2024-02-07 10:01:00,169.96,170.15,169.8,170.09,149883
2024-02-07 10:02:00,170.1,170.11,169.78,169.8,99734
2024-02-07 10:03:00,169.81,169.83,169.47,169.54,116302
2024-02-07 10:04:00,169.54,169.54,169.25,169.35,131000
2024-02-07 10:05:00,169.34,169.46,169.17,169.18,144246
2024-02-07 10:06:00,169.19,169.55,169.18,169.51,98459
2024-02-07 10:07:00,169.48,169.7,169.48,169.66,93412
2024-02-07 10:08:00,169.66,169.74,169.62,169.72,86534
2024-02-07 10:09:00,169.71,169.97,169.71,169.9,110093
2024-02-07 10:10:00,169.92,169.97,169.69,169.71,104929
2024-02-07 10:11:00,169.69,169.85,169.64,169.74,112541
2024-02-07 10:12:00,169.74,169.87,169.72,169.87,102157
2024-02-07 10:13:00,169.85,170.18,169.84,170.16,156111
2024-02-07 10:14:00,170.16,170.2,170.02,170.07,120625
2024-02-07 10:15:00,170.08,170.18,169.95,170.05,238924
2024-02-07 10:16:00,170.07,170.22,169.95,170.0,89268
2024-02-07 10:17:00,169.99,170.03,169.86,169.94,115411
2024-02-07 10:18:00,169.96,170.08,169.76,169.9,147908
2024-02-07 10:19:00,169.89,169.97,169.63,169.65,81800
2024-02-07 10:20:00,169.65,169.77,169.56,169.67,114905
2024-02-07 10:21:00,169.7,169.83,169.67,169.82,75467
2024-02-07 10:22:00,169.83,169.84,169.72,169.81,65643
2024-02-07 10:23:00,169.87,169.89,169.77,169.87,62073
2024-02-07 10:24:00,169.87,170.0,169.82,169.83,77948
2024-02-07 10:25:00,169.84,169.9,169.78,169.85,56322
2024-02-07 10:26:00,169.86,169.95,169.84,169.94,57585
2024-02-07 10:27:00,169.94,170.17,169.93,170.15,119098
2024-02-07 10:28:00,170.15,170.28,170.12,170.22,145526
2024-02-07 10:29:00,170.22,170.25,170.15,170.2,103178
2024-02-07 10:30:00,170.2,170.22,169.9,170.06,83488
2024-02-07 10:31:00,170.06,170.07,169.85,169.95,64857
2024-02-07 10:32:00,169.96,170.0,169.82,169.87,64773
2024-02-07 10:33:00,169.88,170.05,169.86,170.05,82570
2024-02-07 10:34:00,170.05,170.16,169.89,169.96,68088
2024-02-07 10:35:00,169.97,169.99,169.79,169.87,73326
2024-02-07 10:36:00,169.89,170.05,169.89,169.91,87236
2024-02-07 10:37:00,169.91,169.93,169.82,169.82,55932
2024-02-07 10:38:00,169.8,169.81,169.64,169.67,106255
2024-02-07 10:39:00,169.68,169.74,169.59,169.63,87742
2024-02-07 10:40:00,169.63,169.74,169.54,169.57,55495
2024-02-07 10:41:00,169.57,169.6,169.37,169.48,96596
2024-02-07 10:42:00,169.49,169.51,169.35,169.36,51728
2024-02-07 10:43:00,169.36,169.5,169.27,169.46,112448
2024-02-07 10:44:00,169.48,169.65,169.47,169.58,91873
2024-02-07 10:45:00,169.58,169.69,169.49,169.64,86851
2024-02-07 10:46:00,169.66,169.73,169.6,169.67,69273
2024-02-07 10:47:00,169.65,169.72,169.56,169.57,58639
2024-02-07 10:48:00,169.57,169.73,169.54,169.66,99534
2024-02-07 10:49:00,169.65,169.76,169.57,169.66,70126
2024-02-07 10:50:00,169.68,169.8,169.65,169.75,67855
2024-02-07 10:51:00,169.78,169.88,169.75,169.8,70334
2024-02-07 10:52:00,169.79,169.95,169.79,169.88,70818
2024-02-07 10:53:00,169.86,169.92,169.66,169.71,69167
2024-02-07 10:54:00,169.71,169.84,169.7,169.76,69441
2024-02-07 10:55:00,169.75,169.81,169.7,169.8,81220
2024-02-07 10:56:00,169.8,169.91,169.78,169.82,63845
2024-02-07 10:57:00,169.83,170.12,169.79,169.95,142707
2024-02-07 10:58:00,169.94,169.95,169.75,169.78,60278
2024-02-07 10:59:00,169.78,169.9,169.75,169.75,61598
2024-02-07 11:00:00,169.76,169.83,169.69,169.76,141212
2024-02-07 11:01:00,169.78,169.79,169.7,169.74,65795
2024-02-07 11:02:00,169.72,169.83,169.7,169.81,53555
2024-02-07 11:03:00,169.82,169.9,169.7,169.89,54911
2024-02-07 11:04:00,169.89,169.95,169.74,169.74,47410
2024-02-07 11:05:00,169.73,169.81,169.7,169.8,99867
2024-02-07 11:06:00,169.8,169.8,169.71,169.76,42742
2024-02-07 11:07:00,169.76,169.96,169.76,169.94,59759
2024-02-07 11:08:00,169.94,169.99,169.92,169.97,61183
2024-02-07 11:09:00,169.97,170.1,169.95,169.96,113919
2024-02-07 11:10:00,169.96,170.09,169.92,170.03,40146
2024-02-07 11:11:00,170.01,170.08,169.97,170.05,45664
2024-02-07 11:12:00,170.05,170.15,170.05,170.14,81525
2024-02-07 11:13:00,170.15,170.18,170.02,170.05,55580
2024-02-07 11:14:00,170.06,170.11,170.04,170.1,67270
2024-02-07 11:15:00,170.11,170.23,170.09,170.12,91099
2024-02-07 11:16:00,170.12,170.14,170.05,170.06,87905
2024-02-07 11:17:00,170.05,170.09,169.94,169.99,121865
2024-02-07 11:18:00,169.98,170.04,169.9,170.03,62471
2024-02-07 11:19:00,170.03,170.07,169.88,169.89,41652
2024-02-07 11:20:00,169.89,169.97,169.86,169.92,62822
2024-02-07 11:21:00,169.92,169.97,169.87,169.91,40834
2024-02-07 11:22:00,169.92,169.97,169.85,169.94,63962
2024-02-07 11:23:00,169.93,169.98,169.86,169.89,91974
2024-02-07 11:24:00,169.89,169.96,169.88,169.96,39066
2024-02-07 11:25:00,169.96,170.06,169.92,169.97,48090
2024-02-07 11:26:00,169.97,170.1,169.97,170.09,66782
2024-02-07 11:27:00,170.09,170.1,170.0,170.02,78435
2024-02-07 11:28:00,170.02,170.1,169.98,170.04,68059
2024-02-07 11:29:00,170.04,170.07,170.0,170.06,61058
2024-02-07 11:30:00,170.08,170.1,170.03,170.07,62705
2024-02-07 11:31:00,170.08,170.12,170.06,170.1,58590
2024-02-07 11:32:00,170.1,170.1,170.07,170.1,124427
2024-02-07 11:33:00,170.1,170.1,169.96,170.0,81960
2024-02-07 11:34:00,169.99,170.02,169.77,169.84,103686
2024-02-07 11:35:00,169.85,169.94,169.81,169.9,70770
2024-02-07 11:36:00,169.89,169.91,169.7,169.75,81885
2024-02-07 11:37:00,169.75,169.84,169.7,169.81,42335
2024-02-07 11:38:00,169.81,169.87,169.76,169.83,34837
2024-02-07 11:39:00,169.82,169.85,169.75,169.76,37321
2024-02-07 11:40:00,169.77,169.77,169.7,169.73,65288
2024-02-07 11:41:00,169.74,169.77,169.7,169.77,53032
2024-02-07 11:42:00,169.78,169.84,169.74,169.8,51959
2024-02-07 11:43:00,169.79,169.82,169.72,169.75,27116
2024-02-07 11:44:00,169.75,169.8,169.7,169.77,49403
2024-02-07 11:45:00,169.77,169.99,169.77,169.99,99021
2024-02-07 11:46:00,169.99,170.0,169.83,170.0,107646
2024-02-07 11:47:00,169.99,170.06,169.96,170.04,90475
2024-02-07 11:48:00,170.05,170.08,169.97,169.97,36576
2024-02-07 11:49:00,169.96,169.98,169.8,169.9,40979
2024-02-07 11:50:00,169.91,170.08,169.89,170.05,44646
2024-02-07 11:51:00,170.04,170.06,170.0,170.03,27974
2024-02-07 11:52:00,170.03,170.07,170.0,170.0,54267
2024-02-07 11:53:00,170.01,170.03,169.94,169.98,131772
2024-02-07 11:54:00,169.99,170.09,169.96,170.06,37885
2024-02-07 11:55:00,170.07,170.15,170.04,170.07,67455
2024-02-07 11:56:00,170.08,170.1,170.0,170.01,67021
2024-02-07 11:57:00,170.02,170.07,169.98,170.0,40707
2024-02-07 11:58:00,170.0,170.0,169.94,169.94,45348
2024-02-07 11:59:00,169.94,169.96,169.89,169.9,87948
2024-02-07 12:00:00,169.9,170.07,169.88,169.95,60174
2024-02-07 12:01:00,169.94,169.98,169.86,169.95,50671
2024-02-07 12:02:00,169.93,170.0,169.89,169.98,32078
2024-02-07 12:03:00,169.96,170.03,169.93,169.97,52893
2024-02-07 12:04:00,169.99,170.0,169.9,169.92,43117
2024-02-07 12:05:00,169.92,169.95,169.85,169.94,71401
2024-02-07 12:06:00,169.95,169.97,169.82,169.84,35468
2024-02-07 12:07:00,169.84,169.93,169.8,169.88,39701
2024-02-07 12:08:00,169.89,169.96,169.88,169.9,39137
2024-02-07 12:09:00,169.89,169.9,169.85,169.89,25282
2024-02-07 12:10:00,169.88,169.91,169.78,169.78,85483
2024-02-07 12:11:00,169.79,169.84,169.7,169.72,58445
2024-02-07 12:12:00,169.72,169.76,169.7,169.72,58714
2024-02-07 12:13:00,169.73,169.8,169.7,169.8,26047
2024-02-07 12:14:00,169.8,169.82,169.71,169.74,23638
2024-02-07 12:15:00,169.73,169.85,169.71,169.83,68292
2024-02-07 12:16:00,169.81,169.88,169.78,169.87,39891
2024-02-07 12:17:00,169.86,169.96,169.86,169.92,54576
2024-02-07 12:18:00,169.93,169.94,169.85,169.85,38093
2024-02-07 12:19:00,169.86,169.95,169.79,169.81,60487
2024-02-07 12:20:00,169.8,169.88,169.76,169.87,33062
2024-02-07 12:21:00,169.86,169.91,169.79,169.83,37800
2024-02-07 12:22:00,169.84,169.86,169.79,169.85,34801
2024-02-07 12:23:00,169.85,169.85,169.76,169.81,37894
2024-02-07 12:24:00,169.8,169.89,169.79,169.81,58021
2024-02-07 12:25:00,169.81,169.84,169.76,169.79,54408
2024-02-07 12:26:00,169.78,169.85,169.75,169.78,49224
2024-02-07 12:27:00,169.79,169.89,169.79,169.86,38692
2024-02-07 12:28:00,169.85,170.0,169.83,169.97,93791
2024-02-07 12:29:00,169.98,170.06,169.92,170.04,59049
2024-02-07 12:30:00,170.05,170.07,169.92,170.01,90462
2024-02-07 12:31:00,170.02,170.1,170.01,170.02,64954
2024-02-07 12:32:00,170.03,170.03,169.83,169.84,56009
2024-02-07 12:33:00,169.83,169.83,169.75,169.77,82385
2024-02-07 12:34:00,169.77,169.99,169.76,169.96,67069
2024-02-07 12:35:00,169.96,169.98,169.82,169.95,61486
2024-02-07 12:36:00,169.96,169.98,169.9,169.98,34579
2024-02-07 12:37:00,169.97,169.98,169.82,169.83,33906
2024-02-07 12:38:00,169.84,169.86,169.78,169.78,78032
2024-02-07 12:39:00,169.79,169.83,169.74,169.77,99364
2024-02-07 12:40:00,169.77,169.77,169.62,169.73,112148
2024-02-07 12:41:00,169.72,169.77,169.7,169.77,66413
2024-02-07 12:42:00,169.77,169.79,169.7,169.74,40413
2024-02-07 12:43:00,169.73,169.83,169.7,169.81,47667
2024-02-07 12:44:00,169.82,169.89,169.82,169.82,50255
2024-02-07 12:45:00,169.81,169.89,169.77,169.88,36992
2024-02-07 12:46:00,169.87,169.93,169.86,169.86,43861
2024-02-07 12:47:00,169.85,169.93,169.85,169.88,32448
2024-02-07 12:48:00,169.87,169.87,169.77,169.79,53795
2024-02-07 12:49:00,169.78,169.82,169.75,169.77,36646
2024-02-07 12:50:00,169.78,169.86,169.78,169.83,37253
2024-02-07 12:51:00,169.83,169.9,169.78,169.89,28005
2024-02-07 12:52:00,169.88,169.9,169.83,169.85,30770
2024-02-07 12:53:00,169.85,169.93,169.84,169.92,38512
2024-02-07 12:54:00,169.92,169.92,169.86,169.91,24355
2024-02-07 12:55:00,169.91,169.99,169.9,169.93,40746
2024-02-07 12:56:00,169.92,169.96,169.9,169.93,43323
2024-02-07 12:57:00,169.93,169.95,169.9,169.91,30751
2024-02-07 12:58:00,169.91,169.95,169.85,169.93,51764
2024-02-07 12:59:00,169.92,169.98,169.9,169.95,67749
2024-02-07 13:00:00,169.96,169.97,169.8,169.8,49873
2024-02-07 13:01:00,169.81,170.13,169.78,170.07,171908
2024-02-07 13:02:00,170.08,170.09,169.85,169.87,84716
2024-02-07 13:03:00,169.87,169.95,169.85,169.9,50450
2024-02-07 13:04:00,169.89,169.89,169.7,169.75,79482
2024-02-07 13:05:00,169.77,169.89,169.77,169.83,51413
2024-02-07 13:06:00,169.83,169.93,169.82,169.88,36236
2024-02-07 13:07:00,169.87,169.88,169.83,169.87,62345
2024-02-07 13:08:00,169.86,169.89,169.8,169.85,52295
2024-02-07 13:09:00,169.86,169.98,169.83,169.93,38605
2024-02-07 13:10:00,169.94,170.05,169.94,170.02,54943
2024-02-07 13:11:00,170.03,170.06,169.99,170.06,65153
2024-02-07 13:12:00,170.06,170.07,169.95,169.98,44050
2024-02-07 13:13:00,169.97,169.98,169.9,169.91,79115
2024-02-07 13:14:00,169.91,169.98,169.9,169.95,25453
2024-02-07 13:15:00,169.96,170.03,169.95,170.0,42310
2024-02-07 13:16:00,170.0,170.0,169.88,169.9,41835
2024-02-07 13:17:00,169.9,169.92,169.86,169.91,21421
2024-02-07 13:18:00,169.91,169.96,169.9,169.91,38885
2024-02-07 13:19:00,169.92,169.95,169.87,169.95,46398
2024-02-07 13:20:00,169.94,169.97,169.91,169.96,50066
2024-02-07 13:21:00,169.96,169.98,169.9,169.97,29133
2024-02-07 13:22:00,169.98,170.05,169.97,170.04,46769
2024-02-07 13:23:00,170.05,170.06,169.95,169.97,37230
2024-02-07 13:24:00,169.99,170.01,169.95,169.98,29573
2024-02-07 13:25:00,169.97,170.08,169.96,170.07,25938
2024-02-07 13:26:00,170.08,170.1,170.03,170.05,43697
2024-02-07 13:27:00,170.05,170.06,170.02,170.06,35555
2024-02-07 13:28:00,170.06,170.1,170.05,170.1,84941
2024-02-07 13:29:00,170.1,170.16,170.06,170.15,71239
2024-02-07 13:30:00,170.16,170.21,170.12,170.18,112079
2024-02-07 13:31:00,170.18,170.21,170.12,170.2,58054
2024-02-07 13:32:00,170.19,170.25,170.15,170.17,52578
2024-02-07 13:33:00,170.16,170.2,170.12,170.16,36775
2024-02-07 13:34:00,170.17,170.18,170.09,170.17,43850
2024-02-07 13:35:00,170.17,170.19,170.13,170.13,37524
2024-02-07 13:36:00,170.13,170.25,170.1,170.25,56258
2024-02-07 13:37:00,170.25,170.27,170.22,170.22,79708
2024-02-07 13:38:00,170.22,170.3,170.21,170.26,59843
2024-02-07 13:39:00,170.27,170.35,170.25,170.34,73591
2024-02-07 13:40:00,170.34,170.34,170.22,170.22,57902
2024-02-07 13:41:00,170.22,170.25,170.11,170.19,91551
2024-02-07 13:42:00,170.19,170.25,170.16,170.22,40137
2024-02-07 13:43:00,170.23,170.27,170.19,170.27,53098
2024-02-07 13:44:00,170.26,170.28,170.23,170.27,24019
2024-02-07 13:45:00,170.27,170.27,170.22,170.25,40053
2024-02-07 13:46:00,170.25,170.26,170.2,170.25,39397
2024-02-07 13:47:00,170.24,170.31,170.21,170.24,32678
2024-02-07 13:48:00,170.24,170.28,170.2,170.23,46325
2024-02-07 13:49:00,170.24,170.34,170.24,170.33,55593
2024-02-07 13:50:00,170.31,170.35,170.28,170.3,55789
2024-02-07 13:51:00,170.3,170.32,170.27,170.32,32918
2024-02-07 13:52:00,170.31,170.32,170.28,170.3,32742
2024-02-07 13:53:00,170.3,170.33,170.28,170.31,36883
2024-02-07 13:54:00,170.33,170.38,170.3,170.34,59972
2024-02-07 13:55:00,170.35,170.44,170.33,170.44,85525
2024-02-07 13:56:00,170.44,170.44,170.37,170.42,59990
2024-02-07 13:57:00,170.42,170.42,170.35,170.4,46177
2024-02-07 13:58:00,170.39,170.42,170.35,170.42,38934
2024-02-07 13:59:00,170.42,170.63,170.42,170.62,320548
2024-02-07 14:00:00,170.62,170.69,170.58,170.68,143323
2024-02-07 14:01:00,170.68,170.81,170.67,170.8,137241
2024-02-07 14:02:00,170.81,170.84,170.71,170.72,84422
2024-02-07 14:03:00,170.72,170.83,170.66,170.83,81939
2024-02-07 14:04:00,170.82,170.88,170.79,170.85,78656
2024-02-07 14:05:00,170.86,170.88,170.81,170.83,68744
2024-02-07 14:06:00,170.82,170.83,170.67,170.76,98822
2024-02-07 14:07:00,170.76,170.79,170.74,170.78,38392
2024-02-07 14:08:00,170.79,170.8,170.7,170.71,50474
2024-02-07 14:09:00,170.71,170.73,170.63,170.7,51387
2024-02-07 14:10:00,170.72,170.73,170.66,170.69,42050
2024-02-07 14:11:00,170.69,170.81,170.65,170.8,59711
2024-02-07 14:12:00,170.8,170.83,170.7,170.83,61680
2024-02-07 14:13:00,170.84,170.85,170.73,170.75,43773
2024-02-07 14:14:00,170.74,170.76,170.65,170.71,50938
2024-02-07 14:15:00,170.71,170.83,170.7,170.83,49733
2024-02-07 14:16:00,170.83,170.84,170.79,170.81,34396
2024-02-07 14:17:00,170.8,170.83,170.66,170.67,69721
2024-02-07 14:18:00,170.68,170.68,170.6,170.61,89257
2024-02-07 14:19:00,170.61,170.64,170.51,170.51,118883
2024-02-07 14:20:00,170.51,170.66,170.51,170.63,118807
2024-02-07 14:21:00,170.62,170.65,170.6,170.63,116718
2024-02-07 14:22:00,170.63,170.65,170.56,170.56,63687
2024-02-07 14:23:00,170.56,170.64,170.56,170.61,39456
2024-02-07 14:24:00,170.61,170.61,170.55,170.61,34560
2024-02-07 14:25:00,170.61,170.63,170.54,170.54,36307
2024-02-07 14:26:00,170.54,170.55,170.44,170.47,80402
2024-02-07 14:27:00,170.46,170.49,170.37,170.47,64025
2024-02-07 14:28:00,170.47,170.5,170.45,170.47,49563
2024-02-07 14:29:00,170.45,170.5,170.41,170.43,39071
2024-02-07 14:30:00,170.43,170.5,170.43,170.48,47307
2024-02-07 14:31:00,170.49,170.5,170.44,170.49,91476
2024-02-07 14:32:00,170.5,170.5,170.4,170.42,47828
2024-02-07 14:33:00,170.42,170.5,170.41,170.48,50448
2024-02-07 14:34:00,170.48,170.64,170.47,170.56,89730
2024-02-07 14:35:00,170.56,170.6,170.42,170.44,63446
2024-02-07 14:36:00,170.43,170.52,170.4,170.43,36254
2024-02-07 14:37:00,170.42,170.5,170.42,170.48,31074
2024-02-07 14:38:00,170.49,170.59,170.49,170.59,43205
2024-02-07 14:39:00,170.59,170.64,170.53,170.58,61593
2024-02-07 14:40:00,170.59,170.61,170.56,170.61,29784
2024-02-07 14:41:00,170.61,170.61,170.54,170.6,30844
2024-02-07 14:42:00,170.59,170.6,170.49,170.5,32777
2024-02-07 14:43:00,170.5,170.5,170.39,170.4,52948
2024-02-07 14:44:00,170.4,170.43,170.34,170.35,47550
2024-02-07 14:45:00,170.36,170.38,170.26,170.34,83017
2024-02-07 14:46:00,170.34,170.43,170.33,170.38,66158
2024-02-07 14:47:00,170.37,170.5,170.36,170.41,33481
2024-02-07 14:48:00,170.41,170.42,170.37,170.39,42880
2024-02-07 14:49:00,170.4,170.4,170.35,170.35,23101
2024-02-07 14:50:00,170.36,170.41,170.32,170.38,67695
2024-02-07 14:51:00,170.39,170.48,170.38,170.45,51743
2024-02-07 14:52:00,170.45,170.45,170.38,170.39,35525
2024-02-07 14:53:00,170.39,170.39,170.34,170.35,40915
2024-02-07 14:54:00,170.36,170.45,170.35,170.43,43559
2024-02-07 14:55:00,170.43,170.47,170.35,170.4,47831
2024-02-07 14:56:00,170.4,170.41,170.35,170.35,32409
2024-02-07 14:57:00,170.34,170.37,170.27,170.32,61101
2024-02-07 14:58:00,170.32,170.32,170.28,170.28,38195
2024-02-07 14:59:00,170.28,170.33,170.27,170.29,40523
2024-02-07 15:00:00,170.31,170.45,170.29,170.41,47103
2024-02-07 15:01:00,170.42,170.45,170.36,170.45,56471
2024-02-07 15:02:00,170.44,170.47,170.38,170.41,60247
2024-02-07 15:03:00,170.41,170.5,170.38,170.49,61515
2024-02-07 15:04:00,170.5,170.52,170.4,170.41,62208
2024-02-07 15:05:00,170.41,170.54,170.38,170.52,83909
2024-02-07 15:06:00,170.53,170.54,170.45,170.47,74759
2024-02-07 15:07:00,170.47,170.56,170.46,170.55,46349
2024-02-07 15:08:00,170.54,170.55,170.35,170.42,82356
2024-02-07 15:09:00,170.42,170.46,170.36,170.42,42313
2024-02-07 15:10:00,170.42,170.44,170.39,170.43,52561
2024-02-07 15:11:00,170.45,170.48,170.36,170.47,68517
2024-02-07 15:12:00,170.47,170.51,170.46,170.5,65116
2024-02-07 15:13:00,170.51,170.51,170.46,170.5,56932
2024-02-07 15:14:00,170.49,170.58,170.47,170.53,81959
2024-02-07 15:15:00,170.52,170.65,170.52,170.65,74648
2024-02-07 15:16:00,170.64,170.69,170.49,170.54,141421
2024-02-07 15:17:00,170.52,170.54,170.43,170.54,91684
2024-02-07 15:18:00,170.53,170.62,170.53,170.58,46937
2024-02-07 15:19:00,170.58,170.58,170.53,170.58,51278
2024-02-07 15:20:00,170.57,170.67,170.57,170.62,54696
2024-02-07 15:21:00,170.62,170.71,170.59,170.68,85956
2024-02-07 15:22:00,170.68,170.68,170.61,170.63,52210
2024-02-07 15:23:00,170.63,170.69,170.59,170.65,50430
2024-02-07 15:24:00,170.65,170.73,170.62,170.72,64292
2024-02-07 15:25:00,170.72,170.75,170.68,170.73,71871
2024-02-07 15:26:00,170.72,170.73,170.64,170.69,54085
2024-02-07 15:27:00,170.68,170.74,170.66,170.67,52916
2024-02-07 15:28:00,170.68,170.68,170.64,170.65,41925
2024-02-07 15:29:00,170.64,170.68,170.58,170.61,43533
2024-02-07 15:30:00,170.6,170.69,170.59,170.66,55316
2024-02-07 15:31:00,170.66,170.68,170.62,170.63,54021
2024-02-07 15:32:00,170.62,170.63,170.57,170.61,66730
2024-02-07 15:33:00,170.61,170.62,170.53,170.61,79236
2024-02-07 15:34:00,170.61,170.62,170.54,170.6,76355
2024-02-07 15:35:00,170.61,170.68,170.53,170.68,81410
2024-02-07 15:36:00,170.68,170.73,170.67,170.69,75127
2024-02-07 15:37:00,170.69,170.7,170.63,170.66,52915
2024-02-07 15:38:00,170.67,170.72,170.65,170.67,73941
2024-02-07 15:39:00,170.67,170.69,170.63,170.65,56936
2024-02-07 15:40:00,170.65,170.66,170.62,170.64,59500
2024-02-07 15:41:00,170.64,170.65,170.5,170.53,110441
2024-02-07 15:42:00,170.54,170.61,170.51,170.55,95948
2024-02-07 15:43:00,170.55,170.57,170.4,170.52,130418
2024-02-07 15:44:00,170.52,170.63,170.52,170.62,83606
2024-02-07 15:45:00,170.61,170.64,170.55,170.6,80479
2024-02-07 15:46:00,170.61,170.67,170.49,170.66,102152
2024-02-07 15:47:00,170.67,170.73,170.64,170.73,114129
2024-02-07 15:48:00,170.72,170.78,170.71,170.78,138543
2024-02-07 15:49:00,170.78,170.78,170.7,170.73,94935
2024-02-07 15:50:00,170.73,170.83,170.7,170.75,183630
2024-02-07 15:51:00,170.74,170.75,170.59,170.67,127534
2024-02-07 15:52:00,170.67,170.76,170.67,170.72,113018
2024-02-07 15:53:00,170.71,170.72,170.55,170.56,110556
2024-02-07 15:54:00,170.57,170.57,170.34,170.36,234508
2024-02-07 15:55:00,170.35,170.43,170.33,170.35,170958
2024-02-07 15:56:00,170.34,170.38,170.3,170.33,155484
2024-02-07 15:57:00,170.33,170.38,170.32,170.37,179436
2024-02-07 15:58:00,170.38,170.43,170.37,170.4,211330
2024-02-07 15:59:00,170.4,170.53,170.37,170.52,559047
2024-02-08 09:30:00,169.57,169.99,169.54,169.6,826902
2024-02-08 09:31:00,169.61,170.0,169.5,169.59,280761
2024-02-08 09:32:00,169.59,169.65,168.88,168.88,286936
2024-02-08 09:33:00,168.89,169.35,168.88,169.22,201237
2024-02-08 09:34:00,169.22,169.36,169.06,169.13,113533
2024-02-08 09:35:00,169.14,169.49,169.11,169.35,188382
2024-02-08 09:36:00,169.35,169.6,169.25,169.57,157376
2024-02-08 09:37:00,169.58,169.87,169.55,169.87,235557
2024-02-08 09:38:00,169.87,170.05,169.77,169.92,259877
2024-02-08 09:39:00,169.91,169.99,169.75,169.89,188732
2024-02-08 09:40:00,169.88,170.09,169.81,170.05,208489
2024-02-08 09:41:00,170.05,170.24,169.96,170.04,211986
2024-02-08 09:42:00,170.03,170.21,169.93,170.09,143541
2024-02-08 09:43:00,170.09,170.18,170.02,170.07,126459
2024-02-08 09:44:00,170.08,170.16,169.98,169.99,83858
2024-02-08 09:45:00,169.99,170.37,169.99,170.37,310100
2024-02-08 09:46:00,170.37,170.43,170.12,170.15,172068
2024-02-08 09:47:00,170.18,170.23,170.09,170.16,131323
2024-02-08 09:48:00,170.16,170.4,170.11,170.38,120935
2024-02-08 09:49:00,170.38,170.4,170.15,170.31,131866
2024-02-08 09:50:00,170.31,170.49,170.27,170.44,126374
2024-02-08 09:51:00,170.44,170.64,170.29,170.59,239903
2024-02-08 09:52:00,170.58,170.75,170.48,170.73,177837
2024-02-08 09:53:00,170.74,170.83,170.54,170.63,215375
2024-02-08 09:54:00,170.64,170.76,170.63,170.72,92567
2024-02-08 09:55:00,170.72,170.79,170.35,170.35,160807
2024-02-08 09:56:00,170.35,170.55,170.31,170.55,113038
2024-02-08 09:57:00,170.55,170.55,170.32,170.32,111851
2024-02-08 09:58:00,170.33,170.42,170.28,170.35,90107
2024-02-08 09:59:00,170.36,170.42,170.26,170.38,116280
2024-02-08 10:00:00,170.38,170.4,170.06,170.25,121481
2024-02-08 10:01:00,170.24,170.49,170.24,170.45,99880
2024-02-08 10:02:00,170.44,170.59,170.42,170.53,111126
2024-02-08 10:03:00,170.53,170.63,170.47,170.51,129166
2024-02-08 10:04:00,170.51,170.52,170.25,170.37,95842
2024-02-08 10:05:00,170.37,170.53,170.36,170.43,103089
2024-02-08 10:06:00,170.44,170.55,170.34,170.42,119621
2024-02-08 10:07:00,170.44,170.57,170.4,170.57,93565
2024-02-08 10:08:00,170.56,170.69,170.55,170.63,130423
2024-02-08 10:09:00,170.62,170.73,170.58,170.66,126514
2024-02-08 10:10:00,170.67,170.71,170.58,170.58,140429
2024-02-08 10:11:00,170.59,170.76,170.59,170.72,123547
2024-02-08 10:12:00,170.72,170.73,170.64,170.73,100540
2024-02-08 10:13:00,170.73,170.81,170.65,170.78,113857
2024-02-08 10:14:00,170.79,171.07,170.73,170.96,420222
2024-02-08 10:15:00,170.96,171.23,170.94,171.2,197638
2024-02-08 10:16:00,171.2,171.43,171.17,171.27,201220
2024-02-08 10:17:00,171.28,171.31,171.18,171.24,131736
2024-02-08 10:18:00,171.22,171.29,171.13,171.27,123700
2024-02-08 10:19:00,171.27,171.34,171.06,171.09,119553
2024-02-08 10:20:00,171.1,171.24,171.08,171.2,101486
2024-02-08 10:21:00,171.19,171.21,171.03,171.17,82793
2024-02-08 10:22:00,171.17,171.3,171.13,171.16,114301
2024-02-08 10:23:00,171.16,171.2,170.95,170.98,116603
2024-02-08 10:24:00,171.0,171.1,170.93,170.95,146540
2024-02-08 10:25:00,170.96,171.14,170.96,170.99,79524
2024-02-08 10:26:00,171.0,171.0,170.9,170.94,82703
2024-02-08 10:27:00,170.94,170.99,170.9,170.98,67800
2024-02-08 10:28:00,170.98,171.2,170.96,171.19,99997
2024-02-08 10:29:00,171.2,171.23,171.06,171.07,59020
2024-02-08 10:30:00,171.09,171.13,170.91,170.98,78962
2024-02-08 10:31:00,170.97,171.0,170.8,170.81,71526
2024-02-08 10:32:00,170.82,170.9,170.64,170.9,127240
2024-02-08 10:33:00,170.93,170.95,170.78,170.81,57055
2024-02-08 10:34:00,170.8,170.86,170.77,170.83,53843
2024-02-08 10:35:00,170.84,170.95,170.79,170.94,54532
2024-02-08 10:36:00,170.94,171.04,170.93,170.95,86965
2024-02-08 10:37:00,170.95,170.96,170.77,170.79,63740
2024-02-08 10:38:00,170.78,170.79,170.61,170.67,102567
2024-02-08 10:39:00,170.68,170.89,170.67,170.77,83146
2024-02-08 10:40:00,170.78,170.83,170.66,170.81,99008
2024-02-08 10:41:00,170.81,170.81,170.63,170.64,89948
2024-02-08 10:42:00,170.64,170.88,170.61,170.88,81145
2024-02-08 10:43:00,170.88,170.97,170.84,170.87,82676
2024-02-08 10:44:00,170.88,170.99,170.87,170.99,67529
2024-02-08 10:45:00,170.99,170.99,170.84,170.92,51749
2024-02-08 10:46:00,170.93,170.98,170.8,170.86,68261
2024-02-08 10:47:00,170.86,170.94,170.78,170.91,63931
2024-02-08 10:48:00,170.93,171.18,170.9,171.03,126514
2024-02-08 10:49:00,171.02,171.08,170.94,171.05,91613
2024-02-08 10:50:00,171.06,171.09,170.97,171.04,51423
2024-02-08 10:51:00,171.05,171.07,170.98,171.02,55177
2024-02-08 10:52:00,171.01,171.02,170.93,170.95,59220
2024-02-08 10:53:00,170.97,171.02,170.89,170.94,61567
2024-02-08 10:54:00,170.95,171.05,170.94,171.01,63274
2024-02-08 10:55:00,171.01,171.03,170.88,170.89,61409
2024-02-08 10:56:00,170.9,171.0,170.88,170.98,70992
2024-02-08 10:57:00,171.0,171.01,170.9,170.96,57526
2024-02-08 10:58:00,170.95,171.06,170.93,171.06,54292
2024-02-08 10:59:00,171.06,171.12,171.01,171.07,69683
2024-02-08 11:00:00,171.07,171.2,171.05,171.18,103773
2024-02-08 11:01:00,171.17,171.17,171.03,171.11,101923
2024-02-08 11:02:00,171.11,171.18,171.07,171.08,68848
2024-02-08 11:03:00,171.08,171.09,171.02,171.05,53240
2024-02-08 11:04:00,171.06,171.13,171.01,171.12,50517
2024-02-08 11:05:00,171.12,171.13,171.0,171.08,60314
2024-02-08 11:06:00,171.09,171.11,170.9,170.92,43754
2024-02-08 11:07:00,170.9,170.92,170.82,170.82,99230
2024-02-08 11:08:00,170.83,170.9,170.81,170.9,60340
2024-02-08 11:09:00,170.89,170.9,170.78,170.78,73186
2024-02-08 11:10:00,170.79,170.87,170.78,170.86,49016
2024-02-08 11:11:00,170.86,170.9,170.82,170.87,51660
2024-02-08 11:12:00,170.87,170.93,170.83,170.87,55905
2024-02-08 11:13:00,170.88,170.88,170.8,170.84,44191
2024-02-08 11:14:00,170.84,170.88,170.82,170.88,67709
2024-02-08 11:15:00,170.88,170.97,170.87,170.94,49401
2024-02-08 11:16:00,170.94,170.94,170.75,170.8,85861
2024-02-08 11:17:00,170.82,170.84,170.73,170.75,58932
2024-02-08 11:18:00,170.76,170.77,170.66,170.75,49666
2024-02-08 11:19:00,170.74,170.75,170.65,170.66,48371
2024-02-08 11:20:00,170.67,170.87,170.65,170.84,69682
2024-02-08 11:21:00,170.84,170.94,170.8,170.83,63220
2024-02-08 11:22:00,170.83,170.86,170.78,170.84,54775
2024-02-08 11:23:00,170.84,170.96,170.82,170.9,66981
2024-02-08 11:24:00,170.9,170.9,170.83,170.9,47653
2024-02-08 11:25:00,170.9,170.95,170.85,170.86,65842
2024-02-08 11:26:00,170.86,170.86,170.71,170.74,53338
2024-02-08 11:27:00,170.75,170.8,170.72,170.8,66698
2024-02-08 11:28:00,170.8,170.82,170.76,170.81,48030
2024-02-08 11:29:00,170.8,170.83,170.72,170.73,68806
2024-02-08 11:30:00,170.72,170.93,170.72,170.93,69147
2024-02-08 11:31:00,170.92,170.92,170.85,170.87,40016
2024-02-08 11:32:00,170.87,170.99,170.86,170.99,53670
2024-02-08 11:33:00,170.99,171.03,170.95,170.98,52074
2024-02-08 11:34:00,170.99,171.02,170.92,171.01,44425
2024-02-08 11:35:00,171.0,171.05,170.99,171.04,67891
2024-02-08 11:36:00,171.03,171.1,171.0,171.05,52091
2024-02-08 11:37:00,171.06,171.09,171.04,171.08,57210
2024-02-08 11:38:00,171.08,171.1,171.05,171.06,44315
2024-02-08 11:39:00,171.05,171.16,171.04,171.14,68144
2024-02-08 11:40:00,171.13,171.13,171.05,171.07,41217
2024-02-08 11:41:00,171.07,171.13,171.06,171.07,39890
2024-02-08 11:42:00,171.07,171.07,170.96,170.97,51026
2024-02-08 11:43:00,170.98,171.04,170.96,171.02,41217
2024-02-08 11:44:00,171.01,171.02,170.95,170.97,35693
2024-02-08 11:45:00,170.97,170.97,170.9,170.95,30305
2024-02-08 11:46:00,170.96,170.96,170.93,170.94,22872
2024-02-08 11:47:00,170.93,170.96,170.9,170.91,37752
2024-02-08 11:48:00,170.92,170.94,170.88,170.92,48799
2024-02-08 11:49:00,170.92,170.95,170.88,170.94,40571
2024-02-08 11:50:00,170.94,170.97,170.91,170.92,38809
2024-02-08 11:51:00,170.92,170.92,170.84,170.85,50246
2024-02-08 11:52:00,170.85,170.94,170.84,170.92,41489
2024-02-08 11:53:00,170.92,170.93,170.87,170.87,46764
2024-02-08 11:54:00,170.88,170.92,170.87,170.89,36497
2024-02-08 11:55:00,170.89,170.9,170.85,170.86,44561
2024-02-08 11:56:00,170.86,170.88,170.8,170.8,66193
2024-02-08 11:57:00,170.8,170.86,170.8,170.84,48874
2024-02-08 11:58:00,170.84,170.88,170.81,170.81,30734
2024-02-08 11:59:00,170.81,170.85,170.8,170.8,32710
2024-02-08 12:00:00,170.8,170.84,170.76,170.83,53885
2024-02-08 12:01:00,170.82,170.83,170.75,170.79,67126
2024-02-08 12:02:00,170.8,170.85,170.78,170.82,54100
2024-02-08 12:03:00,170.83,170.89,170.79,170.89,48366
2024-02-08 12:04:00,170.9,170.9,170.79,170.8,51221
2024-02-08 12:05:00,170.8,170.81,170.71,170.72,51969
2024-02-08 12:06:00,170.71,170.78,170.64,170.77,86490
2024-02-08 12:07:00,170.76,170.81,170.75,170.75,67407
2024-02-08 12:08:00,170.75,170.76,170.62,170.68,45834
2024-02-08 12:09:00,170.68,170.74,170.64,170.72,30125
2024-02-08 12:10:00,170.72,170.8,170.71,170.71,43425
2024-02-08 12:11:00,170.72,170.79,170.7,170.78,37433
2024-02-08 12:12:00,170.8,170.85,170.79,170.83,41193
2024-02-08 12:13:00,170.84,170.95,170.83,170.95,60744
2024-02-08 12:14:00,170.95,170.95,170.86,170.92,41835
2024-02-08 12:15:00,170.92,170.94,170.86,170.9,43029
2024-02-08 12:16:00,170.89,170.96,170.88,170.94,65193
2024-02-08 12:17:00,170.95,170.99,170.94,170.95,65146
2024-02-08 12:18:00,170.94,170.95,170.91,170.95,41344
2024-02-08 12:19:00,170.95,170.99,170.91,170.97,41537
2024-02-08 12:20:00,170.96,170.96,170.9,170.93,39561
2024-02-08 12:21:00,170.93,170.94,170.83,170.9,49200
2024-02-08 12:22:00,170.9,170.9,170.86,170.9,139140
2024-02-08 12:23:00,170.9,170.91,170.83,170.88,145765
2024-02-08 12:24:00,170.88,170.9,170.87,170.9,81132
2024-02-08 12:25:00,170.89,170.95,170.89,170.94,51367
2024-02-08 12:26:00,170.94,171.07,170.94,171.06,124730
2024-02-08 12:27:00,171.05,171.08,170.96,171.0,49445
2024-02-08 12:28:00,171.01,171.05,170.97,171.01,57101
2024-02-08 12:29:00,171.01,171.02,170.98,171.0,40053
2024-02-08 12:30:00,171.0,171.01,170.93,170.96,42506
2024-02-08 12:31:00,170.96,171.02,170.94,170.96,24792
2024-02-08 12:32:00,170.97,170.97,170.9,170.92,36597
2024-02-08 12:33:00,170.92,170.92,170.84,170.88,30208
2024-02-08 12:34:00,170.88,170.88,170.78,170.8,30480
2024-02-08 12:35:00,170.8,170.81,170.75,170.76,33450
2024-02-08 12:36:00,170.75,170.79,170.69,170.7,36244
2024-02-08 12:37:00,170.7,170.71,170.64,170.67,43504
2024-02-08 12:38:00,170.67,170.67,170.62,170.63,35503
2024-02-08 12:39:00,170.62,170.73,170.62,170.68,56144
2024-02-08 12:40:00,170.68,170.72,170.64,170.67,26723
2024-02-08 12:41:00,170.67,170.67,170.58,170.6,58004
2024-02-08 12:42:00,170.59,170.7,170.59,170.62,40379
2024-02-08 12:43:00,170.62,170.62,170.47,170.48,81479
2024-02-08 12:44:00,170.49,170.54,170.47,170.47,48237
2024-02-08 12:45:00,170.47,170.49,170.4,170.48,70073
2024-02-08 12:46:00,170.47,170.47,170.3,170.3,80045
2024-02-08 12:47:00,170.3,170.32,170.23,170.24,68350
2024-02-08 12:48:00,170.24,170.37,170.23,170.33,51036
2024-02-08 12:49:00,170.33,170.33,170.26,170.3,33175
2024-02-08 12:50:00,170.3,170.4,170.29,170.36,43262
2024-02-08 12:51:00,170.36,170.37,170.31,170.34,26142
2024-02-08 12:52:00,170.34,170.34,170.18,170.22,73793
2024-02-08 12:53:00,170.22,170.24,170.14,170.17,53951
2024-02-08 12:54:00,170.16,170.21,170.11,170.12,41599
2024-02-08 12:55:00,170.11,170.12,170.02,170.03,66032
2024-02-08 12:56:00,170.02,170.1,170.02,170.07,63548
2024-02-08 12:57:00,170.07,170.1,170.02,170.05,43707
2024-02-08 12:58:00,170.06,170.09,170.02,170.03,32499
2024-02-08 12:59:00,170.03,170.07,169.98,170.05,67526
2024-02-08 13:00:00,170.05,170.15,170.03,170.14,38595
2024-02-08 13:01:00,170.14,170.45,170.1,170.44,122366
2024-02-08 13:02:00,170.44,170.47,170.31,170.31,87606
2024-02-08 13:03:00,170.31,170.41,170.27,170.36,54935
2024-02-08 13:04:00,170.36,170.39,170.33,170.33,37366
2024-02-08 13:05:00,170.32,170.4,170.3,170.37,56633
2024-02-08 13:06:00,170.36,170.46,170.36,170.37,48466
2024-02-08 13:07:00,170.36,170.41,170.35,170.39,33654
2024-02-08 13:08:00,170.39,170.39,170.27,170.31,44226
2024-02-08 13:09:00,170.3,170.37,170.28,170.37,32000
2024-02-08 13:10:00,170.37,170.46,170.33,170.42,47379
2024-02-08 13:11:00,170.43,170.43,170.33,170.37,22318
2024-02-08 13:12:00,170.37,170.37,170.28,170.33,35470
2024-02-08 13:13:00,170.34,170.34,170.27,170.27,34795
2024-02-08 13:14:00,170.27,170.34,170.25,170.32,42853
2024-02-08 13:15:00,170.31,170.34,170.27,170.34,39751
2024-02-08 13:16:00,170.34,170.36,170.26,170.27,26968
2024-02-08 13:17:00,170.26,170.33,170.23,170.31,36810
2024-02-08 13:18:00,170.31,170.34,170.24,170.27,67429
2024-02-08 13:19:00,170.27,170.29,170.21,170.23,34129
2024-02-08 13:20:00,170.24,170.29,170.22,170.28,33215
2024-02-08 13:21:00,170.27,170.28,170.23,170.25,36446
2024-02-08 13:22:00,170.25,170.3,170.23,170.26,33805
2024-02-08 13:23:00,170.26,170.33,170.26,170.31,28518
2024-02-08 13:24:00,170.31,170.33,170.27,170.3,46901
2024-02-08 13:25:00,170.3,170.32,170.27,170.32,29093
2024-02-08 13:26:00,170.32,170.33,170.25,170.28,38536
2024-02-08 13:27:00,170.29,170.31,170.25,170.28,25612
2024-02-08 13:28:00,170.29,170.3,170.26,170.27,27684
2024-02-08 13:29:00,170.27,170.27,170.25,170.26,19658
2024-02-08 13:30:00,170.26,170.34,170.25,170.27,36649
2024-02-08 13:31:00,170.26,170.27,170.23,170.25,33628
2024-02-08 13:32:00,170.25,170.26,170.21,170.25,52765
2024-02-08 13:33:00,170.25,170.28,170.22,170.25,34140
2024-02-08 13:34:00,170.25,170.27,170.23,170.24,31812
2024-02-08 13:35:00,170.24,170.24,170.19,170.22,58454
2024-02-08 13:36:00,170.22,170.26,170.2,170.24,32866
2024-02-08 13:37:00,170.25,170.3,170.23,170.27,31157
2024-02-08 13:38:00,170.27,170.34,170.25,170.3,41229
2024-02-08 13:39:00,170.29,170.35,170.28,170.34,34764
2024-02-08 13:40:00,170.33,170.34,170.23,170.24,54833
2024-02-08 13:41:00,170.25,170.28,170.24,170.25,24999
2024-02-08 13:42:00,170.26,170.26,170.11,170.11,67354
2024-02-08 13:43:00,170.11,170.12,170.03,170.05,63433
2024-02-08 13:44:00,170.05,170.05,169.92,169.92,65512
2024-02-08 13:45:00,169.92,169.95,169.89,169.93,61077
2024-02-08 13:46:00,169.92,169.95,169.89,169.89,57793
2024-02-08 13:47:00,169.9,169.92,169.89,169.91,43595
2024-02-08 13:48:00,169.9,169.91,169.87,169.89,47800
2024-02-08 13:49:00,169.88,169.93,169.87,169.9,42110
2024-02-08 13:50:00,169.89,169.91,169.78,169.8,77254
2024-02-08 13:51:00,169.8,169.81,169.74,169.78,67082
2024-02-08 13:52:00,169.79,169.84,169.75,169.84,68702
2024-02-08 13:53:00,169.84,169.86,169.79,169.82,52056
2024-02-08 13:54:00,169.81,169.87,169.77,169.78,49679
2024-02-08 13:55:00,169.78,169.91,169.77,169.87,63627
2024-02-08 13:56:00,169.86,169.86,169.76,169.77,49276
2024-02-08 13:57:00,169.78,169.78,169.71,169.72,49487
2024-02-08 13:58:00,169.72,169.79,169.72,169.75,33818
2024-02-08 13:59:00,169.74,169.8,169.74,169.8,39257
2024-02-08 14:00:00,169.8,169.88,169.79,169.81,49410
2024-02-08 14:01:00,169.81,169.81,169.72,169.75,62242
2024-02-08 14:02:00,169.75,169.76,169.67,169.68,63484
2024-02-08 14:03:00,169.67,169.68,169.57,169.58,65755
2024-02-08 14:04:00,169.57,169.59,169.53,169.59,59524
2024-02-08 14:05:00,169.59,169.59,169.55,169.58,54407
2024-02-08 14:06:00,169.57,169.61,169.52,169.56,46643
2024-02-08 14:07:00,169.56,169.58,169.52,169.53,36772
2024-02-08 14:08:00,169.53,169.53,169.37,169.4,126632
2024-02-08 14:09:00,169.39,169.43,169.36,169.38,61472
2024-02-08 14:10:00,169.38,169.47,169.38,169.41,88256
2024-02-08 14:11:00,169.41,169.52,169.4,169.49,54663
2024-02-08 14:12:00,169.49,169.5,169.4,169.41,45075
2024-02-08 14:13:00,169.41,169.47,169.38,169.44,48491
2024-02-08 14:14:00,169.44,169.45,169.41,169.42,33242
2024-02-08 14:15:00,169.42,169.48,169.42,169.44,75762
2024-02-08 14:16:00,169.44,169.49,169.42,169.48,33057
2024-02-08 14:17:00,169.47,169.53,169.45,169.51,82180
2024-02-08 14:18:00,169.52,169.57,169.49,169.51,60165
2024-02-08 14:19:00,169.52,169.6,169.51,169.56,46514
2024-02-08 14:20:00,169.56,169.75,169.55,169.67,105891
2024-02-08 14:21:00,169.65,169.7,169.64,169.65,43564
2024-02-08 14:22:00,169.66,169.66,169.58,169.62,39490
2024-02-08 14:23:00,169.61,169.65,169.58,169.65,26335
2024-02-08 14:24:00,169.66,169.68,169.6,169.62,27887
2024-02-08 14:25:00,169.61,169.66,169.61,169.64,29224
2024-02-08 14:26:00,169.64,169.7,169.63,169.64,41961
2024-02-08 14:27:00,169.64,169.74,169.63,169.69,72830
2024-02-08 14:28:00,169.69,169.75,169.68,169.74,41140
2024-02-08 14:29:00,169.73,169.8,169.72,169.77,47499
2024-02-08 14:30:00,169.77,169.84,169.76,169.82,44699
2024-02-08 14:31:00,169.83,169.83,169.77,169.81,67767
2024-02-08 14:32:00,169.81,169.82,169.78,169.81,68836
2024-02-08 14:33:00,169.81,169.84,169.78,169.79,27081
2024-02-08 14:34:00,169.78,169.79,169.72,169.75,36363
2024-02-08 14:35:00,169.75,169.76,169.68,169.74,33484
2024-02-08 14:36:00,169.74,169.8,169.71,169.79,30383
2024-02-08 14:37:00,169.8,169.8,169.7,169.71,24674
2024-02-08 14:38:00,169.71,169.84,169.69,169.82,35012
2024-02-08 14:39:00,169.83,169.89,169.82,169.89,42713
2024-02-08 14:40:00,169.89,169.97,169.88,169.97,63040
2024-02-08 14:41:00,169.97,169.97,169.91,169.93,58168
2024-02-08 14:42:00,169.92,169.97,169.92,169.95,43101
2024-02-08 14:43:00,169.95,170.02,169.94,170.0,56278
2024-02-08 14:44:00,169.99,170.0,169.95,169.96,36655
2024-02-08 14:45:00,169.96,170.02,169.95,170.01,50243
2024-02-08 14:46:00,170.01,170.05,169.97,170.02,45244
2024-02-08 14:47:00,170.03,170.09,170.01,170.08,55847
2024-02-08 14:48:00,170.08,170.08,170.01,170.02,52561
2024-02-08 14:49:00,170.02,170.02,169.94,169.99,30495
2024-02-08 14:50:00,169.98,170.04,169.98,170.02,29293
2024-02-08 14:51:00,170.02,170.1,170.01,170.06,51579
2024-02-08 14:52:00,170.05,170.07,170.02,170.03,40947
2024-02-08 14:53:00,170.02,170.03,169.95,169.97,39195
2024-02-08 14:54:00,169.98,170.04,169.97,170.03,36565
2024-02-08 14:55:00,170.04,170.05,169.99,170.03,24230
2024-02-08 14:56:00,170.03,170.04,170.01,170.04,22398
2024-02-08 14:57:00,170.04,170.1,170.04,170.09,58143
2024-02-08 14:58:00,170.09,170.1,170.03,170.05,44422
2024-02-08 14:59:00,170.05,170.06,170.01,170.02,35911
2024-02-08 15:00:00,170.02,170.06,170.02,170.05,35220
2024-02-08 15:01:00,170.05,170.08,170.01,170.08,42236
2024-02-08 15:02:00,170.08,170.14,170.08,170.1,50365
2024-02-08 15:03:00,170.11,170.16,170.1,170.15,60313
2024-02-08 15:04:00,170.17,170.27,170.17,170.21,85203
2024-02-08 15:05:00,170.21,170.34,170.17,170.31,86569
2024-02-08 15:06:00,170.31,170.32,170.22,170.23,46269
2024-02-08 15:07:00,170.24,170.3,170.23,170.25,43574
2024-02-08 15:08:00,170.25,170.3,170.24,170.3,39788
2024-02-08 15:09:00,170.3,170.35,170.29,170.31,73437
2024-02-08 15:10:00,170.31,170.33,170.29,170.3,45515
2024-02-08 15:11:00,170.3,170.4,170.29,170.34,65123
2024-02-08 15:12:00,170.34,170.39,170.33,170.38,42130
2024-02-08 15:13:00,170.38,170.38,170.31,170.31,58836
2024-02-08 15:14:00,170.31,170.33,170.07,170.13,161124
2024-02-08 15:15:00,170.12,170.13,170.01,170.06,93162
2024-02-08 15:16:00,170.06,170.18,170.05,170.17,58899
2024-02-08 15:17:00,170.17,170.26,170.13,170.15,69057
2024-02-08 15:18:00,170.15,170.2,170.14,170.16,36390
2024-02-08 15:19:00,170.15,170.21,170.13,170.18,51231
2024-02-08 15:20:00,170.18,170.24,170.17,170.23,54493
2024-02-08 15:21:00,170.24,170.26,170.18,170.25,38806
2024-02-08 15:22:00,170.25,170.28,170.23,170.24,35392
2024-02-08 15:23:00,170.25,170.27,170.23,170.25,48641
2024-02-08 15:24:00,170.24,170.31,170.23,170.26,60685
2024-02-08 15:25:00,170.25,170.26,170.2,170.26,39740
2024-02-08 15:26:00,170.27,170.31,170.24,170.27,46682
2024-02-08 15:27:00,170.26,170.28,170.23,170.27,37322
2024-02-08 15:28:00,170.27,170.3,170.24,170.28,37979
2024-02-08 15:29:00,170.27,170.28,170.2,170.21,47111
2024-02-08 15:30:00,170.21,170.27,170.21,170.25,55568
2024-02-08 15:31:00,170.25,170.25,170.17,170.19,78242
2024-02-08 15:32:00,170.19,170.21,170.17,170.17,50941
2024-02-08 15:33:00,170.18,170.18,170.11,170.13,88527
2024-02-08 15:34:00,170.12,170.17,170.11,170.13,59183
2024-02-08 15:35:00,170.13,170.15,170.11,170.13,76769
2024-02-08 15:36:00,170.13,170.16,170.05,170.09,94588
2024-02-08 15:37:00,170.09,170.13,170.06,170.08,82851
2024-02-08 15:38:00,170.07,170.11,170.01,170.02,75071
2024-02-08 15:39:00,170.03,170.07,170.0,170.03,101447
2024-02-08 15:40:00,170.02,170.07,169.96,169.96,75040
2024-02-08 15:41:00,169.97,170.0,169.96,169.99,68246
2024-02-08 15:42:00,169.99,169.99,169.94,169.98,66442
2024-02-08 15:43:00,169.99,169.99,169.95,169.95,57378
2024-02-08 15:44:00,169.95,170.01,169.94,170.0,73726
2024-02-08 15:45:00,170.0,170.0,169.95,169.98,63106
2024-02-08 15:46:00,169.99,170.08,169.96,170.06,75247
2024-02-08 15:47:00,170.05,170.06,170.0,170.02,76136
2024-02-08 15:48:00,170.02,170.16,170.02,170.14,86469
2024-02-08 15:49:00,170.14,170.14,170.02,170.03,72702
2024-02-08 15:50:00,170.03,170.19,170.0,170.18,135520
2024-02-08 15:51:00,170.18,170.28,170.16,170.18,126051
2024-02-08 15:52:00,170.18,170.23,170.11,170.12,98475
2024-02-08 15:53:00,170.11,170.11,170.04,170.06,100626
2024-02-08 15:54:00,170.07,170.08,169.74,169.77,332118
2024-02-08 15:55:00,169.78,169.94,169.75,169.79,259797
2024-02-08 15:56:00,169.79,169.85,169.71,169.79,190103
2024-02-08 15:57:00,169.79,169.81,169.67,169.71,236443
2024-02-08 15:58:00,169.71,169.75,169.65,169.73,301085
2024-02-08 15:59:00,169.72,169.96,169.72,169.83,763475
